{"pairwiseComparisions": "{\"F\": {\"C\": \"<h1>Pairwise Comparison</h1><h2>Comparing actions : (F,C)</h2><table style=\\\"background-color:White\\\" border=\\\"1\\\"><tr bgcolor=\\\"#9acd32\\\"><th>crit.</th><th>wght.</th> <th>g(x)</th> <th>g(y)</th> <th>diff</th> <th>ind</th> <th>wp</th> <th>p</th> <th>concord</th> <th>wv</th> <th>v</th> <th>polarisation</th></tr><tr><td bgcolor=\\\"#FFEEAA\\\" align=\\\"center\\\">C</td> <td>3.00</td> <td>-18600.00</td> <td>-6700.00</td> <td>-11900.00</td> <td>1000.00</td>  <td>None</td>  <td>2500.00</td>   <td>-3.00</td></tr><tr><td bgcolor=\\\"#FFEEAA\\\" align=\\\"center\\\">Cf</td> <td>1.00</td> <td>80.00</td> <td>10.00</td> <td>+70.00</td> <td>10.00</td>  <td>None</td>  <td>20.00</td>   <td>+1.00</td></tr><tr><td bgcolor=\\\"#FFEEAA\\\" align=\\\"center\\\">P</td> <td>1.00</td> <td>0.00</td> <td>100.00</td> <td>-100.00</td> <td>10.00</td>  <td>None</td>  <td>20.00</td>   <td>-1.00</td><td></td> <td> 80.00</td> <td bgcolor=\\\"#ffddff\\\">-1.00</td><tr><td bgcolor=\\\"#FFEEAA\\\" align=\\\"center\\\">Pr</td> <td>1.00</td> <td>0.00</td> <td>80.00</td> <td>-80.00</td> <td>10.00</td>  <td>None</td>  <td>20.00</td>   <td>-1.00</td><td></td> <td> 80.00</td> <td bgcolor=\\\"#ffddff\\\">-1.00</td><tr><td bgcolor=\\\"#FFEEAA\\\" align=\\\"center\\\">St</td> <td>1.00</td> <td>70.00</td> <td>0.00</td> <td>+70.00</td> <td>10.00</td>  <td>None</td>  <td>20.00</td>   <td>+1.00</td></tr><tr><td bgcolor=\\\"#FFEEAA\\\" align=\\\"center\\\">V</td> <td>1.00</td> <td>0.00</td> <td>70.00</td> <td>-70.00</td> <td>10.00</td>  <td>None</td>  <td>20.00</td>   <td>-1.00</td></tr><tr><td bgcolor=\\\"#FFEEAA\\\" align=\\\"center\\\">W</td> <td>1.00</td> <td>0.00</td> <td>0.00</td> <td>+0.00</td> <td>10.00</td>  <td>None</td>  <td>20.00</td>   <td>+1.00</td></tr></tr></table><b>Valuation in range: -9.00 to +9.00; global concordance: -3.00 </b>\", \"A\": \"<h1>Pairwise Comparison</h1><h2>Comparing actions : (F,A)</h2><table style=\\\"background-color:White\\\" border=\\\"1\\\"><tr bgcolor=\\\"#9acd32\\\"><th>crit.</th><th>wght.</th> <th>g(x)</th> <th>g(y)</th> <th>diff</th> <th>ind</th> <th>wp</th> <th>p</th> <th>concord</th> <th>wv</th> <th>v</th> <th>polarisation</th></tr><tr><td bgcolor=\\\"#FFEEAA\\\" align=\\\"center\\\">C</td> <td>3.00</td> <td>-18600.00</td> <td>-35000.00</td> <td>+16400.00</td> <td>1000.00</td>  <td>None</td>  <td>2500.00</td>   <td>+3.00</td></tr><tr><td bgcolor=\\\"#FFEEAA\\\" align=\\\"center\\\">Cf</td> <td>1.00</td> <td>80.00</td> <td>0.00</td> <td>+80.00</td> <td>10.00</td>  <td>None</td>  <td>20.00</td>   <td>+1.00</td><td></td> <td> 80.00</td> <td bgcolor=\\\"#ddffdd\\\">+1.00</td><tr><td bgcolor=\\\"#FFEEAA\\\" align=\\\"center\\\">P</td> <td>1.00</td> <td>0.00</td> <td>90.00</td> <td>-90.00</td> <td>10.00</td>  <td>None</td>  <td>20.00</td>   <td>-1.00</td><td></td> <td> 80.00</td> <td bgcolor=\\\"#ffddff\\\">-1.00</td><tr><td bgcolor=\\\"#FFEEAA\\\" align=\\\"center\\\">Pr</td> <td>1.00</td> <td>0.00</td> <td>100.00</td> <td>-100.00</td> <td>10.00</td>  <td>None</td>  <td>20.00</td>   <td>-1.00</td><td></td> <td> 80.00</td> <td bgcolor=\\\"#ffddff\\\">-1.00</td><tr><td bgcolor=\\\"#FFEEAA\\\" align=\\\"center\\\">St</td> <td>1.00</td> <td>70.00</td> <td>100.00</td> <td>-30.00</td> <td>10.00</td>  <td>None</td>  <td>20.00</td>   <td>-1.00</td></tr><tr><td bgcolor=\\\"#FFEEAA\\\" align=\\\"center\\\">V</td> <td>1.00</td> <td>0.00</td> <td>60.00</td> <td>-60.00</td> <td>10.00</td>  <td>None</td>  <td>20.00</td>   <td>-1.00</td></tr><tr><td bgcolor=\\\"#FFEEAA\\\" align=\\\"center\\\">W</td> <td>1.00</td> <td>0.00</td> <td>75.00</td> <td>-75.00</td> <td>10.00</td>  <td>None</td>  <td>20.00</td>   <td>-1.00</td></tr></tr></table><b>Valuation in range: -9.00 to +9.00; global concordance: -1.00 </b>\", \"B\": \"<h1>Pairwise Comparison</h1><h2>Comparing actions : (F,B)</h2><table style=\\\"background-color:White\\\" border=\\\"1\\\"><tr bgcolor=\\\"#9acd32\\\"><th>crit.</th><th>wght.</th> <th>g(x)</th> <th>g(y)</th> <th>diff</th> <th>ind</th> <th>wp</th> <th>p</th> <th>concord</th> <th>wv</th> <th>v</th> <th>polarisation</th></tr><tr><td bgcolor=\\\"#FFEEAA\\\" align=\\\"center\\\">C</td> <td>3.00</td> <td>-18600.00</td> <td>-17800.00</td> <td>-800.00</td> <td>1000.00</td>  <td>None</td>  <td>2500.00</td>   <td>+3.00</td></tr><tr><td bgcolor=\\\"#FFEEAA\\\" align=\\\"center\\\">Cf</td> <td>1.00</td> <td>80.00</td> <td>100.00</td> <td>-20.00</td> <td>10.00</td>  <td>None</td>  <td>20.00</td>   <td>-1.00</td></tr><tr><td bgcolor=\\\"#FFEEAA\\\" align=\\\"center\\\">P</td> <td>1.00</td> <td>0.00</td> <td>30.00</td> <td>-30.00</td> <td>10.00</td>  <td>None</td>  <td>20.00</td>   <td>-1.00</td></tr><tr><td bgcolor=\\\"#FFEEAA\\\" align=\\\"center\\\">Pr</td> <td>1.00</td> <td>0.00</td> <td>20.00</td> <td>-20.00</td> <td>10.00</td>  <td>None</td>  <td>20.00</td>   <td>-1.00</td></tr><tr><td bgcolor=\\\"#FFEEAA\\\" align=\\\"center\\\">St</td> <td>1.00</td> <td>70.00</td> <td>10.00</td> <td>+60.00</td> <td>10.00</td>  <td>None</td>  <td>20.00</td>   <td>+1.00</td></tr><tr><td bgcolor=\\\"#FFEEAA\\\" align=\\\"center\\\">V</td> <td>1.00</td> <td>0.00</td> <td>80.00</td> <td>-80.00</td> <td>10.00</td>  <td>None</td>  <td>20.00</td>   <td>-1.00</td><td></td> <td> 80.00</td> <td bgcolor=\\\"#ffddff\\\">-1.00</td><tr><td bgcolor=\\\"#FFEEAA\\\" align=\\\"center\\\">W</td> <td>1.00</td> <td>0.00</td> <td>30.00</td> <td>-30.00</td> <td>10.00</td>  <td>None</td>  <td>20.00</td>   <td>-1.00</td></tr></tr></table><b>Valuation in range: -9.00 to +9.00; global concordance: -1.00 </b>\", \"D\": \"<h1>Pairwise Comparison</h1><h2>Comparing actions : (F,D)</h2><table style=\\\"background-color:White\\\" border=\\\"1\\\"><tr bgcolor=\\\"#9acd32\\\"><th>crit.</th><th>wght.</th> <th>g(x)</th> <th>g(y)</th> <th>diff</th> <th>ind</th> <th>wp</th> <th>p</th> <th>concord</th> <th>wv</th> <th>v</th> <th>polarisation</th></tr><tr><td bgcolor=\\\"#FFEEAA\\\" align=\\\"center\\\">C</td> <td>3.00</td> <td>-18600.00</td> <td>-14100.00</td> <td>-4500.00</td> <td>1000.00</td>  <td>None</td>  <td>2500.00</td>   <td>-3.00</td></tr><tr><td bgcolor=\\\"#FFEEAA\\\" align=\\\"center\\\">Cf</td> <td>1.00</td> <td>80.00</td> <td>30.00</td> <td>+50.00</td> <td>10.00</td>  <td>None</td>  <td>20.00</td>   <td>+1.00</td></tr><tr><td bgcolor=\\\"#FFEEAA\\\" align=\\\"center\\\">P</td> <td>1.00</td> <td>0.00</td> <td>90.00</td> <td>-90.00</td> <td>10.00</td>  <td>None</td>  <td>20.00</td>   <td>-1.00</td><td></td> <td> 80.00</td> <td bgcolor=\\\"#ffddff\\\">-1.00</td><tr><td bgcolor=\\\"#FFEEAA\\\" align=\\\"center\\\">Pr</td> <td>1.00</td> <td>0.00</td> <td>70.00</td> <td>-70.00</td> <td>10.00</td>  <td>None</td>  <td>20.00</td>   <td>-1.00</td></tr><tr><td bgcolor=\\\"#FFEEAA\\\" align=\\\"center\\\">St</td> <td>1.00</td> <td>70.00</td> <td>30.00</td> <td>+40.00</td> <td>10.00</td>  <td>None</td>  <td>20.00</td>   <td>+1.00</td></tr><tr><td bgcolor=\\\"#FFEEAA\\\" align=\\\"center\\\">V</td> <td>1.00</td> <td>0.00</td> <td>50.00</td> <td>-50.00</td> <td>10.00</td>  <td>None</td>  <td>20.00</td>   <td>-1.00</td></tr><tr><td bgcolor=\\\"#FFEEAA\\\" align=\\\"center\\\">W</td> <td>1.00</td> <td>0.00</td> <td>55.00</td> <td>-55.00</td> <td>10.00</td>  <td>None</td>  <td>20.00</td>   <td>-1.00</td></tr></tr></table><b>Valuation in range: -9.00 to +9.00; global concordance: -5.00 </b>\", \"E\": \"<h1>Pairwise Comparison</h1><h2>Comparing actions : (F,E)</h2><table style=\\\"background-color:White\\\" border=\\\"1\\\"><tr bgcolor=\\\"#9acd32\\\"><th>crit.</th><th>wght.</th> <th>g(x)</th> <th>g(y)</th> <th>diff</th> <th>ind</th> <th>wp</th> <th>p</th> <th>concord</th> <th>wv</th> <th>v</th> <th>polarisation</th></tr><tr><td bgcolor=\\\"#FFEEAA\\\" align=\\\"center\\\">C</td> <td>3.00</td> <td>-18600.00</td> <td>-34800.00</td> <td>+16200.00</td> <td>1000.00</td>  <td>None</td>  <td>2500.00</td>   <td>+3.00</td></tr><tr><td bgcolor=\\\"#FFEEAA\\\" align=\\\"center\\\">Cf</td> <td>1.00</td> <td>80.00</td> <td>60.00</td> <td>+20.00</td> <td>10.00</td>  <td>None</td>  <td>20.00</td>   <td>+1.00</td></tr><tr><td bgcolor=\\\"#FFEEAA\\\" align=\\\"center\\\">P</td> <td>1.00</td> <td>0.00</td> <td>70.00</td> <td>-70.00</td> <td>10.00</td>  <td>None</td>  <td>20.00</td>   <td>-1.00</td></tr><tr><td bgcolor=\\\"#FFEEAA\\\" align=\\\"center\\\">Pr</td> <td>1.00</td> <td>0.00</td> <td>40.00</td> <td>-40.00</td> <td>10.00</td>  <td>None</td>  <td>20.00</td>   <td>-1.00</td></tr><tr><td bgcolor=\\\"#FFEEAA\\\" align=\\\"center\\\">St</td> <td>1.00</td> <td>70.00</td> <td>90.00</td> <td>-20.00</td> <td>10.00</td>  <td>None</td>  <td>20.00</td>   <td>-1.00</td></tr><tr><td bgcolor=\\\"#FFEEAA\\\" align=\\\"center\\\">V</td> <td>1.00</td> <td>0.00</td> <td>60.00</td> <td>-60.00</td> <td>10.00</td>  <td>None</td>  <td>20.00</td>   <td>-1.00</td></tr><tr><td bgcolor=\\\"#FFEEAA\\\" align=\\\"center\\\">W</td> <td>1.00</td> <td>0.00</td> <td>100.00</td> <td>-100.00</td> <td>10.00</td>  <td>None</td>  <td>20.00</td>   <td>-1.00</td><td></td> <td> 80.00</td> <td bgcolor=\\\"#ffddff\\\">-1.00</td></tr></table><b>Valuation in range: -9.00 to +9.00; global concordance: -1.00 </b>\", \"G\": \"<h1>Pairwise Comparison</h1><h2>Comparing actions : (F,G)</h2><table style=\\\"background-color:White\\\" border=\\\"1\\\"><tr bgcolor=\\\"#9acd32\\\"><th>crit.</th><th>wght.</th> <th>g(x)</th> <th>g(y)</th> <th>diff</th> <th>ind</th> <th>wp</th> <th>p</th> <th>concord</th> <th>wv</th> <th>v</th> <th>polarisation</th></tr><tr><td bgcolor=\\\"#FFEEAA\\\" align=\\\"center\\\">C</td> <td>3.00</td> <td>-18600.00</td> <td>-12000.00</td> <td>-6600.00</td> <td>1000.00</td>  <td>None</td>  <td>2500.00</td>   <td>-3.00</td></tr><tr><td bgcolor=\\\"#FFEEAA\\\" align=\\\"center\\\">Cf</td> <td>1.00</td> <td>80.00</td> <td>50.00</td> <td>+30.00</td> <td>10.00</td>  <td>None</td>  <td>20.00</td>   <td>+1.00</td></tr><tr><td bgcolor=\\\"#FFEEAA\\\" align=\\\"center\\\">P</td> <td>1.00</td> <td>0.00</td> <td>80.00</td> <td>-80.00</td> <td>10.00</td>  <td>None</td>  <td>20.00</td>   <td>-1.00</td><td></td> <td> 80.00</td> <td bgcolor=\\\"#ffddff\\\">-1.00</td><tr><td bgcolor=\\\"#FFEEAA\\\" align=\\\"center\\\">Pr</td> <td>1.00</td> <td>0.00</td> <td>60.00</td> <td>-60.00</td> <td>10.00</td>  <td>None</td>  <td>20.00</td>   <td>-1.00</td></tr><tr><td bgcolor=\\\"#FFEEAA\\\" align=\\\"center\\\">St</td> <td>1.00</td> <td>70.00</td> <td>20.00</td> <td>+50.00</td> <td>10.00</td>  <td>None</td>  <td>20.00</td>   <td>+1.00</td></tr><tr><td bgcolor=\\\"#FFEEAA\\\" align=\\\"center\\\">V</td> <td>1.00</td> <td>0.00</td> <td>100.00</td> <td>-100.00</td> <td>10.00</td>  <td>None</td>  <td>20.00</td>   <td>-1.00</td><td></td> <td> 80.00</td> <td bgcolor=\\\"#ffddff\\\">-1.00</td><tr><td bgcolor=\\\"#FFEEAA\\\" align=\\\"center\\\">W</td> <td>1.00</td> <td>0.00</td> <td>50.00</td> <td>-50.00</td> <td>10.00</td>  <td>None</td>  <td>20.00</td>   <td>-1.00</td></tr></tr></table><b>Valuation in range: -9.00 to +9.00; global concordance: -5.00 </b>\"}, \"C\": {\"F\": \"<h1>Pairwise Comparison</h1><h2>Comparing actions : (C,F)</h2><table style=\\\"background-color:White\\\" border=\\\"1\\\"><tr bgcolor=\\\"#9acd32\\\"><th>crit.</th><th>wght.</th> <th>g(x)</th> <th>g(y)</th> <th>diff</th> <th>ind</th> <th>wp</th> <th>p</th> <th>concord</th> <th>wv</th> <th>v</th> <th>polarisation</th></tr><tr><td bgcolor=\\\"#FFEEAA\\\" align=\\\"center\\\">C</td> <td>3.00</td> <td>-6700.00</td> <td>-18600.00</td> <td>+11900.00</td> <td>1000.00</td>  <td>None</td>  <td>2500.00</td>   <td>+3.00</td></tr><tr><td bgcolor=\\\"#FFEEAA\\\" align=\\\"center\\\">Cf</td> <td>1.00</td> <td>10.00</td> <td>80.00</td> <td>-70.00</td> <td>10.00</td>  <td>None</td>  <td>20.00</td>   <td>-1.00</td></tr><tr><td bgcolor=\\\"#FFEEAA\\\" align=\\\"center\\\">P</td> <td>1.00</td> <td>100.00</td> <td>0.00</td> <td>+100.00</td> <td>10.00</td>  <td>None</td>  <td>20.00</td>   <td>+1.00</td><td></td> <td> 80.00</td> <td bgcolor=\\\"#ddffdd\\\">+1.00</td><tr><td bgcolor=\\\"#FFEEAA\\\" align=\\\"center\\\">Pr</td> <td>1.00</td> <td>80.00</td> <td>0.00</td> <td>+80.00</td> <td>10.00</td>  <td>None</td>  <td>20.00</td>   <td>+1.00</td><td></td> <td> 80.00</td> <td bgcolor=\\\"#ddffdd\\\">+1.00</td><tr><td bgcolor=\\\"#FFEEAA\\\" align=\\\"center\\\">St</td> <td>1.00</td> <td>0.00</td> <td>70.00</td> <td>-70.00</td> <td>10.00</td>  <td>None</td>  <td>20.00</td>   <td>-1.00</td></tr><tr><td bgcolor=\\\"#FFEEAA\\\" align=\\\"center\\\">V</td> <td>1.00</td> <td>70.00</td> <td>0.00</td> <td>+70.00</td> <td>10.00</td>  <td>None</td>  <td>20.00</td>   <td>+1.00</td></tr><tr><td bgcolor=\\\"#FFEEAA\\\" align=\\\"center\\\">W</td> <td>1.00</td> <td>0.00</td> <td>0.00</td> <td>+0.00</td> <td>10.00</td>  <td>None</td>  <td>20.00</td>   <td>+1.00</td></tr></tr></table><b>Valuation in range: -9.00 to +9.00; global concordance: +5.00 </b>\", \"A\": \"<h1>Pairwise Comparison</h1><h2>Comparing actions : (C,A)</h2><table style=\\\"background-color:White\\\" border=\\\"1\\\"><tr bgcolor=\\\"#9acd32\\\"><th>crit.</th><th>wght.</th> <th>g(x)</th> <th>g(y)</th> <th>diff</th> <th>ind</th> <th>wp</th> <th>p</th> <th>concord</th> <th>wv</th> <th>v</th> <th>polarisation</th></tr><tr><td bgcolor=\\\"#FFEEAA\\\" align=\\\"center\\\">C</td> <td>3.00</td> <td>-6700.00</td> <td>-35000.00</td> <td>+28300.00</td> <td>1000.00</td>  <td>None</td>  <td>2500.00</td>   <td>+3.00</td></tr><tr><td bgcolor=\\\"#FFEEAA\\\" align=\\\"center\\\">Cf</td> <td>1.00</td> <td>10.00</td> <td>0.00</td> <td>+10.00</td> <td>10.00</td>  <td>None</td>  <td>20.00</td>   <td>+1.00</td></tr><tr><td bgcolor=\\\"#FFEEAA\\\" align=\\\"center\\\">P</td> <td>1.00</td> <td>100.00</td> <td>90.00</td> <td>+10.00</td> <td>10.00</td>  <td>None</td>  <td>20.00</td>   <td>+1.00</td></tr><tr><td bgcolor=\\\"#FFEEAA\\\" align=\\\"center\\\">Pr</td> <td>1.00</td> <td>80.00</td> <td>100.00</td> <td>-20.00</td> <td>10.00</td>  <td>None</td>  <td>20.00</td>   <td>-1.00</td></tr><tr><td bgcolor=\\\"#FFEEAA\\\" align=\\\"center\\\">St</td> <td>1.00</td> <td>0.00</td> <td>100.00</td> <td>-100.00</td> <td>10.00</td>  <td>None</td>  <td>20.00</td>   <td>-1.00</td><td></td> <td> 80.00</td> <td bgcolor=\\\"#ffddff\\\">-1.00</td><tr><td bgcolor=\\\"#FFEEAA\\\" align=\\\"center\\\">V</td> <td>1.00</td> <td>70.00</td> <td>60.00</td> <td>+10.00</td> <td>10.00</td>  <td>None</td>  <td>20.00</td>   <td>+1.00</td></tr><tr><td bgcolor=\\\"#FFEEAA\\\" align=\\\"center\\\">W</td> <td>1.00</td> <td>0.00</td> <td>75.00</td> <td>-75.00</td> <td>10.00</td>  <td>None</td>  <td>20.00</td>   <td>-1.00</td></tr></tr></table><b>Valuation in range: -9.00 to +9.00; global concordance: +3.00 </b>\", \"B\": \"<h1>Pairwise Comparison</h1><h2>Comparing actions : (C,B)</h2><table style=\\\"background-color:White\\\" border=\\\"1\\\"><tr bgcolor=\\\"#9acd32\\\"><th>crit.</th><th>wght.</th> <th>g(x)</th> <th>g(y)</th> <th>diff</th> <th>ind</th> <th>wp</th> <th>p</th> <th>concord</th> <th>wv</th> <th>v</th> <th>polarisation</th></tr><tr><td bgcolor=\\\"#FFEEAA\\\" align=\\\"center\\\">C</td> <td>3.00</td> <td>-6700.00</td> <td>-17800.00</td> <td>+11100.00</td> <td>1000.00</td>  <td>None</td>  <td>2500.00</td>   <td>+3.00</td></tr><tr><td bgcolor=\\\"#FFEEAA\\\" align=\\\"center\\\">Cf</td> <td>1.00</td> <td>10.00</td> <td>100.00</td> <td>-90.00</td> <td>10.00</td>  <td>None</td>  <td>20.00</td>   <td>-1.00</td><td></td> <td> 80.00</td> <td bgcolor=\\\"#ffddff\\\">-1.00</td><tr><td bgcolor=\\\"#FFEEAA\\\" align=\\\"center\\\">P</td> <td>1.00</td> <td>100.00</td> <td>30.00</td> <td>+70.00</td> <td>10.00</td>  <td>None</td>  <td>20.00</td>   <td>+1.00</td></tr><tr><td bgcolor=\\\"#FFEEAA\\\" align=\\\"center\\\">Pr</td> <td>1.00</td> <td>80.00</td> <td>20.00</td> <td>+60.00</td> <td>10.00</td>  <td>None</td>  <td>20.00</td>   <td>+1.00</td></tr><tr><td bgcolor=\\\"#FFEEAA\\\" align=\\\"center\\\">St</td> <td>1.00</td> <td>0.00</td> <td>10.00</td> <td>-10.00</td> <td>10.00</td>  <td>None</td>  <td>20.00</td>   <td>+1.00</td></tr><tr><td bgcolor=\\\"#FFEEAA\\\" align=\\\"center\\\">V</td> <td>1.00</td> <td>70.00</td> <td>80.00</td> <td>-10.00</td> <td>10.00</td>  <td>None</td>  <td>20.00</td>   <td>+1.00</td></tr><tr><td bgcolor=\\\"#FFEEAA\\\" align=\\\"center\\\">W</td> <td>1.00</td> <td>0.00</td> <td>30.00</td> <td>-30.00</td> <td>10.00</td>  <td>None</td>  <td>20.00</td>   <td>-1.00</td></tr></tr></table><b>Valuation in range: -9.00 to +9.00; global concordance: +5.00 </b>\", \"D\": \"<h1>Pairwise Comparison</h1><h2>Comparing actions : (C,D)</h2><table style=\\\"background-color:White\\\" border=\\\"1\\\"><tr bgcolor=\\\"#9acd32\\\"><th>crit.</th><th>wght.</th> <th>g(x)</th> <th>g(y)</th> <th>diff</th> <th>ind</th> <th>wp</th> <th>p</th> <th>concord</th> <th>wv</th> <th>v</th> <th>polarisation</th></tr><tr><td bgcolor=\\\"#FFEEAA\\\" align=\\\"center\\\">C</td> <td>3.00</td> <td>-6700.00</td> <td>-14100.00</td> <td>+7400.00</td> <td>1000.00</td>  <td>None</td>  <td>2500.00</td>   <td>+3.00</td></tr><tr><td bgcolor=\\\"#FFEEAA\\\" align=\\\"center\\\">Cf</td> <td>1.00</td> <td>10.00</td> <td>30.00</td> <td>-20.00</td> <td>10.00</td>  <td>None</td>  <td>20.00</td>   <td>-1.00</td></tr><tr><td bgcolor=\\\"#FFEEAA\\\" align=\\\"center\\\">P</td> <td>1.00</td> <td>100.00</td> <td>90.00</td> <td>+10.00</td> <td>10.00</td>  <td>None</td>  <td>20.00</td>   <td>+1.00</td></tr><tr><td bgcolor=\\\"#FFEEAA\\\" align=\\\"center\\\">Pr</td> <td>1.00</td> <td>80.00</td> <td>70.00</td> <td>+10.00</td> <td>10.00</td>  <td>None</td>  <td>20.00</td>   <td>+1.00</td></tr><tr><td bgcolor=\\\"#FFEEAA\\\" align=\\\"center\\\">St</td> <td>1.00</td> <td>0.00</td> <td>30.00</td> <td>-30.00</td> <td>10.00</td>  <td>None</td>  <td>20.00</td>   <td>-1.00</td></tr><tr><td bgcolor=\\\"#FFEEAA\\\" align=\\\"center\\\">V</td> <td>1.00</td> <td>70.00</td> <td>50.00</td> <td>+20.00</td> <td>10.00</td>  <td>None</td>  <td>20.00</td>   <td>+1.00</td></tr><tr><td bgcolor=\\\"#FFEEAA\\\" align=\\\"center\\\">W</td> <td>1.00</td> <td>0.00</td> <td>55.00</td> <td>-55.00</td> <td>10.00</td>  <td>None</td>  <td>20.00</td>   <td>-1.00</td></tr></tr></table><b>Valuation in range: -9.00 to +9.00; global concordance: +3.00 </b>\", \"E\": \"<h1>Pairwise Comparison</h1><h2>Comparing actions : (C,E)</h2><table style=\\\"background-color:White\\\" border=\\\"1\\\"><tr bgcolor=\\\"#9acd32\\\"><th>crit.</th><th>wght.</th> <th>g(x)</th> <th>g(y)</th> <th>diff</th> <th>ind</th> <th>wp</th> <th>p</th> <th>concord</th> <th>wv</th> <th>v</th> <th>polarisation</th></tr><tr><td bgcolor=\\\"#FFEEAA\\\" align=\\\"center\\\">C</td> <td>3.00</td> <td>-6700.00</td> <td>-34800.00</td> <td>+28100.00</td> <td>1000.00</td>  <td>None</td>  <td>2500.00</td>   <td>+3.00</td></tr><tr><td bgcolor=\\\"#FFEEAA\\\" align=\\\"center\\\">Cf</td> <td>1.00</td> <td>10.00</td> <td>60.00</td> <td>-50.00</td> <td>10.00</td>  <td>None</td>  <td>20.00</td>   <td>-1.00</td></tr><tr><td bgcolor=\\\"#FFEEAA\\\" align=\\\"center\\\">P</td> <td>1.00</td> <td>100.00</td> <td>70.00</td> <td>+30.00</td> <td>10.00</td>  <td>None</td>  <td>20.00</td>   <td>+1.00</td></tr><tr><td bgcolor=\\\"#FFEEAA\\\" align=\\\"center\\\">Pr</td> <td>1.00</td> <td>80.00</td> <td>40.00</td> <td>+40.00</td> <td>10.00</td>  <td>None</td>  <td>20.00</td>   <td>+1.00</td></tr><tr><td bgcolor=\\\"#FFEEAA\\\" align=\\\"center\\\">St</td> <td>1.00</td> <td>0.00</td> <td>90.00</td> <td>-90.00</td> <td>10.00</td>  <td>None</td>  <td>20.00</td>   <td>-1.00</td><td></td> <td> 80.00</td> <td bgcolor=\\\"#ffddff\\\">-1.00</td><tr><td bgcolor=\\\"#FFEEAA\\\" align=\\\"center\\\">V</td> <td>1.00</td> <td>70.00</td> <td>60.00</td> <td>+10.00</td> <td>10.00</td>  <td>None</td>  <td>20.00</td>   <td>+1.00</td></tr><tr><td bgcolor=\\\"#FFEEAA\\\" align=\\\"center\\\">W</td> <td>1.00</td> <td>0.00</td> <td>100.00</td> <td>-100.00</td> <td>10.00</td>  <td>None</td>  <td>20.00</td>   <td>-1.00</td><td></td> <td> 80.00</td> <td bgcolor=\\\"#ffddff\\\">-1.00</td></tr></table><b>Valuation in range: -9.00 to +9.00; global concordance: +3.00 </b>\", \"G\": \"<h1>Pairwise Comparison</h1><h2>Comparing actions : (C,G)</h2><table style=\\\"background-color:White\\\" border=\\\"1\\\"><tr bgcolor=\\\"#9acd32\\\"><th>crit.</th><th>wght.</th> <th>g(x)</th> <th>g(y)</th> <th>diff</th> <th>ind</th> <th>wp</th> <th>p</th> <th>concord</th> <th>wv</th> <th>v</th> <th>polarisation</th></tr><tr><td bgcolor=\\\"#FFEEAA\\\" align=\\\"center\\\">C</td> <td>3.00</td> <td>-6700.00</td> <td>-12000.00</td> <td>+5300.00</td> <td>1000.00</td>  <td>None</td>  <td>2500.00</td>   <td>+3.00</td></tr><tr><td bgcolor=\\\"#FFEEAA\\\" align=\\\"center\\\">Cf</td> <td>1.00</td> <td>10.00</td> <td>50.00</td> <td>-40.00</td> <td>10.00</td>  <td>None</td>  <td>20.00</td>   <td>-1.00</td></tr><tr><td bgcolor=\\\"#FFEEAA\\\" align=\\\"center\\\">P</td> <td>1.00</td> <td>100.00</td> <td>80.00</td> <td>+20.00</td> <td>10.00</td>  <td>None</td>  <td>20.00</td>   <td>+1.00</td></tr><tr><td bgcolor=\\\"#FFEEAA\\\" align=\\\"center\\\">Pr</td> <td>1.00</td> <td>80.00</td> <td>60.00</td> <td>+20.00</td> <td>10.00</td>  <td>None</td>  <td>20.00</td>   <td>+1.00</td></tr><tr><td bgcolor=\\\"#FFEEAA\\\" align=\\\"center\\\">St</td> <td>1.00</td> <td>0.00</td> <td>20.00</td> <td>-20.00</td> <td>10.00</td>  <td>None</td>  <td>20.00</td>   <td>-1.00</td></tr><tr><td bgcolor=\\\"#FFEEAA\\\" align=\\\"center\\\">V</td> <td>1.00</td> <td>70.00</td> <td>100.00</td> <td>-30.00</td> <td>10.00</td>  <td>None</td>  <td>20.00</td>   <td>-1.00</td></tr><tr><td bgcolor=\\\"#FFEEAA\\\" align=\\\"center\\\">W</td> <td>1.00</td> <td>0.00</td> <td>50.00</td> <td>-50.00</td> <td>10.00</td>  <td>None</td>  <td>20.00</td>   <td>-1.00</td></tr></tr></table><b>Valuation in range: -9.00 to +9.00; global concordance: +1.00 </b>\"}, \"A\": {\"F\": \"<h1>Pairwise Comparison</h1><h2>Comparing actions : (A,F)</h2><table style=\\\"background-color:White\\\" border=\\\"1\\\"><tr bgcolor=\\\"#9acd32\\\"><th>crit.</th><th>wght.</th> <th>g(x)</th> <th>g(y)</th> <th>diff</th> <th>ind</th> <th>wp</th> <th>p</th> <th>concord</th> <th>wv</th> <th>v</th> <th>polarisation</th></tr><tr><td bgcolor=\\\"#FFEEAA\\\" align=\\\"center\\\">C</td> <td>3.00</td> <td>-35000.00</td> <td>-18600.00</td> <td>-16400.00</td> <td>1000.00</td>  <td>None</td>  <td>2500.00</td>   <td>-3.00</td></tr><tr><td bgcolor=\\\"#FFEEAA\\\" align=\\\"center\\\">Cf</td> <td>1.00</td> <td>0.00</td> <td>80.00</td> <td>-80.00</td> <td>10.00</td>  <td>None</td>  <td>20.00</td>   <td>-1.00</td><td></td> <td> 80.00</td> <td bgcolor=\\\"#ffddff\\\">-1.00</td><tr><td bgcolor=\\\"#FFEEAA\\\" align=\\\"center\\\">P</td> <td>1.00</td> <td>90.00</td> <td>0.00</td> <td>+90.00</td> <td>10.00</td>  <td>None</td>  <td>20.00</td>   <td>+1.00</td><td></td> <td> 80.00</td> <td bgcolor=\\\"#ddffdd\\\">+1.00</td><tr><td bgcolor=\\\"#FFEEAA\\\" align=\\\"center\\\">Pr</td> <td>1.00</td> <td>100.00</td> <td>0.00</td> <td>+100.00</td> <td>10.00</td>  <td>None</td>  <td>20.00</td>   <td>+1.00</td><td></td> <td> 80.00</td> <td bgcolor=\\\"#ddffdd\\\">+1.00</td><tr><td bgcolor=\\\"#FFEEAA\\\" align=\\\"center\\\">St</td> <td>1.00</td> <td>100.00</td> <td>70.00</td> <td>+30.00</td> <td>10.00</td>  <td>None</td>  <td>20.00</td>   <td>+1.00</td></tr><tr><td bgcolor=\\\"#FFEEAA\\\" align=\\\"center\\\">V</td> <td>1.00</td> <td>60.00</td> <td>0.00</td> <td>+60.00</td> <td>10.00</td>  <td>None</td>  <td>20.00</td>   <td>+1.00</td></tr><tr><td bgcolor=\\\"#FFEEAA\\\" align=\\\"center\\\">W</td> <td>1.00</td> <td>75.00</td> <td>0.00</td> <td>+75.00</td> <td>10.00</td>  <td>None</td>  <td>20.00</td>   <td>+1.00</td></tr></tr></table><b>Valuation in range: -9.00 to +9.00; global concordance: +1.00 </b>\", \"C\": \"<h1>Pairwise Comparison</h1><h2>Comparing actions : (A,C)</h2><table style=\\\"background-color:White\\\" border=\\\"1\\\"><tr bgcolor=\\\"#9acd32\\\"><th>crit.</th><th>wght.</th> <th>g(x)</th> <th>g(y)</th> <th>diff</th> <th>ind</th> <th>wp</th> <th>p</th> <th>concord</th> <th>wv</th> <th>v</th> <th>polarisation</th></tr><tr><td bgcolor=\\\"#FFEEAA\\\" align=\\\"center\\\">C</td> <td>3.00</td> <td>-35000.00</td> <td>-6700.00</td> <td>-28300.00</td> <td>1000.00</td>  <td>None</td>  <td>2500.00</td>   <td>-3.00</td></tr><tr><td bgcolor=\\\"#FFEEAA\\\" align=\\\"center\\\">Cf</td> <td>1.00</td> <td>0.00</td> <td>10.00</td> <td>-10.00</td> <td>10.00</td>  <td>None</td>  <td>20.00</td>   <td>+1.00</td></tr><tr><td bgcolor=\\\"#FFEEAA\\\" align=\\\"center\\\">P</td> <td>1.00</td> <td>90.00</td> <td>100.00</td> <td>-10.00</td> <td>10.00</td>  <td>None</td>  <td>20.00</td>   <td>+1.00</td></tr><tr><td bgcolor=\\\"#FFEEAA\\\" align=\\\"center\\\">Pr</td> <td>1.00</td> <td>100.00</td> <td>80.00</td> <td>+20.00</td> <td>10.00</td>  <td>None</td>  <td>20.00</td>   <td>+1.00</td></tr><tr><td bgcolor=\\\"#FFEEAA\\\" align=\\\"center\\\">St</td> <td>1.00</td> <td>100.00</td> <td>0.00</td> <td>+100.00</td> <td>10.00</td>  <td>None</td>  <td>20.00</td>   <td>+1.00</td><td></td> <td> 80.00</td> <td bgcolor=\\\"#ddffdd\\\">+1.00</td><tr><td bgcolor=\\\"#FFEEAA\\\" align=\\\"center\\\">V</td> <td>1.00</td> <td>60.00</td> <td>70.00</td> <td>-10.00</td> <td>10.00</td>  <td>None</td>  <td>20.00</td>   <td>+1.00</td></tr><tr><td bgcolor=\\\"#FFEEAA\\\" align=\\\"center\\\">W</td> <td>1.00</td> <td>75.00</td> <td>0.00</td> <td>+75.00</td> <td>10.00</td>  <td>None</td>  <td>20.00</td>   <td>+1.00</td></tr></tr></table><b>Valuation in range: -9.00 to +9.00; global concordance: +3.00 </b>\", \"B\": \"<h1>Pairwise Comparison</h1><h2>Comparing actions : (A,B)</h2><table style=\\\"background-color:White\\\" border=\\\"1\\\"><tr bgcolor=\\\"#9acd32\\\"><th>crit.</th><th>wght.</th> <th>g(x)</th> <th>g(y)</th> <th>diff</th> <th>ind</th> <th>wp</th> <th>p</th> <th>concord</th> <th>wv</th> <th>v</th> <th>polarisation</th></tr><tr><td bgcolor=\\\"#FFEEAA\\\" align=\\\"center\\\">C</td> <td>3.00</td> <td>-35000.00</td> <td>-17800.00</td> <td>-17200.00</td> <td>1000.00</td>  <td>None</td>  <td>2500.00</td>   <td>-3.00</td></tr><tr><td bgcolor=\\\"#FFEEAA\\\" align=\\\"center\\\">Cf</td> <td>1.00</td> <td>0.00</td> <td>100.00</td> <td>-100.00</td> <td>10.00</td>  <td>None</td>  <td>20.00</td>   <td>-1.00</td><td></td> <td> 80.00</td> <td bgcolor=\\\"#ffddff\\\">-1.00</td><tr><td bgcolor=\\\"#FFEEAA\\\" align=\\\"center\\\">P</td> <td>1.00</td> <td>90.00</td> <td>30.00</td> <td>+60.00</td> <td>10.00</td>  <td>None</td>  <td>20.00</td>   <td>+1.00</td></tr><tr><td bgcolor=\\\"#FFEEAA\\\" align=\\\"center\\\">Pr</td> <td>1.00</td> <td>100.00</td> <td>20.00</td> <td>+80.00</td> <td>10.00</td>  <td>None</td>  <td>20.00</td>   <td>+1.00</td><td></td> <td> 80.00</td> <td bgcolor=\\\"#ddffdd\\\">+1.00</td><tr><td bgcolor=\\\"#FFEEAA\\\" align=\\\"center\\\">St</td> <td>1.00</td> <td>100.00</td> <td>10.00</td> <td>+90.00</td> <td>10.00</td>  <td>None</td>  <td>20.00</td>   <td>+1.00</td><td></td> <td> 80.00</td> <td bgcolor=\\\"#ddffdd\\\">+1.00</td><tr><td bgcolor=\\\"#FFEEAA\\\" align=\\\"center\\\">V</td> <td>1.00</td> <td>60.00</td> <td>80.00</td> <td>-20.00</td> <td>10.00</td>  <td>None</td>  <td>20.00</td>   <td>-1.00</td></tr><tr><td bgcolor=\\\"#FFEEAA\\\" align=\\\"center\\\">W</td> <td>1.00</td> <td>75.00</td> <td>30.00</td> <td>+45.00</td> <td>10.00</td>  <td>None</td>  <td>20.00</td>   <td>+1.00</td></tr></tr></table><b>Valuation in range: -9.00 to +9.00; global concordance: -1.00 </b>\", \"D\": \"<h1>Pairwise Comparison</h1><h2>Comparing actions : (A,D)</h2><table style=\\\"background-color:White\\\" border=\\\"1\\\"><tr bgcolor=\\\"#9acd32\\\"><th>crit.</th><th>wght.</th> <th>g(x)</th> <th>g(y)</th> <th>diff</th> <th>ind</th> <th>wp</th> <th>p</th> <th>concord</th> <th>wv</th> <th>v</th> <th>polarisation</th></tr><tr><td bgcolor=\\\"#FFEEAA\\\" align=\\\"center\\\">C</td> <td>3.00</td> <td>-35000.00</td> <td>-14100.00</td> <td>-20900.00</td> <td>1000.00</td>  <td>None</td>  <td>2500.00</td>   <td>-3.00</td></tr><tr><td bgcolor=\\\"#FFEEAA\\\" align=\\\"center\\\">Cf</td> <td>1.00</td> <td>0.00</td> <td>30.00</td> <td>-30.00</td> <td>10.00</td>  <td>None</td>  <td>20.00</td>   <td>-1.00</td></tr><tr><td bgcolor=\\\"#FFEEAA\\\" align=\\\"center\\\">P</td> <td>1.00</td> <td>90.00</td> <td>90.00</td> <td>+0.00</td> <td>10.00</td>  <td>None</td>  <td>20.00</td>   <td>+1.00</td></tr><tr><td bgcolor=\\\"#FFEEAA\\\" align=\\\"center\\\">Pr</td> <td>1.00</td> <td>100.00</td> <td>70.00</td> <td>+30.00</td> <td>10.00</td>  <td>None</td>  <td>20.00</td>   <td>+1.00</td></tr><tr><td bgcolor=\\\"#FFEEAA\\\" align=\\\"center\\\">St</td> <td>1.00</td> <td>100.00</td> <td>30.00</td> <td>+70.00</td> <td>10.00</td>  <td>None</td>  <td>20.00</td>   <td>+1.00</td></tr><tr><td bgcolor=\\\"#FFEEAA\\\" align=\\\"center\\\">V</td> <td>1.00</td> <td>60.00</td> <td>50.00</td> <td>+10.00</td> <td>10.00</td>  <td>None</td>  <td>20.00</td>   <td>+1.00</td></tr><tr><td bgcolor=\\\"#FFEEAA\\\" align=\\\"center\\\">W</td> <td>1.00</td> <td>75.00</td> <td>55.00</td> <td>+20.00</td> <td>10.00</td>  <td>None</td>  <td>20.00</td>   <td>+1.00</td></tr></tr></table><b>Valuation in range: -9.00 to +9.00; global concordance: +1.00 </b>\", \"E\": \"<h1>Pairwise Comparison</h1><h2>Comparing actions : (A,E)</h2><table style=\\\"background-color:White\\\" border=\\\"1\\\"><tr bgcolor=\\\"#9acd32\\\"><th>crit.</th><th>wght.</th> <th>g(x)</th> <th>g(y)</th> <th>diff</th> <th>ind</th> <th>wp</th> <th>p</th> <th>concord</th> <th>wv</th> <th>v</th> <th>polarisation</th></tr><tr><td bgcolor=\\\"#FFEEAA\\\" align=\\\"center\\\">C</td> <td>3.00</td> <td>-35000.00</td> <td>-34800.00</td> <td>-200.00</td> <td>1000.00</td>  <td>None</td>  <td>2500.00</td>   <td>+3.00</td></tr><tr><td bgcolor=\\\"#FFEEAA\\\" align=\\\"center\\\">Cf</td> <td>1.00</td> <td>0.00</td> <td>60.00</td> <td>-60.00</td> <td>10.00</td>  <td>None</td>  <td>20.00</td>   <td>-1.00</td></tr><tr><td bgcolor=\\\"#FFEEAA\\\" align=\\\"center\\\">P</td> <td>1.00</td> <td>90.00</td> <td>70.00</td> <td>+20.00</td> <td>10.00</td>  <td>None</td>  <td>20.00</td>   <td>+1.00</td></tr><tr><td bgcolor=\\\"#FFEEAA\\\" align=\\\"center\\\">Pr</td> <td>1.00</td> <td>100.00</td> <td>40.00</td> <td>+60.00</td> <td>10.00</td>  <td>None</td>  <td>20.00</td>   <td>+1.00</td></tr><tr><td bgcolor=\\\"#FFEEAA\\\" align=\\\"center\\\">St</td> <td>1.00</td> <td>100.00</td> <td>90.00</td> <td>+10.00</td> <td>10.00</td>  <td>None</td>  <td>20.00</td>   <td>+1.00</td></tr><tr><td bgcolor=\\\"#FFEEAA\\\" align=\\\"center\\\">V</td> <td>1.00</td> <td>60.00</td> <td>60.00</td> <td>+0.00</td> <td>10.00</td>  <td>None</td>  <td>20.00</td>   <td>+1.00</td></tr><tr><td bgcolor=\\\"#FFEEAA\\\" align=\\\"center\\\">W</td> <td>1.00</td> <td>75.00</td> <td>100.00</td> <td>-25.00</td> <td>10.00</td>  <td>None</td>  <td>20.00</td>   <td>-1.00</td></tr></tr></table><b>Valuation in range: -9.00 to +9.00; global concordance: +5.00 </b>\", \"G\": \"<h1>Pairwise Comparison</h1><h2>Comparing actions : (A,G)</h2><table style=\\\"background-color:White\\\" border=\\\"1\\\"><tr bgcolor=\\\"#9acd32\\\"><th>crit.</th><th>wght.</th> <th>g(x)</th> <th>g(y)</th> <th>diff</th> <th>ind</th> <th>wp</th> <th>p</th> <th>concord</th> <th>wv</th> <th>v</th> <th>polarisation</th></tr><tr><td bgcolor=\\\"#FFEEAA\\\" align=\\\"center\\\">C</td> <td>3.00</td> <td>-35000.00</td> <td>-12000.00</td> <td>-23000.00</td> <td>1000.00</td>  <td>None</td>  <td>2500.00</td>   <td>-3.00</td></tr><tr><td bgcolor=\\\"#FFEEAA\\\" align=\\\"center\\\">Cf</td> <td>1.00</td> <td>0.00</td> <td>50.00</td> <td>-50.00</td> <td>10.00</td>  <td>None</td>  <td>20.00</td>   <td>-1.00</td></tr><tr><td bgcolor=\\\"#FFEEAA\\\" align=\\\"center\\\">P</td> <td>1.00</td> <td>90.00</td> <td>80.00</td> <td>+10.00</td> <td>10.00</td>  <td>None</td>  <td>20.00</td>   <td>+1.00</td></tr><tr><td bgcolor=\\\"#FFEEAA\\\" align=\\\"center\\\">Pr</td> <td>1.00</td> <td>100.00</td> <td>60.00</td> <td>+40.00</td> <td>10.00</td>  <td>None</td>  <td>20.00</td>   <td>+1.00</td></tr><tr><td bgcolor=\\\"#FFEEAA\\\" align=\\\"center\\\">St</td> <td>1.00</td> <td>100.00</td> <td>20.00</td> <td>+80.00</td> <td>10.00</td>  <td>None</td>  <td>20.00</td>   <td>+1.00</td><td></td> <td> 80.00</td> <td bgcolor=\\\"#ddffdd\\\">+1.00</td><tr><td bgcolor=\\\"#FFEEAA\\\" align=\\\"center\\\">V</td> <td>1.00</td> <td>60.00</td> <td>100.00</td> <td>-40.00</td> <td>10.00</td>  <td>None</td>  <td>20.00</td>   <td>-1.00</td></tr><tr><td bgcolor=\\\"#FFEEAA\\\" align=\\\"center\\\">W</td> <td>1.00</td> <td>75.00</td> <td>50.00</td> <td>+25.00</td> <td>10.00</td>  <td>None</td>  <td>20.00</td>   <td>+1.00</td></tr></tr></table><b>Valuation in range: -9.00 to +9.00; global concordance: -1.00 </b>\"}, \"B\": {\"F\": \"<h1>Pairwise Comparison</h1><h2>Comparing actions : (B,F)</h2><table style=\\\"background-color:White\\\" border=\\\"1\\\"><tr bgcolor=\\\"#9acd32\\\"><th>crit.</th><th>wght.</th> <th>g(x)</th> <th>g(y)</th> <th>diff</th> <th>ind</th> <th>wp</th> <th>p</th> <th>concord</th> <th>wv</th> <th>v</th> <th>polarisation</th></tr><tr><td bgcolor=\\\"#FFEEAA\\\" align=\\\"center\\\">C</td> <td>3.00</td> <td>-17800.00</td> <td>-18600.00</td> <td>+800.00</td> <td>1000.00</td>  <td>None</td>  <td>2500.00</td>   <td>+3.00</td></tr><tr><td bgcolor=\\\"#FFEEAA\\\" align=\\\"center\\\">Cf</td> <td>1.00</td> <td>100.00</td> <td>80.00</td> <td>+20.00</td> <td>10.00</td>  <td>None</td>  <td>20.00</td>   <td>+1.00</td></tr><tr><td bgcolor=\\\"#FFEEAA\\\" align=\\\"center\\\">P</td> <td>1.00</td> <td>30.00</td> <td>0.00</td> <td>+30.00</td> <td>10.00</td>  <td>None</td>  <td>20.00</td>   <td>+1.00</td></tr><tr><td bgcolor=\\\"#FFEEAA\\\" align=\\\"center\\\">Pr</td> <td>1.00</td> <td>20.00</td> <td>0.00</td> <td>+20.00</td> <td>10.00</td>  <td>None</td>  <td>20.00</td>   <td>+1.00</td></tr><tr><td bgcolor=\\\"#FFEEAA\\\" align=\\\"center\\\">St</td> <td>1.00</td> <td>10.00</td> <td>70.00</td> <td>-60.00</td> <td>10.00</td>  <td>None</td>  <td>20.00</td>   <td>-1.00</td></tr><tr><td bgcolor=\\\"#FFEEAA\\\" align=\\\"center\\\">V</td> <td>1.00</td> <td>80.00</td> <td>0.00</td> <td>+80.00</td> <td>10.00</td>  <td>None</td>  <td>20.00</td>   <td>+1.00</td><td></td> <td> 80.00</td> <td bgcolor=\\\"#ddffdd\\\">+1.00</td><tr><td bgcolor=\\\"#FFEEAA\\\" align=\\\"center\\\">W</td> <td>1.00</td> <td>30.00</td> <td>0.00</td> <td>+30.00</td> <td>10.00</td>  <td>None</td>  <td>20.00</td>   <td>+1.00</td></tr></tr></table><b>Valuation in range: -9.00 to +9.00; global concordance: +7.00 </b>\", \"C\": \"<h1>Pairwise Comparison</h1><h2>Comparing actions : (B,C)</h2><table style=\\\"background-color:White\\\" border=\\\"1\\\"><tr bgcolor=\\\"#9acd32\\\"><th>crit.</th><th>wght.</th> <th>g(x)</th> <th>g(y)</th> <th>diff</th> <th>ind</th> <th>wp</th> <th>p</th> <th>concord</th> <th>wv</th> <th>v</th> <th>polarisation</th></tr><tr><td bgcolor=\\\"#FFEEAA\\\" align=\\\"center\\\">C</td> <td>3.00</td> <td>-17800.00</td> <td>-6700.00</td> <td>-11100.00</td> <td>1000.00</td>  <td>None</td>  <td>2500.00</td>   <td>-3.00</td></tr><tr><td bgcolor=\\\"#FFEEAA\\\" align=\\\"center\\\">Cf</td> <td>1.00</td> <td>100.00</td> <td>10.00</td> <td>+90.00</td> <td>10.00</td>  <td>None</td>  <td>20.00</td>   <td>+1.00</td><td></td> <td> 80.00</td> <td bgcolor=\\\"#ddffdd\\\">+1.00</td><tr><td bgcolor=\\\"#FFEEAA\\\" align=\\\"center\\\">P</td> <td>1.00</td> <td>30.00</td> <td>100.00</td> <td>-70.00</td> <td>10.00</td>  <td>None</td>  <td>20.00</td>   <td>-1.00</td></tr><tr><td bgcolor=\\\"#FFEEAA\\\" align=\\\"center\\\">Pr</td> <td>1.00</td> <td>20.00</td> <td>80.00</td> <td>-60.00</td> <td>10.00</td>  <td>None</td>  <td>20.00</td>   <td>-1.00</td></tr><tr><td bgcolor=\\\"#FFEEAA\\\" align=\\\"center\\\">St</td> <td>1.00</td> <td>10.00</td> <td>0.00</td> <td>+10.00</td> <td>10.00</td>  <td>None</td>  <td>20.00</td>   <td>+1.00</td></tr><tr><td bgcolor=\\\"#FFEEAA\\\" align=\\\"center\\\">V</td> <td>1.00</td> <td>80.00</td> <td>70.00</td> <td>+10.00</td> <td>10.00</td>  <td>None</td>  <td>20.00</td>   <td>+1.00</td></tr><tr><td bgcolor=\\\"#FFEEAA\\\" align=\\\"center\\\">W</td> <td>1.00</td> <td>30.00</td> <td>0.00</td> <td>+30.00</td> <td>10.00</td>  <td>None</td>  <td>20.00</td>   <td>+1.00</td></tr></tr></table><b>Valuation in range: -9.00 to +9.00; global concordance: -1.00 </b>\", \"A\": \"<h1>Pairwise Comparison</h1><h2>Comparing actions : (B,A)</h2><table style=\\\"background-color:White\\\" border=\\\"1\\\"><tr bgcolor=\\\"#9acd32\\\"><th>crit.</th><th>wght.</th> <th>g(x)</th> <th>g(y)</th> <th>diff</th> <th>ind</th> <th>wp</th> <th>p</th> <th>concord</th> <th>wv</th> <th>v</th> <th>polarisation</th></tr><tr><td bgcolor=\\\"#FFEEAA\\\" align=\\\"center\\\">C</td> <td>3.00</td> <td>-17800.00</td> <td>-35000.00</td> <td>+17200.00</td> <td>1000.00</td>  <td>None</td>  <td>2500.00</td>   <td>+3.00</td></tr><tr><td bgcolor=\\\"#FFEEAA\\\" align=\\\"center\\\">Cf</td> <td>1.00</td> <td>100.00</td> <td>0.00</td> <td>+100.00</td> <td>10.00</td>  <td>None</td>  <td>20.00</td>   <td>+1.00</td><td></td> <td> 80.00</td> <td bgcolor=\\\"#ddffdd\\\">+1.00</td><tr><td bgcolor=\\\"#FFEEAA\\\" align=\\\"center\\\">P</td> <td>1.00</td> <td>30.00</td> <td>90.00</td> <td>-60.00</td> <td>10.00</td>  <td>None</td>  <td>20.00</td>   <td>-1.00</td></tr><tr><td bgcolor=\\\"#FFEEAA\\\" align=\\\"center\\\">Pr</td> <td>1.00</td> <td>20.00</td> <td>100.00</td> <td>-80.00</td> <td>10.00</td>  <td>None</td>  <td>20.00</td>   <td>-1.00</td><td></td> <td> 80.00</td> <td bgcolor=\\\"#ffddff\\\">-1.00</td><tr><td bgcolor=\\\"#FFEEAA\\\" align=\\\"center\\\">St</td> <td>1.00</td> <td>10.00</td> <td>100.00</td> <td>-90.00</td> <td>10.00</td>  <td>None</td>  <td>20.00</td>   <td>-1.00</td><td></td> <td> 80.00</td> <td bgcolor=\\\"#ffddff\\\">-1.00</td><tr><td bgcolor=\\\"#FFEEAA\\\" align=\\\"center\\\">V</td> <td>1.00</td> <td>80.00</td> <td>60.00</td> <td>+20.00</td> <td>10.00</td>  <td>None</td>  <td>20.00</td>   <td>+1.00</td></tr><tr><td bgcolor=\\\"#FFEEAA\\\" align=\\\"center\\\">W</td> <td>1.00</td> <td>30.00</td> <td>75.00</td> <td>-45.00</td> <td>10.00</td>  <td>None</td>  <td>20.00</td>   <td>-1.00</td></tr></tr></table><b>Valuation in range: -9.00 to +9.00; global concordance: +1.00 </b>\", \"D\": \"<h1>Pairwise Comparison</h1><h2>Comparing actions : (B,D)</h2><table style=\\\"background-color:White\\\" border=\\\"1\\\"><tr bgcolor=\\\"#9acd32\\\"><th>crit.</th><th>wght.</th> <th>g(x)</th> <th>g(y)</th> <th>diff</th> <th>ind</th> <th>wp</th> <th>p</th> <th>concord</th> <th>wv</th> <th>v</th> <th>polarisation</th></tr><tr><td bgcolor=\\\"#FFEEAA\\\" align=\\\"center\\\">C</td> <td>3.00</td> <td>-17800.00</td> <td>-14100.00</td> <td>-3700.00</td> <td>1000.00</td>  <td>None</td>  <td>2500.00</td>   <td>-3.00</td></tr><tr><td bgcolor=\\\"#FFEEAA\\\" align=\\\"center\\\">Cf</td> <td>1.00</td> <td>100.00</td> <td>30.00</td> <td>+70.00</td> <td>10.00</td>  <td>None</td>  <td>20.00</td>   <td>+1.00</td></tr><tr><td bgcolor=\\\"#FFEEAA\\\" align=\\\"center\\\">P</td> <td>1.00</td> <td>30.00</td> <td>90.00</td> <td>-60.00</td> <td>10.00</td>  <td>None</td>  <td>20.00</td>   <td>-1.00</td></tr><tr><td bgcolor=\\\"#FFEEAA\\\" align=\\\"center\\\">Pr</td> <td>1.00</td> <td>20.00</td> <td>70.00</td> <td>-50.00</td> <td>10.00</td>  <td>None</td>  <td>20.00</td>   <td>-1.00</td></tr><tr><td bgcolor=\\\"#FFEEAA\\\" align=\\\"center\\\">St</td> <td>1.00</td> <td>10.00</td> <td>30.00</td> <td>-20.00</td> <td>10.00</td>  <td>None</td>  <td>20.00</td>   <td>-1.00</td></tr><tr><td bgcolor=\\\"#FFEEAA\\\" align=\\\"center\\\">V</td> <td>1.00</td> <td>80.00</td> <td>50.00</td> <td>+30.00</td> <td>10.00</td>  <td>None</td>  <td>20.00</td>   <td>+1.00</td></tr><tr><td bgcolor=\\\"#FFEEAA\\\" align=\\\"center\\\">W</td> <td>1.00</td> <td>30.00</td> <td>55.00</td> <td>-25.00</td> <td>10.00</td>  <td>None</td>  <td>20.00</td>   <td>-1.00</td></tr></tr></table><b>Valuation in range: -9.00 to +9.00; global concordance: -5.00 </b>\", \"E\": \"<h1>Pairwise Comparison</h1><h2>Comparing actions : (B,E)</h2><table style=\\\"background-color:White\\\" border=\\\"1\\\"><tr bgcolor=\\\"#9acd32\\\"><th>crit.</th><th>wght.</th> <th>g(x)</th> <th>g(y)</th> <th>diff</th> <th>ind</th> <th>wp</th> <th>p</th> <th>concord</th> <th>wv</th> <th>v</th> <th>polarisation</th></tr><tr><td bgcolor=\\\"#FFEEAA\\\" align=\\\"center\\\">C</td> <td>3.00</td> <td>-17800.00</td> <td>-34800.00</td> <td>+17000.00</td> <td>1000.00</td>  <td>None</td>  <td>2500.00</td>   <td>+3.00</td></tr><tr><td bgcolor=\\\"#FFEEAA\\\" align=\\\"center\\\">Cf</td> <td>1.00</td> <td>100.00</td> <td>60.00</td> <td>+40.00</td> <td>10.00</td>  <td>None</td>  <td>20.00</td>   <td>+1.00</td></tr><tr><td bgcolor=\\\"#FFEEAA\\\" align=\\\"center\\\">P</td> <td>1.00</td> <td>30.00</td> <td>70.00</td> <td>-40.00</td> <td>10.00</td>  <td>None</td>  <td>20.00</td>   <td>-1.00</td></tr><tr><td bgcolor=\\\"#FFEEAA\\\" align=\\\"center\\\">Pr</td> <td>1.00</td> <td>20.00</td> <td>40.00</td> <td>-20.00</td> <td>10.00</td>  <td>None</td>  <td>20.00</td>   <td>-1.00</td></tr><tr><td bgcolor=\\\"#FFEEAA\\\" align=\\\"center\\\">St</td> <td>1.00</td> <td>10.00</td> <td>90.00</td> <td>-80.00</td> <td>10.00</td>  <td>None</td>  <td>20.00</td>   <td>-1.00</td><td></td> <td> 80.00</td> <td bgcolor=\\\"#ffddff\\\">-1.00</td><tr><td bgcolor=\\\"#FFEEAA\\\" align=\\\"center\\\">V</td> <td>1.00</td> <td>80.00</td> <td>60.00</td> <td>+20.00</td> <td>10.00</td>  <td>None</td>  <td>20.00</td>   <td>+1.00</td></tr><tr><td bgcolor=\\\"#FFEEAA\\\" align=\\\"center\\\">W</td> <td>1.00</td> <td>30.00</td> <td>100.00</td> <td>-70.00</td> <td>10.00</td>  <td>None</td>  <td>20.00</td>   <td>-1.00</td></tr></tr></table><b>Valuation in range: -9.00 to +9.00; global concordance: +1.00 </b>\", \"G\": \"<h1>Pairwise Comparison</h1><h2>Comparing actions : (B,G)</h2><table style=\\\"background-color:White\\\" border=\\\"1\\\"><tr bgcolor=\\\"#9acd32\\\"><th>crit.</th><th>wght.</th> <th>g(x)</th> <th>g(y)</th> <th>diff</th> <th>ind</th> <th>wp</th> <th>p</th> <th>concord</th> <th>wv</th> <th>v</th> <th>polarisation</th></tr><tr><td bgcolor=\\\"#FFEEAA\\\" align=\\\"center\\\">C</td> <td>3.00</td> <td>-17800.00</td> <td>-12000.00</td> <td>-5800.00</td> <td>1000.00</td>  <td>None</td>  <td>2500.00</td>   <td>-3.00</td></tr><tr><td bgcolor=\\\"#FFEEAA\\\" align=\\\"center\\\">Cf</td> <td>1.00</td> <td>100.00</td> <td>50.00</td> <td>+50.00</td> <td>10.00</td>  <td>None</td>  <td>20.00</td>   <td>+1.00</td></tr><tr><td bgcolor=\\\"#FFEEAA\\\" align=\\\"center\\\">P</td> <td>1.00</td> <td>30.00</td> <td>80.00</td> <td>-50.00</td> <td>10.00</td>  <td>None</td>  <td>20.00</td>   <td>-1.00</td></tr><tr><td bgcolor=\\\"#FFEEAA\\\" align=\\\"center\\\">Pr</td> <td>1.00</td> <td>20.00</td> <td>60.00</td> <td>-40.00</td> <td>10.00</td>  <td>None</td>  <td>20.00</td>   <td>-1.00</td></tr><tr><td bgcolor=\\\"#FFEEAA\\\" align=\\\"center\\\">St</td> <td>1.00</td> <td>10.00</td> <td>20.00</td> <td>-10.00</td> <td>10.00</td>  <td>None</td>  <td>20.00</td>   <td>+1.00</td></tr><tr><td bgcolor=\\\"#FFEEAA\\\" align=\\\"center\\\">V</td> <td>1.00</td> <td>80.00</td> <td>100.00</td> <td>-20.00</td> <td>10.00</td>  <td>None</td>  <td>20.00</td>   <td>-1.00</td></tr><tr><td bgcolor=\\\"#FFEEAA\\\" align=\\\"center\\\">W</td> <td>1.00</td> <td>30.00</td> <td>50.00</td> <td>-20.00</td> <td>10.00</td>  <td>None</td>  <td>20.00</td>   <td>-1.00</td></tr></tr></table><b>Valuation in range: -9.00 to +9.00; global concordance: -5.00 </b>\"}, \"D\": {\"F\": \"<h1>Pairwise Comparison</h1><h2>Comparing actions : (D,F)</h2><table style=\\\"background-color:White\\\" border=\\\"1\\\"><tr bgcolor=\\\"#9acd32\\\"><th>crit.</th><th>wght.</th> <th>g(x)</th> <th>g(y)</th> <th>diff</th> <th>ind</th> <th>wp</th> <th>p</th> <th>concord</th> <th>wv</th> <th>v</th> <th>polarisation</th></tr><tr><td bgcolor=\\\"#FFEEAA\\\" align=\\\"center\\\">C</td> <td>3.00</td> <td>-14100.00</td> <td>-18600.00</td> <td>+4500.00</td> <td>1000.00</td>  <td>None</td>  <td>2500.00</td>   <td>+3.00</td></tr><tr><td bgcolor=\\\"#FFEEAA\\\" align=\\\"center\\\">Cf</td> <td>1.00</td> <td>30.00</td> <td>80.00</td> <td>-50.00</td> <td>10.00</td>  <td>None</td>  <td>20.00</td>   <td>-1.00</td></tr><tr><td bgcolor=\\\"#FFEEAA\\\" align=\\\"center\\\">P</td> <td>1.00</td> <td>90.00</td> <td>0.00</td> <td>+90.00</td> <td>10.00</td>  <td>None</td>  <td>20.00</td>   <td>+1.00</td><td></td> <td> 80.00</td> <td bgcolor=\\\"#ddffdd\\\">+1.00</td><tr><td bgcolor=\\\"#FFEEAA\\\" align=\\\"center\\\">Pr</td> <td>1.00</td> <td>70.00</td> <td>0.00</td> <td>+70.00</td> <td>10.00</td>  <td>None</td>  <td>20.00</td>   <td>+1.00</td></tr><tr><td bgcolor=\\\"#FFEEAA\\\" align=\\\"center\\\">St</td> <td>1.00</td> <td>30.00</td> <td>70.00</td> <td>-40.00</td> <td>10.00</td>  <td>None</td>  <td>20.00</td>   <td>-1.00</td></tr><tr><td bgcolor=\\\"#FFEEAA\\\" align=\\\"center\\\">V</td> <td>1.00</td> <td>50.00</td> <td>0.00</td> <td>+50.00</td> <td>10.00</td>  <td>None</td>  <td>20.00</td>   <td>+1.00</td></tr><tr><td bgcolor=\\\"#FFEEAA\\\" align=\\\"center\\\">W</td> <td>1.00</td> <td>55.00</td> <td>0.00</td> <td>+55.00</td> <td>10.00</td>  <td>None</td>  <td>20.00</td>   <td>+1.00</td></tr></tr></table><b>Valuation in range: -9.00 to +9.00; global concordance: +5.00 </b>\", \"C\": \"<h1>Pairwise Comparison</h1><h2>Comparing actions : (D,C)</h2><table style=\\\"background-color:White\\\" border=\\\"1\\\"><tr bgcolor=\\\"#9acd32\\\"><th>crit.</th><th>wght.</th> <th>g(x)</th> <th>g(y)</th> <th>diff</th> <th>ind</th> <th>wp</th> <th>p</th> <th>concord</th> <th>wv</th> <th>v</th> <th>polarisation</th></tr><tr><td bgcolor=\\\"#FFEEAA\\\" align=\\\"center\\\">C</td> <td>3.00</td> <td>-14100.00</td> <td>-6700.00</td> <td>-7400.00</td> <td>1000.00</td>  <td>None</td>  <td>2500.00</td>   <td>-3.00</td></tr><tr><td bgcolor=\\\"#FFEEAA\\\" align=\\\"center\\\">Cf</td> <td>1.00</td> <td>30.00</td> <td>10.00</td> <td>+20.00</td> <td>10.00</td>  <td>None</td>  <td>20.00</td>   <td>+1.00</td></tr><tr><td bgcolor=\\\"#FFEEAA\\\" align=\\\"center\\\">P</td> <td>1.00</td> <td>90.00</td> <td>100.00</td> <td>-10.00</td> <td>10.00</td>  <td>None</td>  <td>20.00</td>   <td>+1.00</td></tr><tr><td bgcolor=\\\"#FFEEAA\\\" align=\\\"center\\\">Pr</td> <td>1.00</td> <td>70.00</td> <td>80.00</td> <td>-10.00</td> <td>10.00</td>  <td>None</td>  <td>20.00</td>   <td>+1.00</td></tr><tr><td bgcolor=\\\"#FFEEAA\\\" align=\\\"center\\\">St</td> <td>1.00</td> <td>30.00</td> <td>0.00</td> <td>+30.00</td> <td>10.00</td>  <td>None</td>  <td>20.00</td>   <td>+1.00</td></tr><tr><td bgcolor=\\\"#FFEEAA\\\" align=\\\"center\\\">V</td> <td>1.00</td> <td>50.00</td> <td>70.00</td> <td>-20.00</td> <td>10.00</td>  <td>None</td>  <td>20.00</td>   <td>-1.00</td></tr><tr><td bgcolor=\\\"#FFEEAA\\\" align=\\\"center\\\">W</td> <td>1.00</td> <td>55.00</td> <td>0.00</td> <td>+55.00</td> <td>10.00</td>  <td>None</td>  <td>20.00</td>   <td>+1.00</td></tr></tr></table><b>Valuation in range: -9.00 to +9.00; global concordance: +1.00 </b>\", \"A\": \"<h1>Pairwise Comparison</h1><h2>Comparing actions : (D,A)</h2><table style=\\\"background-color:White\\\" border=\\\"1\\\"><tr bgcolor=\\\"#9acd32\\\"><th>crit.</th><th>wght.</th> <th>g(x)</th> <th>g(y)</th> <th>diff</th> <th>ind</th> <th>wp</th> <th>p</th> <th>concord</th> <th>wv</th> <th>v</th> <th>polarisation</th></tr><tr><td bgcolor=\\\"#FFEEAA\\\" align=\\\"center\\\">C</td> <td>3.00</td> <td>-14100.00</td> <td>-35000.00</td> <td>+20900.00</td> <td>1000.00</td>  <td>None</td>  <td>2500.00</td>   <td>+3.00</td></tr><tr><td bgcolor=\\\"#FFEEAA\\\" align=\\\"center\\\">Cf</td> <td>1.00</td> <td>30.00</td> <td>0.00</td> <td>+30.00</td> <td>10.00</td>  <td>None</td>  <td>20.00</td>   <td>+1.00</td></tr><tr><td bgcolor=\\\"#FFEEAA\\\" align=\\\"center\\\">P</td> <td>1.00</td> <td>90.00</td> <td>90.00</td> <td>+0.00</td> <td>10.00</td>  <td>None</td>  <td>20.00</td>   <td>+1.00</td></tr><tr><td bgcolor=\\\"#FFEEAA\\\" align=\\\"center\\\">Pr</td> <td>1.00</td> <td>70.00</td> <td>100.00</td> <td>-30.00</td> <td>10.00</td>  <td>None</td>  <td>20.00</td>   <td>-1.00</td></tr><tr><td bgcolor=\\\"#FFEEAA\\\" align=\\\"center\\\">St</td> <td>1.00</td> <td>30.00</td> <td>100.00</td> <td>-70.00</td> <td>10.00</td>  <td>None</td>  <td>20.00</td>   <td>-1.00</td></tr><tr><td bgcolor=\\\"#FFEEAA\\\" align=\\\"center\\\">V</td> <td>1.00</td> <td>50.00</td> <td>60.00</td> <td>-10.00</td> <td>10.00</td>  <td>None</td>  <td>20.00</td>   <td>+1.00</td></tr><tr><td bgcolor=\\\"#FFEEAA\\\" align=\\\"center\\\">W</td> <td>1.00</td> <td>55.00</td> <td>75.00</td> <td>-20.00</td> <td>10.00</td>  <td>None</td>  <td>20.00</td>   <td>-1.00</td></tr></tr></table><b>Valuation in range: -9.00 to +9.00; global concordance: +3.00 </b>\", \"B\": \"<h1>Pairwise Comparison</h1><h2>Comparing actions : (D,B)</h2><table style=\\\"background-color:White\\\" border=\\\"1\\\"><tr bgcolor=\\\"#9acd32\\\"><th>crit.</th><th>wght.</th> <th>g(x)</th> <th>g(y)</th> <th>diff</th> <th>ind</th> <th>wp</th> <th>p</th> <th>concord</th> <th>wv</th> <th>v</th> <th>polarisation</th></tr><tr><td bgcolor=\\\"#FFEEAA\\\" align=\\\"center\\\">C</td> <td>3.00</td> <td>-14100.00</td> <td>-17800.00</td> <td>+3700.00</td> <td>1000.00</td>  <td>None</td>  <td>2500.00</td>   <td>+3.00</td></tr><tr><td bgcolor=\\\"#FFEEAA\\\" align=\\\"center\\\">Cf</td> <td>1.00</td> <td>30.00</td> <td>100.00</td> <td>-70.00</td> <td>10.00</td>  <td>None</td>  <td>20.00</td>   <td>-1.00</td></tr><tr><td bgcolor=\\\"#FFEEAA\\\" align=\\\"center\\\">P</td> <td>1.00</td> <td>90.00</td> <td>30.00</td> <td>+60.00</td> <td>10.00</td>  <td>None</td>  <td>20.00</td>   <td>+1.00</td></tr><tr><td bgcolor=\\\"#FFEEAA\\\" align=\\\"center\\\">Pr</td> <td>1.00</td> <td>70.00</td> <td>20.00</td> <td>+50.00</td> <td>10.00</td>  <td>None</td>  <td>20.00</td>   <td>+1.00</td></tr><tr><td bgcolor=\\\"#FFEEAA\\\" align=\\\"center\\\">St</td> <td>1.00</td> <td>30.00</td> <td>10.00</td> <td>+20.00</td> <td>10.00</td>  <td>None</td>  <td>20.00</td>   <td>+1.00</td></tr><tr><td bgcolor=\\\"#FFEEAA\\\" align=\\\"center\\\">V</td> <td>1.00</td> <td>50.00</td> <td>80.00</td> <td>-30.00</td> <td>10.00</td>  <td>None</td>  <td>20.00</td>   <td>-1.00</td></tr><tr><td bgcolor=\\\"#FFEEAA\\\" align=\\\"center\\\">W</td> <td>1.00</td> <td>55.00</td> <td>30.00</td> <td>+25.00</td> <td>10.00</td>  <td>None</td>  <td>20.00</td>   <td>+1.00</td></tr></tr></table><b>Valuation in range: -9.00 to +9.00; global concordance: +5.00 </b>\", \"G\": \"<h1>Pairwise Comparison</h1><h2>Comparing actions : (D,G)</h2><table style=\\\"background-color:White\\\" border=\\\"1\\\"><tr bgcolor=\\\"#9acd32\\\"><th>crit.</th><th>wght.</th> <th>g(x)</th> <th>g(y)</th> <th>diff</th> <th>ind</th> <th>wp</th> <th>p</th> <th>concord</th> <th>wv</th> <th>v</th> <th>polarisation</th></tr><tr><td bgcolor=\\\"#FFEEAA\\\" align=\\\"center\\\">C</td> <td>3.00</td> <td>-14100.00</td> <td>-12000.00</td> <td>-2100.00</td> <td>1000.00</td>  <td>None</td>  <td>2500.00</td>   <td>+0.00</td></tr><tr><td bgcolor=\\\"#FFEEAA\\\" align=\\\"center\\\">Cf</td> <td>1.00</td> <td>30.00</td> <td>50.00</td> <td>-20.00</td> <td>10.00</td>  <td>None</td>  <td>20.00</td>   <td>-1.00</td></tr><tr><td bgcolor=\\\"#FFEEAA\\\" align=\\\"center\\\">P</td> <td>1.00</td> <td>90.00</td> <td>80.00</td> <td>+10.00</td> <td>10.00</td>  <td>None</td>  <td>20.00</td>   <td>+1.00</td></tr><tr><td bgcolor=\\\"#FFEEAA\\\" align=\\\"center\\\">Pr</td> <td>1.00</td> <td>70.00</td> <td>60.00</td> <td>+10.00</td> <td>10.00</td>  <td>None</td>  <td>20.00</td>   <td>+1.00</td></tr><tr><td bgcolor=\\\"#FFEEAA\\\" align=\\\"center\\\">St</td> <td>1.00</td> <td>30.00</td> <td>20.00</td> <td>+10.00</td> <td>10.00</td>  <td>None</td>  <td>20.00</td>   <td>+1.00</td></tr><tr><td bgcolor=\\\"#FFEEAA\\\" align=\\\"center\\\">V</td> <td>1.00</td> <td>50.00</td> <td>100.00</td> <td>-50.00</td> <td>10.00</td>  <td>None</td>  <td>20.00</td>   <td>-1.00</td></tr><tr><td bgcolor=\\\"#FFEEAA\\\" align=\\\"center\\\">W</td> <td>1.00</td> <td>55.00</td> <td>50.00</td> <td>+5.00</td> <td>10.00</td>  <td>None</td>  <td>20.00</td>   <td>+1.00</td></tr></tr></table><b>Valuation in range: -9.00 to +9.00; global concordance: +2.00 </b>\", \"E\": \"<h1>Pairwise Comparison</h1><h2>Comparing actions : (D,E)</h2><table style=\\\"background-color:White\\\" border=\\\"1\\\"><tr bgcolor=\\\"#9acd32\\\"><th>crit.</th><th>wght.</th> <th>g(x)</th> <th>g(y)</th> <th>diff</th> <th>ind</th> <th>wp</th> <th>p</th> <th>concord</th> <th>wv</th> <th>v</th> <th>polarisation</th></tr><tr><td bgcolor=\\\"#FFEEAA\\\" align=\\\"center\\\">C</td> <td>3.00</td> <td>-14100.00</td> <td>-34800.00</td> <td>+20700.00</td> <td>1000.00</td>  <td>None</td>  <td>2500.00</td>   <td>+3.00</td></tr><tr><td bgcolor=\\\"#FFEEAA\\\" align=\\\"center\\\">Cf</td> <td>1.00</td> <td>30.00</td> <td>60.00</td> <td>-30.00</td> <td>10.00</td>  <td>None</td>  <td>20.00</td>   <td>-1.00</td></tr><tr><td bgcolor=\\\"#FFEEAA\\\" align=\\\"center\\\">P</td> <td>1.00</td> <td>90.00</td> <td>70.00</td> <td>+20.00</td> <td>10.00</td>  <td>None</td>  <td>20.00</td>   <td>+1.00</td></tr><tr><td bgcolor=\\\"#FFEEAA\\\" align=\\\"center\\\">Pr</td> <td>1.00</td> <td>70.00</td> <td>40.00</td> <td>+30.00</td> <td>10.00</td>  <td>None</td>  <td>20.00</td>   <td>+1.00</td></tr><tr><td bgcolor=\\\"#FFEEAA\\\" align=\\\"center\\\">St</td> <td>1.00</td> <td>30.00</td> <td>90.00</td> <td>-60.00</td> <td>10.00</td>  <td>None</td>  <td>20.00</td>   <td>-1.00</td></tr><tr><td bgcolor=\\\"#FFEEAA\\\" align=\\\"center\\\">V</td> <td>1.00</td> <td>50.00</td> <td>60.00</td> <td>-10.00</td> <td>10.00</td>  <td>None</td>  <td>20.00</td>   <td>+1.00</td></tr><tr><td bgcolor=\\\"#FFEEAA\\\" align=\\\"center\\\">W</td> <td>1.00</td> <td>55.00</td> <td>100.00</td> <td>-45.00</td> <td>10.00</td>  <td>None</td>  <td>20.00</td>   <td>-1.00</td></tr></tr></table><b>Valuation in range: -9.00 to +9.00; global concordance: +3.00 </b>\"}, \"E\": {\"F\": \"<h1>Pairwise Comparison</h1><h2>Comparing actions : (E,F)</h2><table style=\\\"background-color:White\\\" border=\\\"1\\\"><tr bgcolor=\\\"#9acd32\\\"><th>crit.</th><th>wght.</th> <th>g(x)</th> <th>g(y)</th> <th>diff</th> <th>ind</th> <th>wp</th> <th>p</th> <th>concord</th> <th>wv</th> <th>v</th> <th>polarisation</th></tr><tr><td bgcolor=\\\"#FFEEAA\\\" align=\\\"center\\\">C</td> <td>3.00</td> <td>-34800.00</td> <td>-18600.00</td> <td>-16200.00</td> <td>1000.00</td>  <td>None</td>  <td>2500.00</td>   <td>-3.00</td></tr><tr><td bgcolor=\\\"#FFEEAA\\\" align=\\\"center\\\">Cf</td> <td>1.00</td> <td>60.00</td> <td>80.00</td> <td>-20.00</td> <td>10.00</td>  <td>None</td>  <td>20.00</td>   <td>-1.00</td></tr><tr><td bgcolor=\\\"#FFEEAA\\\" align=\\\"center\\\">P</td> <td>1.00</td> <td>70.00</td> <td>0.00</td> <td>+70.00</td> <td>10.00</td>  <td>None</td>  <td>20.00</td>   <td>+1.00</td></tr><tr><td bgcolor=\\\"#FFEEAA\\\" align=\\\"center\\\">Pr</td> <td>1.00</td> <td>40.00</td> <td>0.00</td> <td>+40.00</td> <td>10.00</td>  <td>None</td>  <td>20.00</td>   <td>+1.00</td></tr><tr><td bgcolor=\\\"#FFEEAA\\\" align=\\\"center\\\">St</td> <td>1.00</td> <td>90.00</td> <td>70.00</td> <td>+20.00</td> <td>10.00</td>  <td>None</td>  <td>20.00</td>   <td>+1.00</td></tr><tr><td bgcolor=\\\"#FFEEAA\\\" align=\\\"center\\\">V</td> <td>1.00</td> <td>60.00</td> <td>0.00</td> <td>+60.00</td> <td>10.00</td>  <td>None</td>  <td>20.00</td>   <td>+1.00</td></tr><tr><td bgcolor=\\\"#FFEEAA\\\" align=\\\"center\\\">W</td> <td>1.00</td> <td>100.00</td> <td>0.00</td> <td>+100.00</td> <td>10.00</td>  <td>None</td>  <td>20.00</td>   <td>+1.00</td><td></td> <td> 80.00</td> <td bgcolor=\\\"#ddffdd\\\">+1.00</td></tr></table><b>Valuation in range: -9.00 to +9.00; global concordance: +1.00 </b>\", \"C\": \"<h1>Pairwise Comparison</h1><h2>Comparing actions : (E,C)</h2><table style=\\\"background-color:White\\\" border=\\\"1\\\"><tr bgcolor=\\\"#9acd32\\\"><th>crit.</th><th>wght.</th> <th>g(x)</th> <th>g(y)</th> <th>diff</th> <th>ind</th> <th>wp</th> <th>p</th> <th>concord</th> <th>wv</th> <th>v</th> <th>polarisation</th></tr><tr><td bgcolor=\\\"#FFEEAA\\\" align=\\\"center\\\">C</td> <td>3.00</td> <td>-34800.00</td> <td>-6700.00</td> <td>-28100.00</td> <td>1000.00</td>  <td>None</td>  <td>2500.00</td>   <td>-3.00</td></tr><tr><td bgcolor=\\\"#FFEEAA\\\" align=\\\"center\\\">Cf</td> <td>1.00</td> <td>60.00</td> <td>10.00</td> <td>+50.00</td> <td>10.00</td>  <td>None</td>  <td>20.00</td>   <td>+1.00</td></tr><tr><td bgcolor=\\\"#FFEEAA\\\" align=\\\"center\\\">P</td> <td>1.00</td> <td>70.00</td> <td>100.00</td> <td>-30.00</td> <td>10.00</td>  <td>None</td>  <td>20.00</td>   <td>-1.00</td></tr><tr><td bgcolor=\\\"#FFEEAA\\\" align=\\\"center\\\">Pr</td> <td>1.00</td> <td>40.00</td> <td>80.00</td> <td>-40.00</td> <td>10.00</td>  <td>None</td>  <td>20.00</td>   <td>-1.00</td></tr><tr><td bgcolor=\\\"#FFEEAA\\\" align=\\\"center\\\">St</td> <td>1.00</td> <td>90.00</td> <td>0.00</td> <td>+90.00</td> <td>10.00</td>  <td>None</td>  <td>20.00</td>   <td>+1.00</td><td></td> <td> 80.00</td> <td bgcolor=\\\"#ddffdd\\\">+1.00</td><tr><td bgcolor=\\\"#FFEEAA\\\" align=\\\"center\\\">V</td> <td>1.00</td> <td>60.00</td> <td>70.00</td> <td>-10.00</td> <td>10.00</td>  <td>None</td>  <td>20.00</td>   <td>+1.00</td></tr><tr><td bgcolor=\\\"#FFEEAA\\\" align=\\\"center\\\">W</td> <td>1.00</td> <td>100.00</td> <td>0.00</td> <td>+100.00</td> <td>10.00</td>  <td>None</td>  <td>20.00</td>   <td>+1.00</td><td></td> <td> 80.00</td> <td bgcolor=\\\"#ddffdd\\\">+1.00</td></tr></table><b>Valuation in range: -9.00 to +9.00; global concordance: -1.00 </b>\", \"A\": \"<h1>Pairwise Comparison</h1><h2>Comparing actions : (E,A)</h2><table style=\\\"background-color:White\\\" border=\\\"1\\\"><tr bgcolor=\\\"#9acd32\\\"><th>crit.</th><th>wght.</th> <th>g(x)</th> <th>g(y)</th> <th>diff</th> <th>ind</th> <th>wp</th> <th>p</th> <th>concord</th> <th>wv</th> <th>v</th> <th>polarisation</th></tr><tr><td bgcolor=\\\"#FFEEAA\\\" align=\\\"center\\\">C</td> <td>3.00</td> <td>-34800.00</td> <td>-35000.00</td> <td>+200.00</td> <td>1000.00</td>  <td>None</td>  <td>2500.00</td>   <td>+3.00</td></tr><tr><td bgcolor=\\\"#FFEEAA\\\" align=\\\"center\\\">Cf</td> <td>1.00</td> <td>60.00</td> <td>0.00</td> <td>+60.00</td> <td>10.00</td>  <td>None</td>  <td>20.00</td>   <td>+1.00</td></tr><tr><td bgcolor=\\\"#FFEEAA\\\" align=\\\"center\\\">P</td> <td>1.00</td> <td>70.00</td> <td>90.00</td> <td>-20.00</td> <td>10.00</td>  <td>None</td>  <td>20.00</td>   <td>-1.00</td></tr><tr><td bgcolor=\\\"#FFEEAA\\\" align=\\\"center\\\">Pr</td> <td>1.00</td> <td>40.00</td> <td>100.00</td> <td>-60.00</td> <td>10.00</td>  <td>None</td>  <td>20.00</td>   <td>-1.00</td></tr><tr><td bgcolor=\\\"#FFEEAA\\\" align=\\\"center\\\">St</td> <td>1.00</td> <td>90.00</td> <td>100.00</td> <td>-10.00</td> <td>10.00</td>  <td>None</td>  <td>20.00</td>   <td>+1.00</td></tr><tr><td bgcolor=\\\"#FFEEAA\\\" align=\\\"center\\\">V</td> <td>1.00</td> <td>60.00</td> <td>60.00</td> <td>+0.00</td> <td>10.00</td>  <td>None</td>  <td>20.00</td>   <td>+1.00</td></tr><tr><td bgcolor=\\\"#FFEEAA\\\" align=\\\"center\\\">W</td> <td>1.00</td> <td>100.00</td> <td>75.00</td> <td>+25.00</td> <td>10.00</td>  <td>None</td>  <td>20.00</td>   <td>+1.00</td></tr></tr></table><b>Valuation in range: -9.00 to +9.00; global concordance: +5.00 </b>\", \"B\": \"<h1>Pairwise Comparison</h1><h2>Comparing actions : (E,B)</h2><table style=\\\"background-color:White\\\" border=\\\"1\\\"><tr bgcolor=\\\"#9acd32\\\"><th>crit.</th><th>wght.</th> <th>g(x)</th> <th>g(y)</th> <th>diff</th> <th>ind</th> <th>wp</th> <th>p</th> <th>concord</th> <th>wv</th> <th>v</th> <th>polarisation</th></tr><tr><td bgcolor=\\\"#FFEEAA\\\" align=\\\"center\\\">C</td> <td>3.00</td> <td>-34800.00</td> <td>-17800.00</td> <td>-17000.00</td> <td>1000.00</td>  <td>None</td>  <td>2500.00</td>   <td>-3.00</td></tr><tr><td bgcolor=\\\"#FFEEAA\\\" align=\\\"center\\\">Cf</td> <td>1.00</td> <td>60.00</td> <td>100.00</td> <td>-40.00</td> <td>10.00</td>  <td>None</td>  <td>20.00</td>   <td>-1.00</td></tr><tr><td bgcolor=\\\"#FFEEAA\\\" align=\\\"center\\\">P</td> <td>1.00</td> <td>70.00</td> <td>30.00</td> <td>+40.00</td> <td>10.00</td>  <td>None</td>  <td>20.00</td>   <td>+1.00</td></tr><tr><td bgcolor=\\\"#FFEEAA\\\" align=\\\"center\\\">Pr</td> <td>1.00</td> <td>40.00</td> <td>20.00</td> <td>+20.00</td> <td>10.00</td>  <td>None</td>  <td>20.00</td>   <td>+1.00</td></tr><tr><td bgcolor=\\\"#FFEEAA\\\" align=\\\"center\\\">St</td> <td>1.00</td> <td>90.00</td> <td>10.00</td> <td>+80.00</td> <td>10.00</td>  <td>None</td>  <td>20.00</td>   <td>+1.00</td><td></td> <td> 80.00</td> <td bgcolor=\\\"#ddffdd\\\">+1.00</td><tr><td bgcolor=\\\"#FFEEAA\\\" align=\\\"center\\\">V</td> <td>1.00</td> <td>60.00</td> <td>80.00</td> <td>-20.00</td> <td>10.00</td>  <td>None</td>  <td>20.00</td>   <td>-1.00</td></tr><tr><td bgcolor=\\\"#FFEEAA\\\" align=\\\"center\\\">W</td> <td>1.00</td> <td>100.00</td> <td>30.00</td> <td>+70.00</td> <td>10.00</td>  <td>None</td>  <td>20.00</td>   <td>+1.00</td></tr></tr></table><b>Valuation in range: -9.00 to +9.00; global concordance: -1.00 </b>\", \"D\": \"<h1>Pairwise Comparison</h1><h2>Comparing actions : (E,D)</h2><table style=\\\"background-color:White\\\" border=\\\"1\\\"><tr bgcolor=\\\"#9acd32\\\"><th>crit.</th><th>wght.</th> <th>g(x)</th> <th>g(y)</th> <th>diff</th> <th>ind</th> <th>wp</th> <th>p</th> <th>concord</th> <th>wv</th> <th>v</th> <th>polarisation</th></tr><tr><td bgcolor=\\\"#FFEEAA\\\" align=\\\"center\\\">C</td> <td>3.00</td> <td>-34800.00</td> <td>-14100.00</td> <td>-20700.00</td> <td>1000.00</td>  <td>None</td>  <td>2500.00</td>   <td>-3.00</td></tr><tr><td bgcolor=\\\"#FFEEAA\\\" align=\\\"center\\\">Cf</td> <td>1.00</td> <td>60.00</td> <td>30.00</td> <td>+30.00</td> <td>10.00</td>  <td>None</td>  <td>20.00</td>   <td>+1.00</td></tr><tr><td bgcolor=\\\"#FFEEAA\\\" align=\\\"center\\\">P</td> <td>1.00</td> <td>70.00</td> <td>90.00</td> <td>-20.00</td> <td>10.00</td>  <td>None</td>  <td>20.00</td>   <td>-1.00</td></tr><tr><td bgcolor=\\\"#FFEEAA\\\" align=\\\"center\\\">Pr</td> <td>1.00</td> <td>40.00</td> <td>70.00</td> <td>-30.00</td> <td>10.00</td>  <td>None</td>  <td>20.00</td>   <td>-1.00</td></tr><tr><td bgcolor=\\\"#FFEEAA\\\" align=\\\"center\\\">St</td> <td>1.00</td> <td>90.00</td> <td>30.00</td> <td>+60.00</td> <td>10.00</td>  <td>None</td>  <td>20.00</td>   <td>+1.00</td></tr><tr><td bgcolor=\\\"#FFEEAA\\\" align=\\\"center\\\">V</td> <td>1.00</td> <td>60.00</td> <td>50.00</td> <td>+10.00</td> <td>10.00</td>  <td>None</td>  <td>20.00</td>   <td>+1.00</td></tr><tr><td bgcolor=\\\"#FFEEAA\\\" align=\\\"center\\\">W</td> <td>1.00</td> <td>100.00</td> <td>55.00</td> <td>+45.00</td> <td>10.00</td>  <td>None</td>  <td>20.00</td>   <td>+1.00</td></tr></tr></table><b>Valuation in range: -9.00 to +9.00; global concordance: -1.00 </b>\", \"G\": \"<h1>Pairwise Comparison</h1><h2>Comparing actions : (E,G)</h2><table style=\\\"background-color:White\\\" border=\\\"1\\\"><tr bgcolor=\\\"#9acd32\\\"><th>crit.</th><th>wght.</th> <th>g(x)</th> <th>g(y)</th> <th>diff</th> <th>ind</th> <th>wp</th> <th>p</th> <th>concord</th> <th>wv</th> <th>v</th> <th>polarisation</th></tr><tr><td bgcolor=\\\"#FFEEAA\\\" align=\\\"center\\\">C</td> <td>3.00</td> <td>-34800.00</td> <td>-12000.00</td> <td>-22800.00</td> <td>1000.00</td>  <td>None</td>  <td>2500.00</td>   <td>-3.00</td></tr><tr><td bgcolor=\\\"#FFEEAA\\\" align=\\\"center\\\">Cf</td> <td>1.00</td> <td>60.00</td> <td>50.00</td> <td>+10.00</td> <td>10.00</td>  <td>None</td>  <td>20.00</td>   <td>+1.00</td></tr><tr><td bgcolor=\\\"#FFEEAA\\\" align=\\\"center\\\">P</td> <td>1.00</td> <td>70.00</td> <td>80.00</td> <td>-10.00</td> <td>10.00</td>  <td>None</td>  <td>20.00</td>   <td>+1.00</td></tr><tr><td bgcolor=\\\"#FFEEAA\\\" align=\\\"center\\\">Pr</td> <td>1.00</td> <td>40.00</td> <td>60.00</td> <td>-20.00</td> <td>10.00</td>  <td>None</td>  <td>20.00</td>   <td>-1.00</td></tr><tr><td bgcolor=\\\"#FFEEAA\\\" align=\\\"center\\\">St</td> <td>1.00</td> <td>90.00</td> <td>20.00</td> <td>+70.00</td> <td>10.00</td>  <td>None</td>  <td>20.00</td>   <td>+1.00</td></tr><tr><td bgcolor=\\\"#FFEEAA\\\" align=\\\"center\\\">V</td> <td>1.00</td> <td>60.00</td> <td>100.00</td> <td>-40.00</td> <td>10.00</td>  <td>None</td>  <td>20.00</td>   <td>-1.00</td></tr><tr><td bgcolor=\\\"#FFEEAA\\\" align=\\\"center\\\">W</td> <td>1.00</td> <td>100.00</td> <td>50.00</td> <td>+50.00</td> <td>10.00</td>  <td>None</td>  <td>20.00</td>   <td>+1.00</td></tr></tr></table><b>Valuation in range: -9.00 to +9.00; global concordance: -1.00 </b>\"}, \"G\": {\"F\": \"<h1>Pairwise Comparison</h1><h2>Comparing actions : (G,F)</h2><table style=\\\"background-color:White\\\" border=\\\"1\\\"><tr bgcolor=\\\"#9acd32\\\"><th>crit.</th><th>wght.</th> <th>g(x)</th> <th>g(y)</th> <th>diff</th> <th>ind</th> <th>wp</th> <th>p</th> <th>concord</th> <th>wv</th> <th>v</th> <th>polarisation</th></tr><tr><td bgcolor=\\\"#FFEEAA\\\" align=\\\"center\\\">C</td> <td>3.00</td> <td>-12000.00</td> <td>-18600.00</td> <td>+6600.00</td> <td>1000.00</td>  <td>None</td>  <td>2500.00</td>   <td>+3.00</td></tr><tr><td bgcolor=\\\"#FFEEAA\\\" align=\\\"center\\\">Cf</td> <td>1.00</td> <td>50.00</td> <td>80.00</td> <td>-30.00</td> <td>10.00</td>  <td>None</td>  <td>20.00</td>   <td>-1.00</td></tr><tr><td bgcolor=\\\"#FFEEAA\\\" align=\\\"center\\\">P</td> <td>1.00</td> <td>80.00</td> <td>0.00</td> <td>+80.00</td> <td>10.00</td>  <td>None</td>  <td>20.00</td>   <td>+1.00</td><td></td> <td> 80.00</td> <td bgcolor=\\\"#ddffdd\\\">+1.00</td><tr><td bgcolor=\\\"#FFEEAA\\\" align=\\\"center\\\">Pr</td> <td>1.00</td> <td>60.00</td> <td>0.00</td> <td>+60.00</td> <td>10.00</td>  <td>None</td>  <td>20.00</td>   <td>+1.00</td></tr><tr><td bgcolor=\\\"#FFEEAA\\\" align=\\\"center\\\">St</td> <td>1.00</td> <td>20.00</td> <td>70.00</td> <td>-50.00</td> <td>10.00</td>  <td>None</td>  <td>20.00</td>   <td>-1.00</td></tr><tr><td bgcolor=\\\"#FFEEAA\\\" align=\\\"center\\\">V</td> <td>1.00</td> <td>100.00</td> <td>0.00</td> <td>+100.00</td> <td>10.00</td>  <td>None</td>  <td>20.00</td>   <td>+1.00</td><td></td> <td> 80.00</td> <td bgcolor=\\\"#ddffdd\\\">+1.00</td><tr><td bgcolor=\\\"#FFEEAA\\\" align=\\\"center\\\">W</td> <td>1.00</td> <td>50.00</td> <td>0.00</td> <td>+50.00</td> <td>10.00</td>  <td>None</td>  <td>20.00</td>   <td>+1.00</td></tr></tr></table><b>Valuation in range: -9.00 to +9.00; global concordance: +5.00 </b>\", \"C\": \"<h1>Pairwise Comparison</h1><h2>Comparing actions : (G,C)</h2><table style=\\\"background-color:White\\\" border=\\\"1\\\"><tr bgcolor=\\\"#9acd32\\\"><th>crit.</th><th>wght.</th> <th>g(x)</th> <th>g(y)</th> <th>diff</th> <th>ind</th> <th>wp</th> <th>p</th> <th>concord</th> <th>wv</th> <th>v</th> <th>polarisation</th></tr><tr><td bgcolor=\\\"#FFEEAA\\\" align=\\\"center\\\">C</td> <td>3.00</td> <td>-12000.00</td> <td>-6700.00</td> <td>-5300.00</td> <td>1000.00</td>  <td>None</td>  <td>2500.00</td>   <td>-3.00</td></tr><tr><td bgcolor=\\\"#FFEEAA\\\" align=\\\"center\\\">Cf</td> <td>1.00</td> <td>50.00</td> <td>10.00</td> <td>+40.00</td> <td>10.00</td>  <td>None</td>  <td>20.00</td>   <td>+1.00</td></tr><tr><td bgcolor=\\\"#FFEEAA\\\" align=\\\"center\\\">P</td> <td>1.00</td> <td>80.00</td> <td>100.00</td> <td>-20.00</td> <td>10.00</td>  <td>None</td>  <td>20.00</td>   <td>-1.00</td></tr><tr><td bgcolor=\\\"#FFEEAA\\\" align=\\\"center\\\">Pr</td> <td>1.00</td> <td>60.00</td> <td>80.00</td> <td>-20.00</td> <td>10.00</td>  <td>None</td>  <td>20.00</td>   <td>-1.00</td></tr><tr><td bgcolor=\\\"#FFEEAA\\\" align=\\\"center\\\">St</td> <td>1.00</td> <td>20.00</td> <td>0.00</td> <td>+20.00</td> <td>10.00</td>  <td>None</td>  <td>20.00</td>   <td>+1.00</td></tr><tr><td bgcolor=\\\"#FFEEAA\\\" align=\\\"center\\\">V</td> <td>1.00</td> <td>100.00</td> <td>70.00</td> <td>+30.00</td> <td>10.00</td>  <td>None</td>  <td>20.00</td>   <td>+1.00</td></tr><tr><td bgcolor=\\\"#FFEEAA\\\" align=\\\"center\\\">W</td> <td>1.00</td> <td>50.00</td> <td>0.00</td> <td>+50.00</td> <td>10.00</td>  <td>None</td>  <td>20.00</td>   <td>+1.00</td></tr></tr></table><b>Valuation in range: -9.00 to +9.00; global concordance: -1.00 </b>\", \"A\": \"<h1>Pairwise Comparison</h1><h2>Comparing actions : (G,A)</h2><table style=\\\"background-color:White\\\" border=\\\"1\\\"><tr bgcolor=\\\"#9acd32\\\"><th>crit.</th><th>wght.</th> <th>g(x)</th> <th>g(y)</th> <th>diff</th> <th>ind</th> <th>wp</th> <th>p</th> <th>concord</th> <th>wv</th> <th>v</th> <th>polarisation</th></tr><tr><td bgcolor=\\\"#FFEEAA\\\" align=\\\"center\\\">C</td> <td>3.00</td> <td>-12000.00</td> <td>-35000.00</td> <td>+23000.00</td> <td>1000.00</td>  <td>None</td>  <td>2500.00</td>   <td>+3.00</td></tr><tr><td bgcolor=\\\"#FFEEAA\\\" align=\\\"center\\\">Cf</td> <td>1.00</td> <td>50.00</td> <td>0.00</td> <td>+50.00</td> <td>10.00</td>  <td>None</td>  <td>20.00</td>   <td>+1.00</td></tr><tr><td bgcolor=\\\"#FFEEAA\\\" align=\\\"center\\\">P</td> <td>1.00</td> <td>80.00</td> <td>90.00</td> <td>-10.00</td> <td>10.00</td>  <td>None</td>  <td>20.00</td>   <td>+1.00</td></tr><tr><td bgcolor=\\\"#FFEEAA\\\" align=\\\"center\\\">Pr</td> <td>1.00</td> <td>60.00</td> <td>100.00</td> <td>-40.00</td> <td>10.00</td>  <td>None</td>  <td>20.00</td>   <td>-1.00</td></tr><tr><td bgcolor=\\\"#FFEEAA\\\" align=\\\"center\\\">St</td> <td>1.00</td> <td>20.00</td> <td>100.00</td> <td>-80.00</td> <td>10.00</td>  <td>None</td>  <td>20.00</td>   <td>-1.00</td><td></td> <td> 80.00</td> <td bgcolor=\\\"#ffddff\\\">-1.00</td><tr><td bgcolor=\\\"#FFEEAA\\\" align=\\\"center\\\">V</td> <td>1.00</td> <td>100.00</td> <td>60.00</td> <td>+40.00</td> <td>10.00</td>  <td>None</td>  <td>20.00</td>   <td>+1.00</td></tr><tr><td bgcolor=\\\"#FFEEAA\\\" align=\\\"center\\\">W</td> <td>1.00</td> <td>50.00</td> <td>75.00</td> <td>-25.00</td> <td>10.00</td>  <td>None</td>  <td>20.00</td>   <td>-1.00</td></tr></tr></table><b>Valuation in range: -9.00 to +9.00; global concordance: +3.00 </b>\", \"B\": \"<h1>Pairwise Comparison</h1><h2>Comparing actions : (G,B)</h2><table style=\\\"background-color:White\\\" border=\\\"1\\\"><tr bgcolor=\\\"#9acd32\\\"><th>crit.</th><th>wght.</th> <th>g(x)</th> <th>g(y)</th> <th>diff</th> <th>ind</th> <th>wp</th> <th>p</th> <th>concord</th> <th>wv</th> <th>v</th> <th>polarisation</th></tr><tr><td bgcolor=\\\"#FFEEAA\\\" align=\\\"center\\\">C</td> <td>3.00</td> <td>-12000.00</td> <td>-17800.00</td> <td>+5800.00</td> <td>1000.00</td>  <td>None</td>  <td>2500.00</td>   <td>+3.00</td></tr><tr><td bgcolor=\\\"#FFEEAA\\\" align=\\\"center\\\">Cf</td> <td>1.00</td> <td>50.00</td> <td>100.00</td> <td>-50.00</td> <td>10.00</td>  <td>None</td>  <td>20.00</td>   <td>-1.00</td></tr><tr><td bgcolor=\\\"#FFEEAA\\\" align=\\\"center\\\">P</td> <td>1.00</td> <td>80.00</td> <td>30.00</td> <td>+50.00</td> <td>10.00</td>  <td>None</td>  <td>20.00</td>   <td>+1.00</td></tr><tr><td bgcolor=\\\"#FFEEAA\\\" align=\\\"center\\\">Pr</td> <td>1.00</td> <td>60.00</td> <td>20.00</td> <td>+40.00</td> <td>10.00</td>  <td>None</td>  <td>20.00</td>   <td>+1.00</td></tr><tr><td bgcolor=\\\"#FFEEAA\\\" align=\\\"center\\\">St</td> <td>1.00</td> <td>20.00</td> <td>10.00</td> <td>+10.00</td> <td>10.00</td>  <td>None</td>  <td>20.00</td>   <td>+1.00</td></tr><tr><td bgcolor=\\\"#FFEEAA\\\" align=\\\"center\\\">V</td> <td>1.00</td> <td>100.00</td> <td>80.00</td> <td>+20.00</td> <td>10.00</td>  <td>None</td>  <td>20.00</td>   <td>+1.00</td></tr><tr><td bgcolor=\\\"#FFEEAA\\\" align=\\\"center\\\">W</td> <td>1.00</td> <td>50.00</td> <td>30.00</td> <td>+20.00</td> <td>10.00</td>  <td>None</td>  <td>20.00</td>   <td>+1.00</td></tr></tr></table><b>Valuation in range: -9.00 to +9.00; global concordance: +7.00 </b>\", \"D\": \"<h1>Pairwise Comparison</h1><h2>Comparing actions : (G,D)</h2><table style=\\\"background-color:White\\\" border=\\\"1\\\"><tr bgcolor=\\\"#9acd32\\\"><th>crit.</th><th>wght.</th> <th>g(x)</th> <th>g(y)</th> <th>diff</th> <th>ind</th> <th>wp</th> <th>p</th> <th>concord</th> <th>wv</th> <th>v</th> <th>polarisation</th></tr><tr><td bgcolor=\\\"#FFEEAA\\\" align=\\\"center\\\">C</td> <td>3.00</td> <td>-12000.00</td> <td>-14100.00</td> <td>+2100.00</td> <td>1000.00</td>  <td>None</td>  <td>2500.00</td>   <td>+3.00</td></tr><tr><td bgcolor=\\\"#FFEEAA\\\" align=\\\"center\\\">Cf</td> <td>1.00</td> <td>50.00</td> <td>30.00</td> <td>+20.00</td> <td>10.00</td>  <td>None</td>  <td>20.00</td>   <td>+1.00</td></tr><tr><td bgcolor=\\\"#FFEEAA\\\" align=\\\"center\\\">P</td> <td>1.00</td> <td>80.00</td> <td>90.00</td> <td>-10.00</td> <td>10.00</td>  <td>None</td>  <td>20.00</td>   <td>+1.00</td></tr><tr><td bgcolor=\\\"#FFEEAA\\\" align=\\\"center\\\">Pr</td> <td>1.00</td> <td>60.00</td> <td>70.00</td> <td>-10.00</td> <td>10.00</td>  <td>None</td>  <td>20.00</td>   <td>+1.00</td></tr><tr><td bgcolor=\\\"#FFEEAA\\\" align=\\\"center\\\">St</td> <td>1.00</td> <td>20.00</td> <td>30.00</td> <td>-10.00</td> <td>10.00</td>  <td>None</td>  <td>20.00</td>   <td>+1.00</td></tr><tr><td bgcolor=\\\"#FFEEAA\\\" align=\\\"center\\\">V</td> <td>1.00</td> <td>100.00</td> <td>50.00</td> <td>+50.00</td> <td>10.00</td>  <td>None</td>  <td>20.00</td>   <td>+1.00</td></tr><tr><td bgcolor=\\\"#FFEEAA\\\" align=\\\"center\\\">W</td> <td>1.00</td> <td>50.00</td> <td>55.00</td> <td>-5.00</td> <td>10.00</td>  <td>None</td>  <td>20.00</td>   <td>+1.00</td></tr></tr></table><b>Valuation in range: -9.00 to +9.00; global concordance: +9.00 </b>\", \"E\": \"<h1>Pairwise Comparison</h1><h2>Comparing actions : (G,E)</h2><table style=\\\"background-color:White\\\" border=\\\"1\\\"><tr bgcolor=\\\"#9acd32\\\"><th>crit.</th><th>wght.</th> <th>g(x)</th> <th>g(y)</th> <th>diff</th> <th>ind</th> <th>wp</th> <th>p</th> <th>concord</th> <th>wv</th> <th>v</th> <th>polarisation</th></tr><tr><td bgcolor=\\\"#FFEEAA\\\" align=\\\"center\\\">C</td> <td>3.00</td> <td>-12000.00</td> <td>-34800.00</td> <td>+22800.00</td> <td>1000.00</td>  <td>None</td>  <td>2500.00</td>   <td>+3.00</td></tr><tr><td bgcolor=\\\"#FFEEAA\\\" align=\\\"center\\\">Cf</td> <td>1.00</td> <td>50.00</td> <td>60.00</td> <td>-10.00</td> <td>10.00</td>  <td>None</td>  <td>20.00</td>   <td>+1.00</td></tr><tr><td bgcolor=\\\"#FFEEAA\\\" align=\\\"center\\\">P</td> <td>1.00</td> <td>80.00</td> <td>70.00</td> <td>+10.00</td> <td>10.00</td>  <td>None</td>  <td>20.00</td>   <td>+1.00</td></tr><tr><td bgcolor=\\\"#FFEEAA\\\" align=\\\"center\\\">Pr</td> <td>1.00</td> <td>60.00</td> <td>40.00</td> <td>+20.00</td> <td>10.00</td>  <td>None</td>  <td>20.00</td>   <td>+1.00</td></tr><tr><td bgcolor=\\\"#FFEEAA\\\" align=\\\"center\\\">St</td> <td>1.00</td> <td>20.00</td> <td>90.00</td> <td>-70.00</td> <td>10.00</td>  <td>None</td>  <td>20.00</td>   <td>-1.00</td></tr><tr><td bgcolor=\\\"#FFEEAA\\\" align=\\\"center\\\">V</td> <td>1.00</td> <td>100.00</td> <td>60.00</td> <td>+40.00</td> <td>10.00</td>  <td>None</td>  <td>20.00</td>   <td>+1.00</td></tr><tr><td bgcolor=\\\"#FFEEAA\\\" align=\\\"center\\\">W</td> <td>1.00</td> <td>50.00</td> <td>100.00</td> <td>-50.00</td> <td>10.00</td>  <td>None</td>  <td>20.00</td>   <td>-1.00</td></tr></tr></table><b>Valuation in range: -9.00 to +9.00; global concordance: +5.00 </b>\"}}", "xmcda2": "<?xml version=\"1.0\" encoding=\"UTF-8\"?><?xml-stylesheet type=\"text/xsl\" href=\"xmcdaXSL.xsl\"?><xmcda:XMCDA xmlns:xsi=\"http://www.w3.org/2001/XMLSchema-instance\" xsi:schemaLocation=\"http://www.decision-deck.org/2009/UMCDA-2.0.0 file:../XMCDA-2.0.0.xsd\" xmlns:xmcda=\"http://www.decision-deck.org/2009/XMCDA-2.0.0\"><projectReference id=\"outranking_converse-dual_rel_officeChoice.xml-0\" name=\"converse-dual_rel_officeChoice.xml\"><title>Stored Digraph in XMCDA-2.0 format</title><user>digraphs Module (RB)</user><version>saved from Python</version></projectReference><alternatives mcdaConcept=\"Digraph nodes\"><description><title>Nodes of the digraph</title><comment>Set of nodes of the digraph.</comment></description><alternative id=\"A\" name=\"Avenue de la Libert\u00e9\"><description><comment>High standing city centre</comment></description><type>real</type><active>true</active><reference>false</reference></alternative><alternative id=\"B\" name=\"Bonnevoie\"><description><comment>Industrial environment</comment></description><type>real</type><active>true</active><reference>false</reference></alternative><alternative id=\"C\" name=\"Cessange\"><description><comment>suburb location</comment></description><type>real</type><active>true</active><reference>false</reference></alternative><alternative id=\"D\" name=\"Dommeldange\"><description><comment>Industrial suburb environment</comment></description><type>real</type><active>true</active><reference>false</reference></alternative><alternative id=\"E\" name=\"Esch-Belval\"><description><comment>New and ambitious urbanization far from the city</comment></description><type>real</type><active>true</active><reference>false</reference></alternative><alternative id=\"F\" name=\"Fentange\"><description><comment>Out in the countryside</comment></description><type>real</type><active>true</active><reference>false</reference></alternative><alternative id=\"G\" name=\"Avenue de la Gare\"><description><comment>Main town shopping aera</comment></description><type>real</type><active>true</active><reference>false</reference></alternative></alternatives><alternativesComparisons id=\"1\" name=\"R\"><description><title>Randomly Valued Binary Relation</title><comment>random valued Digraph</comment></description><valuation name=\"valuationDomain\"><description><subTitle>Valuation Domain</subTitle></description><quantitative><minimum><real>-100.00</real></minimum><maximum><real>100.00</real></maximum></quantitative></valuation><comparisonType>R</comparisonType><pairs><description><subTitle>Valued Adjacency Table</subTitle><comment>random valued Digraph</comment></description><pair><initial><alternativeID>F</alternativeID></initial><terminal><alternativeID>F</alternativeID></terminal><value><real>0.00</real></value></pair><pair><initial><alternativeID>F</alternativeID></initial><terminal><alternativeID>C</alternativeID></terminal><value><real>-100.00</real></value></pair><pair><initial><alternativeID>F</alternativeID></initial><terminal><alternativeID>A</alternativeID></terminal><value><real>0.00</real></value></pair><pair><initial><alternativeID>F</alternativeID></initial><terminal><alternativeID>B</alternativeID></terminal><value><real>-100.00</real></value></pair><pair><initial><alternativeID>F</alternativeID></initial><terminal><alternativeID>D</alternativeID></terminal><value><real>-100.00</real></value></pair><pair><initial><alternativeID>F</alternativeID></initial><terminal><alternativeID>E</alternativeID></terminal><value><real>-100.00</real></value></pair><pair><initial><alternativeID>F</alternativeID></initial><terminal><alternativeID>G</alternativeID></terminal><value><real>-100.00</real></value></pair><pair><initial><alternativeID>C</alternativeID></initial><terminal><alternativeID>F</alternativeID></terminal><value><real>100.00</real></value></pair><pair><initial><alternativeID>C</alternativeID></initial><terminal><alternativeID>C</alternativeID></terminal><value><real>0.00</real></value></pair><pair><initial><alternativeID>C</alternativeID></initial><terminal><alternativeID>A</alternativeID></terminal><value><real>-100.00</real></value></pair><pair><initial><alternativeID>C</alternativeID></initial><terminal><alternativeID>B</alternativeID></terminal><value><real>0.00</real></value></pair><pair><initial><alternativeID>C</alternativeID></initial><terminal><alternativeID>D</alternativeID></terminal><value><real>-11.11</real></value></pair><pair><initial><alternativeID>C</alternativeID></initial><terminal><alternativeID>E</alternativeID></terminal><value><real>0.00</real></value></pair><pair><initial><alternativeID>C</alternativeID></initial><terminal><alternativeID>G</alternativeID></terminal><value><real>11.11</real></value></pair><pair><initial><alternativeID>A</alternativeID></initial><terminal><alternativeID>F</alternativeID></terminal><value><real>0.00</real></value></pair><pair><initial><alternativeID>A</alternativeID></initial><terminal><alternativeID>C</alternativeID></terminal><value><real>0.00</real></value></pair><pair><initial><alternativeID>A</alternativeID></initial><terminal><alternativeID>A</alternativeID></terminal><value><real>0.00</real></value></pair><pair><initial><alternativeID>A</alternativeID></initial><terminal><alternativeID>B</alternativeID></terminal><value><real>0.00</real></value></pair><pair><initial><alternativeID>A</alternativeID></initial><terminal><alternativeID>D</alternativeID></terminal><value><real>-33.33</real></value></pair><pair><initial><alternativeID>A</alternativeID></initial><terminal><alternativeID>E</alternativeID></terminal><value><real>-55.56</real></value></pair><pair><initial><alternativeID>A</alternativeID></initial><terminal><alternativeID>G</alternativeID></terminal><value><real>0.00</real></value></pair><pair><initial><alternativeID>B</alternativeID></initial><terminal><alternativeID>F</alternativeID></terminal><value><real>100.00</real></value></pair><pair><initial><alternativeID>B</alternativeID></initial><terminal><alternativeID>C</alternativeID></terminal><value><real>0.00</real></value></pair><pair><initial><alternativeID>B</alternativeID></initial><terminal><alternativeID>A</alternativeID></terminal><value><real>0.00</real></value></pair><pair><initial><alternativeID>B</alternativeID></initial><terminal><alternativeID>B</alternativeID></terminal><value><real>0.00</real></value></pair><pair><initial><alternativeID>B</alternativeID></initial><terminal><alternativeID>D</alternativeID></terminal><value><real>-55.56</real></value></pair><pair><initial><alternativeID>B</alternativeID></initial><terminal><alternativeID>E</alternativeID></terminal><value><real>0.00</real></value></pair><pair><initial><alternativeID>B</alternativeID></initial><terminal><alternativeID>G</alternativeID></terminal><value><real>-77.78</real></value></pair><pair><initial><alternativeID>D</alternativeID></initial><terminal><alternativeID>F</alternativeID></terminal><value><real>100.00</real></value></pair><pair><initial><alternativeID>D</alternativeID></initial><terminal><alternativeID>C</alternativeID></terminal><value><real>-33.33</real></value></pair><pair><initial><alternativeID>D</alternativeID></initial><terminal><alternativeID>A</alternativeID></terminal><value><real>-11.11</real></value></pair><pair><initial><alternativeID>D</alternativeID></initial><terminal><alternativeID>B</alternativeID></terminal><value><real>55.56</real></value></pair><pair><initial><alternativeID>D</alternativeID></initial><terminal><alternativeID>D</alternativeID></terminal><value><real>0.00</real></value></pair><pair><initial><alternativeID>D</alternativeID></initial><terminal><alternativeID>E</alternativeID></terminal><value><real>11.11</real></value></pair><pair><initial><alternativeID>D</alternativeID></initial><terminal><alternativeID>G</alternativeID></terminal><value><real>-100.00</real></value></pair><pair><initial><alternativeID>E</alternativeID></initial><terminal><alternativeID>F</alternativeID></terminal><value><real>100.00</real></value></pair><pair><initial><alternativeID>E</alternativeID></initial><terminal><alternativeID>C</alternativeID></terminal><value><real>0.00</real></value></pair><pair><initial><alternativeID>E</alternativeID></initial><terminal><alternativeID>A</alternativeID></terminal><value><real>-55.56</real></value></pair><pair><initial><alternativeID>E</alternativeID></initial><terminal><alternativeID>B</alternativeID></terminal><value><real>0.00</real></value></pair><pair><initial><alternativeID>E</alternativeID></initial><terminal><alternativeID>D</alternativeID></terminal><value><real>-33.33</real></value></pair><pair><initial><alternativeID>E</alternativeID></initial><terminal><alternativeID>E</alternativeID></terminal><value><real>0.00</real></value></pair><pair><initial><alternativeID>E</alternativeID></initial><terminal><alternativeID>G</alternativeID></terminal><value><real>-55.56</real></value></pair><pair><initial><alternativeID>G</alternativeID></initial><terminal><alternativeID>F</alternativeID></terminal><value><real>100.00</real></value></pair><pair><initial><alternativeID>G</alternativeID></initial><terminal><alternativeID>C</alternativeID></terminal><value><real>-11.11</real></value></pair><pair><initial><alternativeID>G</alternativeID></initial><terminal><alternativeID>A</alternativeID></terminal><value><real>0.00</real></value></pair><pair><initial><alternativeID>G</alternativeID></initial><terminal><alternativeID>B</alternativeID></terminal><value><real>55.56</real></value></pair><pair><initial><alternativeID>G</alternativeID></initial><terminal><alternativeID>D</alternativeID></terminal><value><real>-22.22</real></value></pair><pair><initial><alternativeID>G</alternativeID></initial><terminal><alternativeID>E</alternativeID></terminal><value><real>11.11</real></value></pair><pair><initial><alternativeID>G</alternativeID></initial><terminal><alternativeID>G</alternativeID></terminal><value><real>0.00</real></value></pair></pairs></alternativesComparisons></xmcda:XMCDA>"}