<?xml version="1.0" encoding="UTF-8"?>
<?xml-stylesheet type="text/xsl" href="xmcda2Rubis.xsl"?>
<xmcda:XMCDA xmlns:xsi="http://www.w3.org/2001/XMLSchema-instance" xsi:schemaLocation="http://www.decision-deck.org/2009/XMCDA-2.0.0 file:../XMCDA-2.0.0.xsd" xmlns:xmcda="http://www.decision-deck.org/2009/XMCDA-2.0.0">
<projectReference id="testdigraph" name="random10-20">
<title>Valued Digraph in XMCDA-2.0 format</title>
<user>R. Bisdorff</user>
<version>Test XML implementation</version>
</projectReference>
<alternatives mcdaConcept="Digraph nodes">
<description>
<title>Nodes of the digraph</title>
<comment>Set of nodes of the digraph.</comment>
</description>
<alternative id="1" name="nameless">
<description>
<comment>No comment</comment>
</description>
<type>real</type>
<active>true</active>
<reference>false</reference>
</alternative>
<alternative id="10" name="nameless">
<description>
<comment>No comment</comment>
</description>
<type>real</type>
<active>true</active>
<reference>false</reference>
</alternative>
<alternative id="2" name="nameless">
<description>
<comment>No comment</comment>
</description>
<type>real</type>
<active>true</active>
<reference>false</reference>
</alternative>
<alternative id="3" name="nameless">
<description>
<comment>No comment</comment>
</description>
<type>real</type>
<active>true</active>
<reference>false</reference>
</alternative>
<alternative id="4" name="nameless">
<description>
<comment>No comment</comment>
</description>
<type>real</type>
<active>true</active>
<reference>false</reference>
</alternative>
<alternative id="5" name="nameless">
<description>
<comment>No comment</comment>
</description>
<type>real</type>
<active>true</active>
<reference>false</reference>
</alternative>
<alternative id="6" name="nameless">
<description>
<comment>No comment</comment>
</description>
<type>real</type>
<active>true</active>
<reference>false</reference>
</alternative>
<alternative id="7" name="nameless">
<description>
<comment>No comment</comment>
</description>
<type>real</type>
<active>true</active>
<reference>false</reference>
</alternative>
<alternative id="8" name="nameless">
<description>
<comment>No comment</comment>
</description>
<type>real</type>
<active>true</active>
<reference>false</reference>
</alternative>
<alternative id="9" name="nameless">
<description>
<comment>No comment</comment>
</description>
<type>real</type>
<active>true</active>
<reference>false</reference>
</alternative>
</alternatives>
<alternativesComparisons id="1" name="R">
<description>
<title>Randomly Valued Binary Relation</title>
<comment>general general Digraph</comment>
</description>
<valuation name="valuationDomain">
<description>
<subTitle>Valuation Domain</subTitle>
</description>
<quantitative><minimum><real>0.00</real></minimum>
<maximum><real>1.00</real></maximum>
</quantitative>
</valuation>
<comparisonType>R</comparisonType>
<pairs>
<description>
<subTitle>Valued Adjacency Table</subTitle>
<comment>general general Digraph</comment>
</description>
<pair>
<initial><alternativeID>1</alternativeID></initial>
<terminal><alternativeID>1</alternativeID></terminal>
<value><real>0.00</real></value>
</pair>
<pair>
<initial><alternativeID>1</alternativeID></initial>
<terminal><alternativeID>2</alternativeID></terminal>
<value><real>0.00</real></value>
</pair>
<pair>
<initial><alternativeID>1</alternativeID></initial>
<terminal><alternativeID>3</alternativeID></terminal>
<value><real>1.00</real></value>
</pair>
<pair>
<initial><alternativeID>1</alternativeID></initial>
<terminal><alternativeID>4</alternativeID></terminal>
<value><real>0.00</real></value>
</pair>
<pair>
<initial><alternativeID>1</alternativeID></initial>
<terminal><alternativeID>5</alternativeID></terminal>
<value><real>0.00</real></value>
</pair>
<pair>
<initial><alternativeID>1</alternativeID></initial>
<terminal><alternativeID>6</alternativeID></terminal>
<value><real>0.00</real></value>
</pair>
<pair>
<initial><alternativeID>1</alternativeID></initial>
<terminal><alternativeID>7</alternativeID></terminal>
<value><real>0.00</real></value>
</pair>
<pair>
<initial><alternativeID>1</alternativeID></initial>
<terminal><alternativeID>8</alternativeID></terminal>
<value><real>0.00</real></value>
</pair>
<pair>
<initial><alternativeID>1</alternativeID></initial>
<terminal><alternativeID>9</alternativeID></terminal>
<value><real>0.00</real></value>
</pair>
<pair>
<initial><alternativeID>1</alternativeID></initial>
<terminal><alternativeID>10</alternativeID></terminal>
<value><real>0.00</real></value>
</pair>
<pair>
<initial><alternativeID>2</alternativeID></initial>
<terminal><alternativeID>1</alternativeID></terminal>
<value><real>1.00</real></value>
</pair>
<pair>
<initial><alternativeID>2</alternativeID></initial>
<terminal><alternativeID>2</alternativeID></terminal>
<value><real>0.00</real></value>
</pair>
<pair>
<initial><alternativeID>2</alternativeID></initial>
<terminal><alternativeID>3</alternativeID></terminal>
<value><real>1.00</real></value>
</pair>
<pair>
<initial><alternativeID>2</alternativeID></initial>
<terminal><alternativeID>4</alternativeID></terminal>
<value><real>0.00</real></value>
</pair>
<pair>
<initial><alternativeID>2</alternativeID></initial>
<terminal><alternativeID>5</alternativeID></terminal>
<value><real>0.00</real></value>
</pair>
<pair>
<initial><alternativeID>2</alternativeID></initial>
<terminal><alternativeID>6</alternativeID></terminal>
<value><real>0.00</real></value>
</pair>
<pair>
<initial><alternativeID>2</alternativeID></initial>
<terminal><alternativeID>7</alternativeID></terminal>
<value><real>1.00</real></value>
</pair>
<pair>
<initial><alternativeID>2</alternativeID></initial>
<terminal><alternativeID>8</alternativeID></terminal>
<value><real>1.00</real></value>
</pair>
<pair>
<initial><alternativeID>2</alternativeID></initial>
<terminal><alternativeID>9</alternativeID></terminal>
<value><real>0.00</real></value>
</pair>
<pair>
<initial><alternativeID>2</alternativeID></initial>
<terminal><alternativeID>10</alternativeID></terminal>
<value><real>0.00</real></value>
</pair>
<pair>
<initial><alternativeID>3</alternativeID></initial>
<terminal><alternativeID>1</alternativeID></terminal>
<value><real>0.00</real></value>
</pair>
<pair>
<initial><alternativeID>3</alternativeID></initial>
<terminal><alternativeID>2</alternativeID></terminal>
<value><real>0.00</real></value>
</pair>
<pair>
<initial><alternativeID>3</alternativeID></initial>
<terminal><alternativeID>3</alternativeID></terminal>
<value><real>0.00</real></value>
</pair>
<pair>
<initial><alternativeID>3</alternativeID></initial>
<terminal><alternativeID>4</alternativeID></terminal>
<value><real>0.00</real></value>
</pair>
<pair>
<initial><alternativeID>3</alternativeID></initial>
<terminal><alternativeID>5</alternativeID></terminal>
<value><real>0.00</real></value>
</pair>
<pair>
<initial><alternativeID>3</alternativeID></initial>
<terminal><alternativeID>6</alternativeID></terminal>
<value><real>1.00</real></value>
</pair>
<pair>
<initial><alternativeID>3</alternativeID></initial>
<terminal><alternativeID>7</alternativeID></terminal>
<value><real>1.00</real></value>
</pair>
<pair>
<initial><alternativeID>3</alternativeID></initial>
<terminal><alternativeID>8</alternativeID></terminal>
<value><real>0.00</real></value>
</pair>
<pair>
<initial><alternativeID>3</alternativeID></initial>
<terminal><alternativeID>9</alternativeID></terminal>
<value><real>0.00</real></value>
</pair>
<pair>
<initial><alternativeID>3</alternativeID></initial>
<terminal><alternativeID>10</alternativeID></terminal>
<value><real>0.00</real></value>
</pair>
<pair>
<initial><alternativeID>4</alternativeID></initial>
<terminal><alternativeID>1</alternativeID></terminal>
<value><real>0.00</real></value>
</pair>
<pair>
<initial><alternativeID>4</alternativeID></initial>
<terminal><alternativeID>2</alternativeID></terminal>
<value><real>0.00</real></value>
</pair>
<pair>
<initial><alternativeID>4</alternativeID></initial>
<terminal><alternativeID>3</alternativeID></terminal>
<value><real>0.00</real></value>
</pair>
<pair>
<initial><alternativeID>4</alternativeID></initial>
<terminal><alternativeID>4</alternativeID></terminal>
<value><real>0.00</real></value>
</pair>
<pair>
<initial><alternativeID>4</alternativeID></initial>
<terminal><alternativeID>5</alternativeID></terminal>
<value><real>0.00</real></value>
</pair>
<pair>
<initial><alternativeID>4</alternativeID></initial>
<terminal><alternativeID>6</alternativeID></terminal>
<value><real>0.00</real></value>
</pair>
<pair>
<initial><alternativeID>4</alternativeID></initial>
<terminal><alternativeID>7</alternativeID></terminal>
<value><real>0.00</real></value>
</pair>
<pair>
<initial><alternativeID>4</alternativeID></initial>
<terminal><alternativeID>8</alternativeID></terminal>
<value><real>1.00</real></value>
</pair>
<pair>
<initial><alternativeID>4</alternativeID></initial>
<terminal><alternativeID>9</alternativeID></terminal>
<value><real>0.00</real></value>
</pair>
<pair>
<initial><alternativeID>4</alternativeID></initial>
<terminal><alternativeID>10</alternativeID></terminal>
<value><real>1.00</real></value>
</pair>
<pair>
<initial><alternativeID>5</alternativeID></initial>
<terminal><alternativeID>1</alternativeID></terminal>
<value><real>0.00</real></value>
</pair>
<pair>
<initial><alternativeID>5</alternativeID></initial>
<terminal><alternativeID>2</alternativeID></terminal>
<value><real>0.00</real></value>
</pair>
<pair>
<initial><alternativeID>5</alternativeID></initial>
<terminal><alternativeID>3</alternativeID></terminal>
<value><real>0.00</real></value>
</pair>
<pair>
<initial><alternativeID>5</alternativeID></initial>
<terminal><alternativeID>4</alternativeID></terminal>
<value><real>0.00</real></value>
</pair>
<pair>
<initial><alternativeID>5</alternativeID></initial>
<terminal><alternativeID>5</alternativeID></terminal>
<value><real>0.00</real></value>
</pair>
<pair>
<initial><alternativeID>5</alternativeID></initial>
<terminal><alternativeID>6</alternativeID></terminal>
<value><real>0.00</real></value>
</pair>
<pair>
<initial><alternativeID>5</alternativeID></initial>
<terminal><alternativeID>7</alternativeID></terminal>
<value><real>0.00</real></value>
</pair>
<pair>
<initial><alternativeID>5</alternativeID></initial>
<terminal><alternativeID>8</alternativeID></terminal>
<value><real>0.00</real></value>
</pair>
<pair>
<initial><alternativeID>5</alternativeID></initial>
<terminal><alternativeID>9</alternativeID></terminal>
<value><real>0.00</real></value>
</pair>
<pair>
<initial><alternativeID>5</alternativeID></initial>
<terminal><alternativeID>10</alternativeID></terminal>
<value><real>0.00</real></value>
</pair>
<pair>
<initial><alternativeID>6</alternativeID></initial>
<terminal><alternativeID>1</alternativeID></terminal>
<value><real>0.00</real></value>
</pair>
<pair>
<initial><alternativeID>6</alternativeID></initial>
<terminal><alternativeID>2</alternativeID></terminal>
<value><real>0.00</real></value>
</pair>
<pair>
<initial><alternativeID>6</alternativeID></initial>
<terminal><alternativeID>3</alternativeID></terminal>
<value><real>0.00</real></value>
</pair>
<pair>
<initial><alternativeID>6</alternativeID></initial>
<terminal><alternativeID>4</alternativeID></terminal>
<value><real>0.00</real></value>
</pair>
<pair>
<initial><alternativeID>6</alternativeID></initial>
<terminal><alternativeID>5</alternativeID></terminal>
<value><real>0.00</real></value>
</pair>
<pair>
<initial><alternativeID>6</alternativeID></initial>
<terminal><alternativeID>6</alternativeID></terminal>
<value><real>0.00</real></value>
</pair>
<pair>
<initial><alternativeID>6</alternativeID></initial>
<terminal><alternativeID>7</alternativeID></terminal>
<value><real>0.00</real></value>
</pair>
<pair>
<initial><alternativeID>6</alternativeID></initial>
<terminal><alternativeID>8</alternativeID></terminal>
<value><real>1.00</real></value>
</pair>
<pair>
<initial><alternativeID>6</alternativeID></initial>
<terminal><alternativeID>9</alternativeID></terminal>
<value><real>0.00</real></value>
</pair>
<pair>
<initial><alternativeID>6</alternativeID></initial>
<terminal><alternativeID>10</alternativeID></terminal>
<value><real>0.00</real></value>
</pair>
<pair>
<initial><alternativeID>7</alternativeID></initial>
<terminal><alternativeID>1</alternativeID></terminal>
<value><real>1.00</real></value>
</pair>
<pair>
<initial><alternativeID>7</alternativeID></initial>
<terminal><alternativeID>2</alternativeID></terminal>
<value><real>0.00</real></value>
</pair>
<pair>
<initial><alternativeID>7</alternativeID></initial>
<terminal><alternativeID>3</alternativeID></terminal>
<value><real>0.00</real></value>
</pair>
<pair>
<initial><alternativeID>7</alternativeID></initial>
<terminal><alternativeID>4</alternativeID></terminal>
<value><real>0.00</real></value>
</pair>
<pair>
<initial><alternativeID>7</alternativeID></initial>
<terminal><alternativeID>5</alternativeID></terminal>
<value><real>0.00</real></value>
</pair>
<pair>
<initial><alternativeID>7</alternativeID></initial>
<terminal><alternativeID>6</alternativeID></terminal>
<value><real>0.00</real></value>
</pair>
<pair>
<initial><alternativeID>7</alternativeID></initial>
<terminal><alternativeID>7</alternativeID></terminal>
<value><real>0.00</real></value>
</pair>
<pair>
<initial><alternativeID>7</alternativeID></initial>
<terminal><alternativeID>8</alternativeID></terminal>
<value><real>0.00</real></value>
</pair>
<pair>
<initial><alternativeID>7</alternativeID></initial>
<terminal><alternativeID>9</alternativeID></terminal>
<value><real>0.00</real></value>
</pair>
<pair>
<initial><alternativeID>7</alternativeID></initial>
<terminal><alternativeID>10</alternativeID></terminal>
<value><real>1.00</real></value>
</pair>
<pair>
<initial><alternativeID>8</alternativeID></initial>
<terminal><alternativeID>1</alternativeID></terminal>
<value><real>0.00</real></value>
</pair>
<pair>
<initial><alternativeID>8</alternativeID></initial>
<terminal><alternativeID>2</alternativeID></terminal>
<value><real>0.00</real></value>
</pair>
<pair>
<initial><alternativeID>8</alternativeID></initial>
<terminal><alternativeID>3</alternativeID></terminal>
<value><real>0.00</real></value>
</pair>
<pair>
<initial><alternativeID>8</alternativeID></initial>
<terminal><alternativeID>4</alternativeID></terminal>
<value><real>0.00</real></value>
</pair>
<pair>
<initial><alternativeID>8</alternativeID></initial>
<terminal><alternativeID>5</alternativeID></terminal>
<value><real>0.00</real></value>
</pair>
<pair>
<initial><alternativeID>8</alternativeID></initial>
<terminal><alternativeID>6</alternativeID></terminal>
<value><real>1.00</real></value>
</pair>
<pair>
<initial><alternativeID>8</alternativeID></initial>
<terminal><alternativeID>7</alternativeID></terminal>
<value><real>0.00</real></value>
</pair>
<pair>
<initial><alternativeID>8</alternativeID></initial>
<terminal><alternativeID>8</alternativeID></terminal>
<value><real>0.00</real></value>
</pair>
<pair>
<initial><alternativeID>8</alternativeID></initial>
<terminal><alternativeID>9</alternativeID></terminal>
<value><real>0.00</real></value>
</pair>
<pair>
<initial><alternativeID>8</alternativeID></initial>
<terminal><alternativeID>10</alternativeID></terminal>
<value><real>0.00</real></value>
</pair>
<pair>
<initial><alternativeID>9</alternativeID></initial>
<terminal><alternativeID>1</alternativeID></terminal>
<value><real>0.00</real></value>
</pair>
<pair>
<initial><alternativeID>9</alternativeID></initial>
<terminal><alternativeID>2</alternativeID></terminal>
<value><real>1.00</real></value>
</pair>
<pair>
<initial><alternativeID>9</alternativeID></initial>
<terminal><alternativeID>3</alternativeID></terminal>
<value><real>0.00</real></value>
</pair>
<pair>
<initial><alternativeID>9</alternativeID></initial>
<terminal><alternativeID>4</alternativeID></terminal>
<value><real>1.00</real></value>
</pair>
<pair>
<initial><alternativeID>9</alternativeID></initial>
<terminal><alternativeID>5</alternativeID></terminal>
<value><real>0.00</real></value>
</pair>
<pair>
<initial><alternativeID>9</alternativeID></initial>
<terminal><alternativeID>6</alternativeID></terminal>
<value><real>0.00</real></value>
</pair>
<pair>
<initial><alternativeID>9</alternativeID></initial>
<terminal><alternativeID>7</alternativeID></terminal>
<value><real>1.00</real></value>
</pair>
<pair>
<initial><alternativeID>9</alternativeID></initial>
<terminal><alternativeID>8</alternativeID></terminal>
<value><real>1.00</real></value>
</pair>
<pair>
<initial><alternativeID>9</alternativeID></initial>
<terminal><alternativeID>9</alternativeID></terminal>
<value><real>0.00</real></value>
</pair>
<pair>
<initial><alternativeID>9</alternativeID></initial>
<terminal><alternativeID>10</alternativeID></terminal>
<value><real>1.00</real></value>
</pair>
<pair>
<initial><alternativeID>10</alternativeID></initial>
<terminal><alternativeID>1</alternativeID></terminal>
<value><real>0.00</real></value>
</pair>
<pair>
<initial><alternativeID>10</alternativeID></initial>
<terminal><alternativeID>2</alternativeID></terminal>
<value><real>0.00</real></value>
</pair>
<pair>
<initial><alternativeID>10</alternativeID></initial>
<terminal><alternativeID>3</alternativeID></terminal>
<value><real>1.00</real></value>
</pair>
<pair>
<initial><alternativeID>10</alternativeID></initial>
<terminal><alternativeID>4</alternativeID></terminal>
<value><real>0.00</real></value>
</pair>
<pair>
<initial><alternativeID>10</alternativeID></initial>
<terminal><alternativeID>5</alternativeID></terminal>
<value><real>1.00</real></value>
</pair>
<pair>
<initial><alternativeID>10</alternativeID></initial>
<terminal><alternativeID>6</alternativeID></terminal>
<value><real>0.00</real></value>
</pair>
<pair>
<initial><alternativeID>10</alternativeID></initial>
<terminal><alternativeID>7</alternativeID></terminal>
<value><real>0.00</real></value>
</pair>
<pair>
<initial><alternativeID>10</alternativeID></initial>
<terminal><alternativeID>8</alternativeID></terminal>
<value><real>0.00</real></value>
</pair>
<pair>
<initial><alternativeID>10</alternativeID></initial>
<terminal><alternativeID>9</alternativeID></terminal>
<value><real>0.00</real></value>
</pair>
<pair>
<initial><alternativeID>10</alternativeID></initial>
<terminal><alternativeID>10</alternativeID></terminal>
<value><real>0.00</real></value>
</pair>
</pairs>
</alternativesComparisons>
</xmcda:XMCDA>
