<?xml version="1.0" encoding="UTF-8"?>
<?xml-stylesheet type="text/xsl" href="xmcda2Rubis.xsl"?>
<xmcda:XMCDA xmlns:xsi="http://www.w3.org/2001/XMLSchema-instance" xsi:schemaLocation="http://www.decision-deck.org/2009/XMCDA-2.0.0 http://www.decision-deck.org/xmcda/_downloads/XMCDA-2.0.0.xsd" xmlns:xmcda="http://www.decision-deck.org/2009/XMCDA-2.0.0" instanceID="void">
<projectReference id="the_cs_2016" name="the_cs_2016.xml">
<title>THE World University Rankings 2016-2017 by subject: computer science</title>
<author>RB</author>
<version>26.10.2016</version>
<comment>https://www.timeshighereducation.com/world-university-rankings/2017/subject-ranking/computer-science</comment>
</projectReference>
<methodParameters id="Rubis" name="Rubis quantiles sorting * local ranking" mcdaConcept="methodData">
<description>
<subTitle>Method parameters</subTitle>
<version>1.0</version>
</description>
<parameters>
<parameter name="variant">
<value>
<label>Rubis</label>
</value>
</parameter>
<parameter name="valuationType">
<value>
<label>bipolar</label>
</value>
</parameter>
</parameters>
</methodParameters>
<alternatives mcdaConcept="alternatives">
<description>
<subTitle>Performances of the 75 first ranked universities</subTitle>
</description>
<alternative id="albt" name="University of Alberta" mcdaConcept="potentialDecisionAction">
<description>
<comment>CA</comment>
</description>
<type>real</type>
<active>true</active>
</alternative>
<alternative id="anu" name="Australian National University" mcdaConcept="potentialDecisionAction">
<description>
<comment>AU</comment>
</description>
<type>real</type>
<active>true</active>
</alternative>
<alternative id="ariz" name="Arizona State University" mcdaConcept="potentialDecisionAction">
<description>
<comment>US</comment>
</description>
<type>real</type>
<active>true</active>
</alternative>
<alternative id="bju" name="Beijing University" mcdaConcept="potentialDecisionAction">
<description>
<comment>CN</comment>
</description>
<type>real</type>
<active>true</active>
</alternative>
<alternative id="bro" name="Brown University" mcdaConcept="potentialDecisionAction">
<description>
<comment>US</comment>
</description>
<type>real</type>
<active>true</active>
</alternative>
<alternative id="calt" name="Califormia Institute of Technology" mcdaConcept="potentialDecisionAction">
<description>
<comment>US</comment>
</description>
<type>real</type>
<active>true</active>
</alternative>
<alternative id="cbu" name="Columbia University" mcdaConcept="potentialDecisionAction">
<description>
<comment>US</comment>
</description>
<type>real</type>
<active>true</active>
</alternative>
<alternative id="chku" name="Chinese University of Hong Kong" mcdaConcept="potentialDecisionAction">
<description>
<comment>HK</comment>
</description>
<type>real</type>
<active>true</active>
</alternative>
<alternative id="cihk" name="City University of Hong Kong" mcdaConcept="potentialDecisionAction">
<description>
<comment>HK</comment>
</description>
<type>real</type>
<active>true</active>
</alternative>
<alternative id="cir" name="University of California, Irwine" mcdaConcept="potentialDecisionAction">
<description>
<comment>US</comment>
</description>
<type>real</type>
<active>true</active>
</alternative>
<alternative id="cmel" name="Carnegie Mellon University" mcdaConcept="potentialDecisionAction">
<description>
<comment>US</comment>
</description>
<type>real</type>
<active>true</active>
</alternative>
<alternative id="cou" name="Cornell University" mcdaConcept="potentialDecisionAction">
<description>
<comment>US</comment>
</description>
<type>real</type>
<active>true</active>
</alternative>
<alternative id="csb" name="University of California, Santa Barbara" mcdaConcept="potentialDecisionAction">
<description>
<comment>US</comment>
</description>
<type>real</type>
<active>true</active>
</alternative>
<alternative id="csd" name="University Of California, San Diego" mcdaConcept="potentialDecisionAction">
<description>
<comment>US</comment>
</description>
<type>real</type>
<active>true</active>
</alternative>
<alternative id="dut" name="Delft University of Technology" mcdaConcept="potentialDecisionAction">
<description>
<comment>NL</comment>
</description>
<type>real</type>
<active>true</active>
</alternative>
<alternative id="eind" name="Eindhoven University of Technology" mcdaConcept="potentialDecisionAction">
<description>
<comment>NL</comment>
</description>
<type>real</type>
<active>true</active>
</alternative>
<alternative id="ens" name="Ecole Normale Supérieure" mcdaConcept="potentialDecisionAction">
<description>
<comment>FR</comment>
</description>
<type>real</type>
<active>true</active>
</alternative>
<alternative id="epfl" name="École Polytechnique Fédérale de Lausanne" mcdaConcept="potentialDecisionAction">
<description>
<comment>CH</comment>
</description>
<type>real</type>
<active>true</active>
</alternative>
<alternative id="epfr" name="Ecole Polytechnique" mcdaConcept="potentialDecisionAction">
<description>
<comment>FR</comment>
</description>
<type>real</type>
<active>true</active>
</alternative>
<alternative id="ethz" name="ETH Zürich" mcdaConcept="potentialDecisionAction">
<description>
<comment>CH</comment>
</description>
<type>real</type>
<active>true</active>
</alternative>
<alternative id="frei" name="University of Freiburg" mcdaConcept="potentialDecisionAction">
<description>
<comment>DE</comment>
</description>
<type>real</type>
<active>true</active>
</alternative>
<alternative id="git" name="Georgia Institute of Technology" mcdaConcept="potentialDecisionAction">
<description>
<comment>US</comment>
</description>
<type>real</type>
<active>true</active>
</alternative>
<alternative id="glas" name="University of Glasgow" mcdaConcept="potentialDecisionAction">
<description>
<comment>UK</comment>
</description>
<type>real</type>
<active>true</active>
</alternative>
<alternative id="hels" name="University of Helsinki" mcdaConcept="potentialDecisionAction">
<description>
<comment>FI</comment>
</description>
<type>real</type>
<active>true</active>
</alternative>
<alternative id="hkpu" name="Hong Kong Polytechnic University" mcdaConcept="potentialDecisionAction">
<description>
<comment>CN</comment>
</description>
<type>real</type>
<active>true</active>
</alternative>
<alternative id="hkst" name="Hong Kong University of Science and Technology" mcdaConcept="potentialDecisionAction">
<description>
<comment>HK</comment>
</description>
<type>real</type>
<active>true</active>
</alternative>
<alternative id="hku" name="Hong Kong University" mcdaConcept="potentialDecisionAction">
<description>
<comment>HK</comment>
</description>
<type>real</type>
<active>true</active>
</alternative>
<alternative id="humb" name="Humboldt University of Berlin" mcdaConcept="potentialDecisionAction">
<description>
<comment>DE</comment>
</description>
<type>real</type>
<active>true</active>
</alternative>
<alternative id="icl" name="Imperial College London" mcdaConcept="potentialDecisionAction">
<description>
<comment>UK</comment>
</description>
<type>real</type>
<active>true</active>
</alternative>
<alternative id="indis" name="Indian Institute of Science" mcdaConcept="potentialDecisionAction">
<description>
<comment>IN</comment>
</description>
<type>real</type>
<active>true</active>
</alternative>
<alternative id="itmo" name="ITMO University" mcdaConcept="potentialDecisionAction">
<description>
<comment>RU</comment>
</description>
<type>real</type>
<active>true</active>
</alternative>
<alternative id="kcl" name="King's College London" mcdaConcept="potentialDecisionAction">
<description>
<comment>UK</comment>
</description>
<type>real</type>
<active>true</active>
</alternative>
<alternative id="kist" name="Korea Advances Institute of Science and Tecnology" mcdaConcept="potentialDecisionAction">
<description>
<comment>KR</comment>
</description>
<type>real</type>
<active>true</active>
</alternative>
<alternative id="kit" name="Karlsruhe Institute of Technology" mcdaConcept="potentialDecisionAction">
<description>
<comment>DE</comment>
</description>
<type>real</type>
<active>true</active>
</alternative>
<alternative id="kth" name="KTH Royal Institute of Technology" mcdaConcept="potentialDecisionAction">
<description>
<comment>SE</comment>
</description>
<type>real</type>
<active>true</active>
</alternative>
<alternative id="kuj" name="Kyoto University" mcdaConcept="potentialDecisionAction">
<description>
<comment>JP</comment>
</description>
<type>real</type>
<active>true</active>
</alternative>
<alternative id="kul" name="KU Leuven" mcdaConcept="potentialDecisionAction">
<description>
<comment>BE</comment>
</description>
<type>real</type>
<active>true</active>
</alternative>
<alternative id="lms" name="Lomonosov Moscow State University" mcdaConcept="potentialDecisionAction">
<description>
<comment>RU</comment>
</description>
<type>real</type>
<active>true</active>
</alternative>
<alternative id="man" name="University of Manchester" mcdaConcept="potentialDecisionAction">
<description>
<comment>UK</comment>
</description>
<type>real</type>
<active>true</active>
</alternative>
<alternative id="mcp" name="University of Maryland College Park" mcdaConcept="potentialDecisionAction">
<description>
<comment>US</comment>
</description>
<type>real</type>
<active>true</active>
</alternative>
<alternative id="mel" name="University of Melbourne" mcdaConcept="potentialDecisionAction">
<description>
<comment>AU</comment>
</description>
<type>real</type>
<active>true</active>
</alternative>
<alternative id="mil" name="Polytechnic University of Milan" mcdaConcept="potentialDecisionAction">
<description>
<comment>IT</comment>
</description>
<type>real</type>
<active>true</active>
</alternative>
<alternative id="mit" name="Massachusetts Institute of Technology" mcdaConcept="potentialDecisionAction">
<description>
<comment>US</comment>
</description>
<type>real</type>
<active>true</active>
</alternative>
<alternative id="naji" name="Nanjing University China" mcdaConcept="potentialDecisionAction">
<description>
<comment>CN</comment>
</description>
<type>real</type>
<active>true</active>
</alternative>
<alternative id="ntu" name="Nanyang Technoloical University of Singapore" mcdaConcept="potentialDecisionAction">
<description>
<comment>SG</comment>
</description>
<type>real</type>
<active>true</active>
</alternative>
<alternative id="ntw" name="National Taiwan University" mcdaConcept="potentialDecisionAction">
<description>
<comment>TW</comment>
</description>
<type>real</type>
<active>true</active>
</alternative>
<alternative id="nyu" name="New York University" mcdaConcept="potentialDecisionAction">
<description>
<comment>US</comment>
</description>
<type>real</type>
<active>true</active>
</alternative>
<alternative id="oxf" name="University of Oxford" mcdaConcept="potentialDecisionAction">
<description>
<comment>UK</comment>
</description>
<type>real</type>
<active>true</active>
</alternative>
<alternative id="pud" name="Purdue University" mcdaConcept="potentialDecisionAction">
<description>
<comment>US</comment>
</description>
<type>real</type>
<active>true</active>
</alternative>
<alternative id="qut" name="Queensland University of Technology" mcdaConcept="potentialDecisionAction">
<description>
<comment>AU</comment>
</description>
<type>real</type>
<active>true</active>
</alternative>
<alternative id="rcu" name="Rice University" mcdaConcept="potentialDecisionAction">
<description>
<comment>US</comment>
</description>
<type>real</type>
<active>true</active>
</alternative>
<alternative id="rwth" name="RWTH Aachen University" mcdaConcept="potentialDecisionAction">
<description>
<comment>DE</comment>
</description>
<type>real</type>
<active>true</active>
</alternative>
<alternative id="shJi" name="Shanghai Jiao Tong University" mcdaConcept="potentialDecisionAction">
<description>
<comment>CN</comment>
</description>
<type>real</type>
<active>true</active>
</alternative>
<alternative id="sing" name="National University of Singapore" mcdaConcept="potentialDecisionAction">
<description>
<comment>SG</comment>
</description>
<type>real</type>
<active>true</active>
</alternative>
<alternative id="sou" name="University of Southhampton" mcdaConcept="potentialDecisionAction">
<description>
<comment>UK</comment>
</description>
<type>real</type>
<active>true</active>
</alternative>
<alternative id="stut" name="University of Stutgart" mcdaConcept="potentialDecisionAction">
<description>
<comment>DE</comment>
</description>
<type>real</type>
<active>true</active>
</alternative>
<alternative id="tech" name="Technion Israel Institute of Technology" mcdaConcept="potentialDecisionAction">
<description>
<comment>IL</comment>
</description>
<type>real</type>
<active>true</active>
</alternative>
<alternative id="tlavu" name="Tel Aviv University" mcdaConcept="potentialDecisionAction">
<description>
<comment>IR</comment>
</description>
<type>real</type>
<active>true</active>
</alternative>
<alternative id="tsu" name="Tsinghua University, China" mcdaConcept="potentialDecisionAction">
<description>
<comment>CN</comment>
</description>
<type>real</type>
<active>true</active>
</alternative>
<alternative id="tub" name="Technical University of Berlin" mcdaConcept="potentialDecisionAction">
<description>
<comment>DE</comment>
</description>
<type>real</type>
<active>true</active>
</alternative>
<alternative id="tud" name="Technical University of Darmstadt" mcdaConcept="potentialDecisionAction">
<description>
<comment>DE</comment>
</description>
<type>real</type>
<active>true</active>
</alternative>
<alternative id="tum" name="Technische Universität München" mcdaConcept="potentialDecisionAction">
<description>
<comment>DE</comment>
</description>
<type>real</type>
<active>true</active>
</alternative>
<alternative id="ucl" name="University College London" mcdaConcept="potentialDecisionAction">
<description>
<comment>UK</comment>
</description>
<type>real</type>
<active>true</active>
</alternative>
<alternative id="ued" name="University of Edeinburgh" mcdaConcept="potentialDecisionAction">
<description>
<comment>UK</comment>
</description>
<type>real</type>
<active>true</active>
</alternative>
<alternative id="uiu" name="University of Illinois at Urbana-Champagne" mcdaConcept="potentialDecisionAction">
<description>
<comment>US</comment>
</description>
<type>real</type>
<active>true</active>
</alternative>
<alternative id="unlu" name="University of Luxembourg" mcdaConcept="potentialDecisionAction">
<description>
<comment>LU</comment>
</description>
<type>real</type>
<active>true</active>
</alternative>
<alternative id="unsw" name="University of New South Wales" mcdaConcept="potentialDecisionAction">
<description>
<comment>AU</comment>
</description>
<type>real</type>
<active>true</active>
</alternative>
<alternative id="unt" name="University of Toronto" mcdaConcept="potentialDecisionAction">
<description>
<comment>CA</comment>
</description>
<type>real</type>
<active>true</active>
</alternative>
<alternative id="uta" name="University of Texas at Austin" mcdaConcept="potentialDecisionAction">
<description>
<comment>US</comment>
</description>
<type>real</type>
<active>true</active>
</alternative>
<alternative id="utj" name="University of Tokyo" mcdaConcept="potentialDecisionAction">
<description>
<comment>JP</comment>
</description>
<type>real</type>
<active>true</active>
</alternative>
<alternative id="utw" name="University of Twente" mcdaConcept="potentialDecisionAction">
<description>
<comment>NL</comment>
</description>
<type>real</type>
<active>true</active>
</alternative>
<alternative id="uwa" name="University of Waterloo" mcdaConcept="potentialDecisionAction">
<description>
<comment>CA</comment>
</description>
<type>real</type>
<active>true</active>
</alternative>
<alternative id="wash" name="University of Washington" mcdaConcept="potentialDecisionAction">
<description>
<comment>US</comment>
</description>
<type>real</type>
<active>true</active>
</alternative>
<alternative id="wtu" name="Vienna University of Technology" mcdaConcept="potentialDecisionAction">
<description>
<comment>AUS</comment>
</description>
<type>real</type>
<active>true</active>
</alternative>
<alternative id="zhej" name="Zhejiang University China" mcdaConcept="potentialDecisionAction">
<description>
<comment>CN</comment>
</description>
<type>real</type>
<active>true</active>
</alternative>
</alternatives>
<criteria mcdaConcept="criteria">
<description>
<subTitle>Family of criteria.</subTitle>
<comment>https://www.timeshighereducation.com/world-university-rankings/subject-ranking-2016-2017-computer-science-methodology</comment>
</description>
<criterion id="gcit" name="Citations" mcdaConcept="criterion">
<description>
<comment>Research influence</comment>
<version>performance</version>
</description>
<active>true</active>
<criterionValue><value><real>2.00</real></value></criterionValue>
<scale>
<quantitative>
<preferenceDirection>max</preferenceDirection>
<minimum><real>0.00</real></minimum>
<maximum><real>100.00</real></maximum>
</quantitative>
</scale>
<thresholds>
<threshold id="ind" name="indifference" mcdaConcept="performanceDiscriminationThreshold">
<constant>
<real>1.00</real>
</constant>
</threshold>
<threshold id="pref" name="preference" mcdaConcept="performanceDiscriminationThreshold">
<constant>
<real>5.00</real>
</constant>
</threshold>
<threshold id="veto" name="veto" mcdaConcept="performanceDiscriminationThreshold">
<constant>
<real>80.00</real>
</constant>
</threshold>
</thresholds>
</criterion>
<criterion id="gind" name="Industry" mcdaConcept="criterion">
<description>
<comment>Industry incomme and innovation</comment>
<version>performance</version>
</description>
<active>true</active>
<criterionValue><value><real>1.00</real></value></criterionValue>
<scale>
<quantitative>
<preferenceDirection>max</preferenceDirection>
<minimum><real>0.00</real></minimum>
<maximum><real>100.00</real></maximum>
</quantitative>
</scale>
<thresholds>
<threshold id="ind" name="indifference" mcdaConcept="performanceDiscriminationThreshold">
<constant>
<real>1.00</real>
</constant>
</threshold>
<threshold id="pref" name="preference" mcdaConcept="performanceDiscriminationThreshold">
<constant>
<real>5.00</real>
</constant>
</threshold>
<threshold id="veto" name="veto" mcdaConcept="performanceDiscriminationThreshold">
<constant>
<real>80.00</real>
</constant>
</threshold>
</thresholds>
</criterion>
<criterion id="gint" name="International" mcdaConcept="criterion">
<description>
<comment>International outlook in staff, students and research</comment>
<version>performance</version>
</description>
<active>true</active>
<criterionValue><value><real>1.50</real></value></criterionValue>
<scale>
<quantitative>
<preferenceDirection>max</preferenceDirection>
<minimum><real>0.00</real></minimum>
<maximum><real>100.00</real></maximum>
</quantitative>
</scale>
<thresholds>
<threshold id="ind" name="indifference" mcdaConcept="performanceDiscriminationThreshold">
<constant>
<real>1.00</real>
</constant>
</threshold>
<threshold id="pref" name="preference" mcdaConcept="performanceDiscriminationThreshold">
<constant>
<real>5.00</real>
</constant>
</threshold>
<threshold id="veto" name="veto" mcdaConcept="performanceDiscriminationThreshold">
<constant>
<real>80.00</real>
</constant>
</threshold>
</thresholds>
</criterion>
<criterion id="gres" name="Research" mcdaConcept="criterion">
<description>
<comment>Research volume, income and reputation</comment>
<version>performance</version>
</description>
<active>true</active>
<criterionValue><value><real>1.50</real></value></criterionValue>
<scale>
<quantitative>
<preferenceDirection>max</preferenceDirection>
<minimum><real>0.00</real></minimum>
<maximum><real>100.00</real></maximum>
</quantitative>
</scale>
<thresholds>
<threshold id="ind" name="indifference" mcdaConcept="performanceDiscriminationThreshold">
<constant>
<real>1.00</real>
</constant>
</threshold>
<threshold id="pref" name="preference" mcdaConcept="performanceDiscriminationThreshold">
<constant>
<real>5.00</real>
</constant>
</threshold>
<threshold id="veto" name="veto" mcdaConcept="performanceDiscriminationThreshold">
<constant>
<real>80.00</real>
</constant>
</threshold>
</thresholds>
</criterion>
<criterion id="gtch" name="Teaching" mcdaConcept="criterion">
<description>
<comment>The learning environment</comment>
<version>performance</version>
</description>
<active>true</active>
<criterionValue><value><real>3.00</real></value></criterionValue>
<scale>
<quantitative>
<preferenceDirection>max</preferenceDirection>
<minimum><real>0.00</real></minimum>
<maximum><real>100.00</real></maximum>
</quantitative>
</scale>
<thresholds>
<threshold id="ind" name="indifference" mcdaConcept="performanceDiscriminationThreshold">
<constant>
<real>1.00</real>
</constant>
</threshold>
<threshold id="pref" name="preference" mcdaConcept="performanceDiscriminationThreshold">
<constant>
<real>5.00</real>
</constant>
</threshold>
<threshold id="veto" name="veto" mcdaConcept="performanceDiscriminationThreshold">
<constant>
<real>80.00</real>
</constant>
</threshold>
</thresholds>
</criterion>
</criteria>
<performanceTable mcdaConcept="performanceTable">
<description>
<subTitle>Performance Breakdown</subTitle>
</description>
<alternativePerformances>
<alternativeID>albt</alternativeID>
<performance>
<criterionID>gcit</criterionID>
<value><real>69.90</real></value>
</performance>
<performance>
<criterionID>gind</criterionID>
<value><real>75.40</real></value>
</performance>
<performance>
<criterionID>gint</criterionID>
<value><real>91.90</real></value>
</performance>
<performance>
<criterionID>gres</criterionID>
<value><real>53.30</real></value>
</performance>
<performance>
<criterionID>gtch</criterionID>
<value><real>39.20</real></value>
</performance>
</alternativePerformances>
<alternativePerformances>
<alternativeID>anu</alternativeID>
<performance>
<criterionID>gcit</criterionID>
<value><real>92.20</real></value>
</performance>
<performance>
<criterionID>gind</criterionID>
<value><real>48.10</real></value>
</performance>
<performance>
<criterionID>gint</criterionID>
<value><real>90.00</real></value>
</performance>
<performance>
<criterionID>gres</criterionID>
<value><real>73.00</real></value>
</performance>
<performance>
<criterionID>gtch</criterionID>
<value><real>47.20</real></value>
</performance>
</alternativePerformances>
<alternativePerformances>
<alternativeID>ariz</alternativeID>
<performance>
<criterionID>gcit</criterionID>
<value><real>84.30</real></value>
</performance>
<performance>
<criterionID>gind</criterionID>
<value><real>42.00</real></value>
</performance>
<performance>
<criterionID>gint</criterionID>
<value><real>59.30</real></value>
</performance>
<performance>
<criterionID>gres</criterionID>
<value><real>61.80</real></value>
</performance>
<performance>
<criterionID>gtch</criterionID>
<value><real>28.40</real></value>
</performance>
</alternativePerformances>
<alternativePerformances>
<alternativeID>bju</alternativeID>
<performance>
<criterionID>gcit</criterionID>
<value><real>70.10</real></value>
</performance>
<performance>
<criterionID>gind</criterionID>
<value><real>99.40</real></value>
</performance>
<performance>
<criterionID>gint</criterionID>
<value><real>30.70</real></value>
</performance>
<performance>
<criterionID>gres</criterionID>
<value><real>85.30</real></value>
</performance>
<performance>
<criterionID>gtch</criterionID>
<value><real>83.00</real></value>
</performance>
</alternativePerformances>
<alternativePerformances>
<alternativeID>bro</alternativeID>
<performance>
<criterionID>gcit</criterionID>
<value><real>96.80</real></value>
</performance>
<performance>
<criterionID>gind</criterionID>
<value><real>38.60</real></value>
</performance>
<performance>
<criterionID>gint</criterionID>
<value><real>52.30</real></value>
</performance>
<performance>
<criterionID>gres</criterionID>
<value><real>54.90</real></value>
</performance>
<performance>
<criterionID>gtch</criterionID>
<value><real>58.50</real></value>
</performance>
</alternativePerformances>
<alternativePerformances>
<alternativeID>calt</alternativeID>
<performance>
<criterionID>gcit</criterionID>
<value><real>99.80</real></value>
</performance>
<performance>
<criterionID>gind</criterionID>
<value><real>85.90</real></value>
</performance>
<performance>
<criterionID>gint</criterionID>
<value><real>59.10</real></value>
</performance>
<performance>
<criterionID>gres</criterionID>
<value><real>96.00</real></value>
</performance>
<performance>
<criterionID>gtch</criterionID>
<value><real>91.50</real></value>
</performance>
</alternativePerformances>
<alternativePerformances>
<alternativeID>cbu</alternativeID>
<performance>
<criterionID>gcit</criterionID>
<value><real>94.70</real></value>
</performance>
<performance>
<criterionID>gind</criterionID>
<value><real>45.70</real></value>
</performance>
<performance>
<criterionID>gint</criterionID>
<value><real>66.90</real></value>
</performance>
<performance>
<criterionID>gres</criterionID>
<value><real>78.50</real></value>
</performance>
<performance>
<criterionID>gtch</criterionID>
<value><real>81.20</real></value>
</performance>
</alternativePerformances>
<alternativePerformances>
<alternativeID>chku</alternativeID>
<performance>
<criterionID>gcit</criterionID>
<value><real>94.70</real></value>
</performance>
<performance>
<criterionID>gind</criterionID>
<value><real>49.90</real></value>
</performance>
<performance>
<criterionID>gint</criterionID>
<value><real>75.60</real></value>
</performance>
<performance>
<criterionID>gres</criterionID>
<value><real>69.30</real></value>
</performance>
<performance>
<criterionID>gtch</criterionID>
<value><real>64.10</real></value>
</performance>
</alternativePerformances>
<alternativePerformances>
<alternativeID>cihk</alternativeID>
<performance>
<criterionID>gcit</criterionID>
<value><real>80.10</real></value>
</performance>
<performance>
<criterionID>gind</criterionID>
<value><real>67.90</real></value>
</performance>
<performance>
<criterionID>gint</criterionID>
<value><real>76.20</real></value>
</performance>
<performance>
<criterionID>gres</criterionID>
<value><real>44.90</real></value>
</performance>
<performance>
<criterionID>gtch</criterionID>
<value><real>42.40</real></value>
</performance>
</alternativePerformances>
<alternativePerformances>
<alternativeID>cir</alternativeID>
<performance>
<criterionID>gcit</criterionID>
<value><real>93.00</real></value>
</performance>
<performance>
<criterionID>gind</criterionID>
<value><real>40.40</real></value>
</performance>
<performance>
<criterionID>gint</criterionID>
<value><real>65.10</real></value>
</performance>
<performance>
<criterionID>gres</criterionID>
<value><real>64.60</real></value>
</performance>
<performance>
<criterionID>gtch</criterionID>
<value><real>68.80</real></value>
</performance>
</alternativePerformances>
<alternativePerformances>
<alternativeID>cmel</alternativeID>
<performance>
<criterionID>gcit</criterionID>
<value><real>99.40</real></value>
</performance>
<performance>
<criterionID>gind</criterionID>
<value><real>71.10</real></value>
</performance>
<performance>
<criterionID>gint</criterionID>
<value><real>58.90</real></value>
</performance>
<performance>
<criterionID>gres</criterionID>
<value><real>92.30</real></value>
</performance>
<performance>
<criterionID>gtch</criterionID>
<value><real>88.10</real></value>
</performance>
</alternativePerformances>
<alternativePerformances>
<alternativeID>cou</alternativeID>
<performance>
<criterionID>gcit</criterionID>
<value><real>99.70</real></value>
</performance>
<performance>
<criterionID>gind</criterionID>
<value><real>45.70</real></value>
</performance>
<performance>
<criterionID>gint</criterionID>
<value><real>55.70</real></value>
</performance>
<performance>
<criterionID>gres</criterionID>
<value><real>94.10</real></value>
</performance>
<performance>
<criterionID>gtch</criterionID>
<value><real>81.60</real></value>
</performance>
</alternativePerformances>
<alternativePerformances>
<alternativeID>csb</alternativeID>
<performance>
<criterionID>gcit</criterionID>
<value><real>94.80</real></value>
</performance>
<performance>
<criterionID>gind</criterionID>
<value><real>74.90</real></value>
</performance>
<performance>
<criterionID>gint</criterionID>
<value><real>72.90</real></value>
</performance>
<performance>
<criterionID>gres</criterionID>
<value><real>70.90</real></value>
</performance>
<performance>
<criterionID>gtch</criterionID>
<value><real>65.60</real></value>
</performance>
</alternativePerformances>
<alternativePerformances>
<alternativeID>csd</alternativeID>
<performance>
<criterionID>gcit</criterionID>
<value><real>99.80</real></value>
</performance>
<performance>
<criterionID>gind</criterionID>
<value><real>59.80</real></value>
</performance>
<performance>
<criterionID>gint</criterionID>
<value><real>39.70</real></value>
</performance>
<performance>
<criterionID>gres</criterionID>
<value><real>81.60</real></value>
</performance>
<performance>
<criterionID>gtch</criterionID>
<value><real>75.20</real></value>
</performance>
</alternativePerformances>
<alternativePerformances>
<alternativeID>dut</alternativeID>
<performance>
<criterionID>gcit</criterionID>
<value><real>76.30</real></value>
</performance>
<performance>
<criterionID>gind</criterionID>
<value><real>90.10</real></value>
</performance>
<performance>
<criterionID>gint</criterionID>
<value><real>69.80</real></value>
</performance>
<performance>
<criterionID>gres</criterionID>
<value><real>78.30</real></value>
</performance>
<performance>
<criterionID>gtch</criterionID>
<value><real>64.10</real></value>
</performance>
</alternativePerformances>
<alternativePerformances>
<alternativeID>eind</alternativeID>
<performance>
<criterionID>gcit</criterionID>
<value><real>81.50</real></value>
</performance>
<performance>
<criterionID>gind</criterionID>
<value><real>45.80</real></value>
</performance>
<performance>
<criterionID>gint</criterionID>
<value><real>72.20</real></value>
</performance>
<performance>
<criterionID>gres</criterionID>
<value><real>48.40</real></value>
</performance>
<performance>
<criterionID>gtch</criterionID>
<value><real>32.40</real></value>
</performance>
</alternativePerformances>
<alternativePerformances>
<alternativeID>ens</alternativeID>
<performance>
<criterionID>gcit</criterionID>
<value><real>98.70</real></value>
</performance>
<performance>
<criterionID>gind</criterionID>
<value><real>43.50</real></value>
</performance>
<performance>
<criterionID>gint</criterionID>
<value><real>69.60</real></value>
</performance>
<performance>
<criterionID>gres</criterionID>
<value><real>40.90</real></value>
</performance>
<performance>
<criterionID>gtch</criterionID>
<value><real>71.80</real></value>
</performance>
</alternativePerformances>
<alternativePerformances>
<alternativeID>epfl</alternativeID>
<performance>
<criterionID>gcit</criterionID>
<value><real>94.80</real></value>
</performance>
<performance>
<criterionID>gind</criterionID>
<value><real>42.70</real></value>
</performance>
<performance>
<criterionID>gint</criterionID>
<value><real>97.20</real></value>
</performance>
<performance>
<criterionID>gres</criterionID>
<value><real>91.60</real></value>
</performance>
<performance>
<criterionID>gtch</criterionID>
<value><real>86.30</real></value>
</performance>
</alternativePerformances>
<alternativePerformances>
<alternativeID>epfr</alternativeID>
<performance>
<criterionID>gcit</criterionID>
<value><real>78.10</real></value>
</performance>
<performance>
<criterionID>gind</criterionID>
<value><real>62.90</real></value>
</performance>
<performance>
<criterionID>gint</criterionID>
<value><real>85.30</real></value>
</performance>
<performance>
<criterionID>gres</criterionID>
<value><real>60.60</real></value>
</performance>
<performance>
<criterionID>gtch</criterionID>
<value><real>81.70</real></value>
</performance>
</alternativePerformances>
<alternativePerformances>
<alternativeID>ethz</alternativeID>
<performance>
<criterionID>gcit</criterionID>
<value><real>97.10</real></value>
</performance>
<performance>
<criterionID>gind</criterionID>
<value><real>64.10</real></value>
</performance>
<performance>
<criterionID>gint</criterionID>
<value><real>93.60</real></value>
</performance>
<performance>
<criterionID>gres</criterionID>
<value><real>97.30</real></value>
</performance>
<performance>
<criterionID>gtch</criterionID>
<value><real>89.20</real></value>
</performance>
</alternativePerformances>
<alternativePerformances>
<alternativeID>frei</alternativeID>
<performance>
<criterionID>gcit</criterionID>
<value><real>89.50</real></value>
</performance>
<performance>
<criterionID>gind</criterionID>
<value><real>100.00</real></value>
</performance>
<performance>
<criterionID>gint</criterionID>
<value><real>49.70</real></value>
</performance>
<performance>
<criterionID>gres</criterionID>
<value><real>51.60</real></value>
</performance>
<performance>
<criterionID>gtch</criterionID>
<value><real>54.20</real></value>
</performance>
</alternativePerformances>
<alternativePerformances>
<alternativeID>git</alternativeID>
<performance>
<criterionID>gcit</criterionID>
<value><real>91.30</real></value>
</performance>
<performance>
<criterionID>gind</criterionID>
<value><real>79.50</real></value>
</performance>
<performance>
<criterionID>gint</criterionID>
<value><real>63.00</real></value>
</performance>
<performance>
<criterionID>gres</criterionID>
<value><real>99.70</real></value>
</performance>
<performance>
<criterionID>gtch</criterionID>
<value><real>87.20</real></value>
</performance>
</alternativePerformances>
<alternativePerformances>
<alternativeID>glas</alternativeID>
<performance>
<criterionID>gcit</criterionID>
<value><real>91.20</real></value>
</performance>
<performance>
<criterionID>gind</criterionID>
<value><real>39.20</real></value>
</performance>
<performance>
<criterionID>gint</criterionID>
<value><real>85.80</real></value>
</performance>
<performance>
<criterionID>gres</criterionID>
<value><real>52.50</real></value>
</performance>
<performance>
<criterionID>gtch</criterionID>
<value><real>35.20</real></value>
</performance>
</alternativePerformances>
<alternativePerformances>
<alternativeID>hels</alternativeID>
<performance>
<criterionID>gcit</criterionID>
<value><real>80.40</real></value>
</performance>
<performance>
<criterionID>gind</criterionID>
<value><real>39.50</real></value>
</performance>
<performance>
<criterionID>gint</criterionID>
<value><real>50.60</real></value>
</performance>
<performance>
<criterionID>gres</criterionID>
<value><real>49.60</real></value>
</performance>
<performance>
<criterionID>gtch</criterionID>
<value><real>48.80</real></value>
</performance>
</alternativePerformances>
<alternativePerformances>
<alternativeID>hkpu</alternativeID>
<performance>
<criterionID>gcit</criterionID>
<value><real>91.40</real></value>
</performance>
<performance>
<criterionID>gind</criterionID>
<value><real>41.50</real></value>
</performance>
<performance>
<criterionID>gint</criterionID>
<value><real>73.20</real></value>
</performance>
<performance>
<criterionID>gres</criterionID>
<value><real>36.50</real></value>
</performance>
<performance>
<criterionID>gtch</criterionID>
<value><real>46.80</real></value>
</performance>
</alternativePerformances>
<alternativePerformances>
<alternativeID>hkst</alternativeID>
<performance>
<criterionID>gcit</criterionID>
<value><real>96.20</real></value>
</performance>
<performance>
<criterionID>gind</criterionID>
<value><real>55.80</real></value>
</performance>
<performance>
<criterionID>gint</criterionID>
<value><real>84.40</real></value>
</performance>
<performance>
<criterionID>gres</criterionID>
<value><real>92.00</real></value>
</performance>
<performance>
<criterionID>gtch</criterionID>
<value><real>74.30</real></value>
</performance>
</alternativePerformances>
<alternativePerformances>
<alternativeID>hku</alternativeID>
<performance>
<criterionID>gcit</criterionID>
<value><real>77.00</real></value>
</performance>
<performance>
<criterionID>gind</criterionID>
<value><real>39.50</real></value>
</performance>
<performance>
<criterionID>gint</criterionID>
<value><real>96.80</real></value>
</performance>
<performance>
<criterionID>gres</criterionID>
<value><real>73.00</real></value>
</performance>
<performance>
<criterionID>gtch</criterionID>
<value><real>77.00</real></value>
</performance>
</alternativePerformances>
<alternativePerformances>
<alternativeID>humb</alternativeID>
<performance>
<criterionID>gcit</criterionID>
<value><real>94.70</real></value>
</performance>
<performance>
<criterionID>gind</criterionID>
<value><real>45.50</real></value>
</performance>
<performance>
<criterionID>gint</criterionID>
<value><real>41.50</real></value>
</performance>
<performance>
<criterionID>gres</criterionID>
<value><real>31.30</real></value>
</performance>
<performance>
<criterionID>gtch</criterionID>
<value><real>48.40</real></value>
</performance>
</alternativePerformances>
<alternativePerformances>
<alternativeID>icl</alternativeID>
<performance>
<criterionID>gcit</criterionID>
<value><real>95.10</real></value>
</performance>
<performance>
<criterionID>gind</criterionID>
<value><real>49.90</real></value>
</performance>
<performance>
<criterionID>gint</criterionID>
<value><real>94.30</real></value>
</performance>
<performance>
<criterionID>gres</criterionID>
<value><real>87.50</real></value>
</performance>
<performance>
<criterionID>gtch</criterionID>
<value><real>90.10</real></value>
</performance>
</alternativePerformances>
<alternativePerformances>
<alternativeID>indis</alternativeID>
<performance>
<criterionID>gcit</criterionID>
<value><real>49.30</real></value>
</performance>
<performance>
<criterionID>gind</criterionID>
<value><real>41.50</real></value>
</performance>
<performance>
<criterionID>gint</criterionID>
<value><real>20.10</real></value>
</performance>
<performance>
<criterionID>gres</criterionID>
<value><real>76.10</real></value>
</performance>
<performance>
<criterionID>gtch</criterionID>
<value><real>56.90</real></value>
</performance>
</alternativePerformances>
<alternativePerformances>
<alternativeID>itmo</alternativeID>
<performance>
<criterionID>gcit</criterionID>
<value><real>98.70</real></value>
</performance>
<performance>
<criterionID>gind</criterionID>
<value><real>68.70</real></value>
</performance>
<performance>
<criterionID>gint</criterionID>
<value><real>39.20</real></value>
</performance>
<performance>
<criterionID>gres</criterionID>
<value><real>32.00</real></value>
</performance>
<performance>
<criterionID>gtch</criterionID>
<value><real>58.00</real></value>
</performance>
</alternativePerformances>
<alternativePerformances>
<alternativeID>kcl</alternativeID>
<performance>
<criterionID>gcit</criterionID>
<value><real>86.30</real></value>
</performance>
<performance>
<criterionID>gind</criterionID>
<value><real>38.30</real></value>
</performance>
<performance>
<criterionID>gint</criterionID>
<value><real>95.10</real></value>
</performance>
<performance>
<criterionID>gres</criterionID>
<value><real>94.60</real></value>
</performance>
<performance>
<criterionID>gtch</criterionID>
<value><real>45.50</real></value>
</performance>
</alternativePerformances>
<alternativePerformances>
<alternativeID>kist</alternativeID>
<performance>
<criterionID>gcit</criterionID>
<value><real>64.20</real></value>
</performance>
<performance>
<criterionID>gind</criterionID>
<value><real>92.80</real></value>
</performance>
<performance>
<criterionID>gint</criterionID>
<value><real>31.60</real></value>
</performance>
<performance>
<criterionID>gres</criterionID>
<value><real>88.20</real></value>
</performance>
<performance>
<criterionID>gtch</criterionID>
<value><real>79.40</real></value>
</performance>
</alternativePerformances>
<alternativePerformances>
<alternativeID>kit</alternativeID>
<performance>
<criterionID>gcit</criterionID>
<value><real>84.40</real></value>
</performance>
<performance>
<criterionID>gind</criterionID>
<value><real>76.80</real></value>
</performance>
<performance>
<criterionID>gint</criterionID>
<value><real>41.30</real></value>
</performance>
<performance>
<criterionID>gres</criterionID>
<value><real>85.50</real></value>
</performance>
<performance>
<criterionID>gtch</criterionID>
<value><real>73.80</real></value>
</performance>
</alternativePerformances>
<alternativePerformances>
<alternativeID>kth</alternativeID>
<performance>
<criterionID>gcit</criterionID>
<value><real>83.60</real></value>
</performance>
<performance>
<criterionID>gind</criterionID>
<value><real>39.20</real></value>
</performance>
<performance>
<criterionID>gint</criterionID>
<value><real>71.60</real></value>
</performance>
<performance>
<criterionID>gres</criterionID>
<value><real>42.00</real></value>
</performance>
<performance>
<criterionID>gtch</criterionID>
<value><real>44.80</real></value>
</performance>
</alternativePerformances>
<alternativePerformances>
<alternativeID>kuj</alternativeID>
<performance>
<criterionID>gcit</criterionID>
<value><real>49.50</real></value>
</performance>
<performance>
<criterionID>gind</criterionID>
<value><real>51.40</real></value>
</performance>
<performance>
<criterionID>gint</criterionID>
<value><real>28.30</real></value>
</performance>
<performance>
<criterionID>gres</criterionID>
<value><real>72.80</real></value>
</performance>
<performance>
<criterionID>gtch</criterionID>
<value><real>75.40</real></value>
</performance>
</alternativePerformances>
<alternativePerformances>
<alternativeID>kul</alternativeID>
<performance>
<criterionID>gcit</criterionID>
<value><real>92.00</real></value>
</performance>
<performance>
<criterionID>gind</criterionID>
<value><real>88.30</real></value>
</performance>
<performance>
<criterionID>gint</criterionID>
<value><real>46.00</real></value>
</performance>
<performance>
<criterionID>gres</criterionID>
<value><real>55.80</real></value>
</performance>
<performance>
<criterionID>gtch</criterionID>
<value><real>35.20</real></value>
</performance>
</alternativePerformances>
<alternativePerformances>
<alternativeID>lms</alternativeID>
<performance>
<criterionID>gcit</criterionID>
<value><real>61.00</real></value>
</performance>
<performance>
<criterionID>gind</criterionID>
<value><real>87.80</real></value>
</performance>
<performance>
<criterionID>gint</criterionID>
<value><real>31.10</real></value>
</performance>
<performance>
<criterionID>gres</criterionID>
<value><real>68.10</real></value>
</performance>
<performance>
<criterionID>gtch</criterionID>
<value><real>81.50</real></value>
</performance>
</alternativePerformances>
<alternativePerformances>
<alternativeID>man</alternativeID>
<performance>
<criterionID>gcit</criterionID>
<value><real>62.90</real></value>
</performance>
<performance>
<criterionID>gind</criterionID>
<value><real>42.10</real></value>
</performance>
<performance>
<criterionID>gint</criterionID>
<value><real>84.10</real></value>
</performance>
<performance>
<criterionID>gres</criterionID>
<value><real>71.90</real></value>
</performance>
<performance>
<criterionID>gtch</criterionID>
<value><real>63.50</real></value>
</performance>
</alternativePerformances>
<alternativePerformances>
<alternativeID>mcp</alternativeID>
<performance>
<criterionID>gcit</criterionID>
<value><real>94.60</real></value>
</performance>
<performance>
<criterionID>gind</criterionID>
<value><real>51.70</real></value>
</performance>
<performance>
<criterionID>gint</criterionID>
<value><real>29.80</real></value>
</performance>
<performance>
<criterionID>gres</criterionID>
<value><real>89.30</real></value>
</performance>
<performance>
<criterionID>gtch</criterionID>
<value><real>79.70</real></value>
</performance>
</alternativePerformances>
<alternativePerformances>
<alternativeID>mel</alternativeID>
<performance>
<criterionID>gcit</criterionID>
<value><real>83.70</real></value>
</performance>
<performance>
<criterionID>gind</criterionID>
<value><real>50.40</real></value>
</performance>
<performance>
<criterionID>gint</criterionID>
<value><real>83.30</real></value>
</performance>
<performance>
<criterionID>gres</criterionID>
<value><real>70.20</real></value>
</performance>
<performance>
<criterionID>gtch</criterionID>
<value><real>56.10</real></value>
</performance>
</alternativePerformances>
<alternativePerformances>
<alternativeID>mil</alternativeID>
<performance>
<criterionID>gcit</criterionID>
<value><real>69.20</real></value>
</performance>
<performance>
<criterionID>gind</criterionID>
<value><real>38.50</real></value>
</performance>
<performance>
<criterionID>gint</criterionID>
<value><real>44.10</real></value>
</performance>
<performance>
<criterionID>gres</criterionID>
<value><real>64.30</real></value>
</performance>
<performance>
<criterionID>gtch</criterionID>
<value><real>46.40</real></value>
</performance>
</alternativePerformances>
<alternativePerformances>
<alternativeID>mit</alternativeID>
<performance>
<criterionID>gcit</criterionID>
<value><real>99.40</real></value>
</performance>
<performance>
<criterionID>gind</criterionID>
<value><real>87.50</real></value>
</performance>
<performance>
<criterionID>gint</criterionID>
<value><real>73.90</real></value>
</performance>
<performance>
<criterionID>gres</criterionID>
<value><real>95.40</real></value>
</performance>
<performance>
<criterionID>gtch</criterionID>
<value><real>87.30</real></value>
</performance>
</alternativePerformances>
<alternativePerformances>
<alternativeID>naji</alternativeID>
<performance>
<criterionID>gcit</criterionID>
<value><real>48.80</real></value>
</performance>
<performance>
<criterionID>gind</criterionID>
<value><real>74.40</real></value>
</performance>
<performance>
<criterionID>gint</criterionID>
<value><real>39.70</real></value>
</performance>
<performance>
<criterionID>gres</criterionID>
<value><real>76.90</real></value>
</performance>
<performance>
<criterionID>gtch</criterionID>
<value><real>51.40</real></value>
</performance>
</alternativePerformances>
<alternativePerformances>
<alternativeID>ntu</alternativeID>
<performance>
<criterionID>gcit</criterionID>
<value><real>90.40</real></value>
</performance>
<performance>
<criterionID>gind</criterionID>
<value><real>86.90</real></value>
</performance>
<performance>
<criterionID>gint</criterionID>
<value><real>92.90</real></value>
</performance>
<performance>
<criterionID>gres</criterionID>
<value><real>87.70</real></value>
</performance>
<performance>
<criterionID>gtch</criterionID>
<value><real>76.60</real></value>
</performance>
</alternativePerformances>
<alternativePerformances>
<alternativeID>ntw</alternativeID>
<performance>
<criterionID>gcit</criterionID>
<value><real>66.60</real></value>
</performance>
<performance>
<criterionID>gind</criterionID>
<value><real>67.60</real></value>
</performance>
<performance>
<criterionID>gint</criterionID>
<value><real>25.50</real></value>
</performance>
<performance>
<criterionID>gres</criterionID>
<value><real>79.80</real></value>
</performance>
<performance>
<criterionID>gtch</criterionID>
<value><real>81.50</real></value>
</performance>
</alternativePerformances>
<alternativePerformances>
<alternativeID>nyu</alternativeID>
<performance>
<criterionID>gcit</criterionID>
<value><real>99.40</real></value>
</performance>
<performance>
<criterionID>gind</criterionID>
<value><real>39.80</real></value>
</performance>
<performance>
<criterionID>gint</criterionID>
<value><real>78.00</real></value>
</performance>
<performance>
<criterionID>gres</criterionID>
<value><real>77.40</real></value>
</performance>
<performance>
<criterionID>gtch</criterionID>
<value><real>71.10</real></value>
</performance>
</alternativePerformances>
<alternativePerformances>
<alternativeID>oxf</alternativeID>
<performance>
<criterionID>gcit</criterionID>
<value><real>98.80</real></value>
</performance>
<performance>
<criterionID>gind</criterionID>
<value><real>44.30</real></value>
</performance>
<performance>
<criterionID>gint</criterionID>
<value><real>93.60</real></value>
</performance>
<performance>
<criterionID>gres</criterionID>
<value><real>92.00</real></value>
</performance>
<performance>
<criterionID>gtch</criterionID>
<value><real>94.00</real></value>
</performance>
</alternativePerformances>
<alternativePerformances>
<alternativeID>pud</alternativeID>
<performance>
<criterionID>gcit</criterionID>
<value><real>70.80</real></value>
</performance>
<performance>
<criterionID>gind</criterionID>
<value><real>56.70</real></value>
</performance>
<performance>
<criterionID>gint</criterionID>
<value><real>58.10</real></value>
</performance>
<performance>
<criterionID>gres</criterionID>
<value><real>84.80</real></value>
</performance>
<performance>
<criterionID>gtch</criterionID>
<value><real>76.90</real></value>
</performance>
</alternativePerformances>
<alternativePerformances>
<alternativeID>qut</alternativeID>
<performance>
<criterionID>gcit</criterionID>
<value><real>82.80</real></value>
</performance>
<performance>
<criterionID>gind</criterionID>
<value><real>63.00</real></value>
</performance>
<performance>
<criterionID>gint</criterionID>
<value><real>75.20</real></value>
</performance>
<performance>
<criterionID>gres</criterionID>
<value><real>42.60</real></value>
</performance>
<performance>
<criterionID>gtch</criterionID>
<value><real>45.50</real></value>
</performance>
</alternativePerformances>
<alternativePerformances>
<alternativeID>rcu</alternativeID>
<performance>
<criterionID>gcit</criterionID>
<value><real>99.40</real></value>
</performance>
<performance>
<criterionID>gind</criterionID>
<value><real>46.10</real></value>
</performance>
<performance>
<criterionID>gint</criterionID>
<value><real>63.70</real></value>
</performance>
<performance>
<criterionID>gres</criterionID>
<value><real>53.80</real></value>
</performance>
<performance>
<criterionID>gtch</criterionID>
<value><real>64.10</real></value>
</performance>
</alternativePerformances>
<alternativePerformances>
<alternativeID>rwth</alternativeID>
<performance>
<criterionID>gcit</criterionID>
<value><real>70.80</real></value>
</performance>
<performance>
<criterionID>gind</criterionID>
<value><real>89.40</real></value>
</performance>
<performance>
<criterionID>gint</criterionID>
<value><real>43.70</real></value>
</performance>
<performance>
<criterionID>gres</criterionID>
<value><real>85.00</real></value>
</performance>
<performance>
<criterionID>gtch</criterionID>
<value><real>77.80</real></value>
</performance>
</alternativePerformances>
<alternativePerformances>
<alternativeID>shJi</alternativeID>
<performance>
<criterionID>gcit</criterionID>
<value><real>62.40</real></value>
</performance>
<performance>
<criterionID>gind</criterionID>
<value><real>38.50</real></value>
</performance>
<performance>
<criterionID>gint</criterionID>
<value><real>22.80</real></value>
</performance>
<performance>
<criterionID>gres</criterionID>
<value><real>68.30</real></value>
</performance>
<performance>
<criterionID>gtch</criterionID>
<value><real>66.90</real></value>
</performance>
</alternativePerformances>
<alternativePerformances>
<alternativeID>sing</alternativeID>
<performance>
<criterionID>gcit</criterionID>
<value><real>83.00</real></value>
</performance>
<performance>
<criterionID>gind</criterionID>
<value><real>50.60</real></value>
</performance>
<performance>
<criterionID>gint</criterionID>
<value><real>95.30</real></value>
</performance>
<performance>
<criterionID>gres</criterionID>
<value><real>91.30</real></value>
</performance>
<performance>
<criterionID>gtch</criterionID>
<value><real>89.90</real></value>
</performance>
</alternativePerformances>
<alternativePerformances>
<alternativeID>sou</alternativeID>
<performance>
<criterionID>gcit</criterionID>
<value><real>75.50</real></value>
</performance>
<performance>
<criterionID>gind</criterionID>
<value><real>43.20</real></value>
</performance>
<performance>
<criterionID>gint</criterionID>
<value><real>87.40</real></value>
</performance>
<performance>
<criterionID>gres</criterionID>
<value><real>60.70</real></value>
</performance>
<performance>
<criterionID>gtch</criterionID>
<value><real>48.20</real></value>
</performance>
</alternativePerformances>
<alternativePerformances>
<alternativeID>stut</alternativeID>
<performance>
<criterionID>gcit</criterionID>
<value><real>61.10</real></value>
</performance>
<performance>
<criterionID>gind</criterionID>
<value><real>97.80</real></value>
</performance>
<performance>
<criterionID>gint</criterionID>
<value><real>36.30</real></value>
</performance>
<performance>
<criterionID>gres</criterionID>
<value><real>60.60</real></value>
</performance>
<performance>
<criterionID>gtch</criterionID>
<value><real>54.20</real></value>
</performance>
</alternativePerformances>
<alternativePerformances>
<alternativeID>tech</alternativeID>
<performance>
<criterionID>gcit</criterionID>
<value><real>85.10</real></value>
</performance>
<performance>
<criterionID>gind</criterionID>
<value><real>40.10</real></value>
</performance>
<performance>
<criterionID>gint</criterionID>
<value><real>51.70</real></value>
</performance>
<performance>
<criterionID>gres</criterionID>
<value><real>71.00</real></value>
</performance>
<performance>
<criterionID>gtch</criterionID>
<value><real>54.90</real></value>
</performance>
</alternativePerformances>
<alternativePerformances>
<alternativeID>tlavu</alternativeID>
<performance>
<criterionID>gcit</criterionID>
<value><real>89.00</real></value>
</performance>
<performance>
<criterionID>gind</criterionID>
<value><real>38.60</real></value>
</performance>
<performance>
<criterionID>gint</criterionID>
<value><real>45.30</real></value>
</performance>
<performance>
<criterionID>gres</criterionID>
<value><real>57.20</real></value>
</performance>
<performance>
<criterionID>gtch</criterionID>
<value><real>34.10</real></value>
</performance>
</alternativePerformances>
<alternativePerformances>
<alternativeID>tsu</alternativeID>
<performance>
<criterionID>gcit</criterionID>
<value><real>76.70</real></value>
</performance>
<performance>
<criterionID>gind</criterionID>
<value><real>85.90</real></value>
</performance>
<performance>
<criterionID>gint</criterionID>
<value><real>27.10</real></value>
</performance>
<performance>
<criterionID>gres</criterionID>
<value><real>90.20</real></value>
</performance>
<performance>
<criterionID>gtch</criterionID>
<value><real>88.10</real></value>
</performance>
</alternativePerformances>
<alternativePerformances>
<alternativeID>tub</alternativeID>
<performance>
<criterionID>gcit</criterionID>
<value><real>71.00</real></value>
</performance>
<performance>
<criterionID>gind</criterionID>
<value><real>100.00</real></value>
</performance>
<performance>
<criterionID>gint</criterionID>
<value><real>55.40</real></value>
</performance>
<performance>
<criterionID>gres</criterionID>
<value><real>82.40</real></value>
</performance>
<performance>
<criterionID>gtch</criterionID>
<value><real>66.20</real></value>
</performance>
</alternativePerformances>
<alternativePerformances>
<alternativeID>tud</alternativeID>
<performance>
<criterionID>gcit</criterionID>
<value><real>75.90</real></value>
</performance>
<performance>
<criterionID>gind</criterionID>
<value><real>66.50</real></value>
</performance>
<performance>
<criterionID>gint</criterionID>
<value><real>53.70</real></value>
</performance>
<performance>
<criterionID>gres</criterionID>
<value><real>53.60</real></value>
</performance>
<performance>
<criterionID>gtch</criterionID>
<value><real>46.60</real></value>
</performance>
</alternativePerformances>
<alternativePerformances>
<alternativeID>tum</alternativeID>
<performance>
<criterionID>gcit</criterionID>
<value><real>87.90</real></value>
</performance>
<performance>
<criterionID>gind</criterionID>
<value><real>95.10</real></value>
</performance>
<performance>
<criterionID>gint</criterionID>
<value><real>52.90</real></value>
</performance>
<performance>
<criterionID>gres</criterionID>
<value><real>95.10</real></value>
</performance>
<performance>
<criterionID>gtch</criterionID>
<value><real>87.60</real></value>
</performance>
</alternativePerformances>
<alternativePerformances>
<alternativeID>ucl</alternativeID>
<performance>
<criterionID>gcit</criterionID>
<value><real>87.60</real></value>
</performance>
<performance>
<criterionID>gind</criterionID>
<value><real>42.40</real></value>
</performance>
<performance>
<criterionID>gint</criterionID>
<value><real>94.70</real></value>
</performance>
<performance>
<criterionID>gres</criterionID>
<value><real>90.30</real></value>
</performance>
<performance>
<criterionID>gtch</criterionID>
<value><real>85.50</real></value>
</performance>
</alternativePerformances>
<alternativePerformances>
<alternativeID>ued</alternativeID>
<performance>
<criterionID>gcit</criterionID>
<value><real>89.70</real></value>
</performance>
<performance>
<criterionID>gind</criterionID>
<value><real>38.80</real></value>
</performance>
<performance>
<criterionID>gint</criterionID>
<value><real>95.00</real></value>
</performance>
<performance>
<criterionID>gres</criterionID>
<value><real>85.30</real></value>
</performance>
<performance>
<criterionID>gtch</criterionID>
<value><real>85.70</real></value>
</performance>
</alternativePerformances>
<alternativePerformances>
<alternativeID>uiu</alternativeID>
<performance>
<criterionID>gcit</criterionID>
<value><real>99.20</real></value>
</performance>
<performance>
<criterionID>gind</criterionID>
<value><real>42.20</real></value>
</performance>
<performance>
<criterionID>gint</criterionID>
<value><real>51.40</real></value>
</performance>
<performance>
<criterionID>gres</criterionID>
<value><real>83.10</real></value>
</performance>
<performance>
<criterionID>gtch</criterionID>
<value><real>85.00</real></value>
</performance>
</alternativePerformances>
<alternativePerformances>
<alternativeID>unlu</alternativeID>
<performance>
<criterionID>gcit</criterionID>
<value><real>87.40</real></value>
</performance>
<performance>
<criterionID>gind</criterionID>
<value><real>54.10</real></value>
</performance>
<performance>
<criterionID>gint</criterionID>
<value><real>99.70</real></value>
</performance>
<performance>
<criterionID>gres</criterionID>
<value><real>44.20</real></value>
</performance>
<performance>
<criterionID>gtch</criterionID>
<value><real>35.20</real></value>
</performance>
</alternativePerformances>
<alternativePerformances>
<alternativeID>unsw</alternativeID>
<performance>
<criterionID>gcit</criterionID>
<value><real>70.50</real></value>
</performance>
<performance>
<criterionID>gind</criterionID>
<value><real>44.30</real></value>
</performance>
<performance>
<criterionID>gint</criterionID>
<value><real>87.00</real></value>
</performance>
<performance>
<criterionID>gres</criterionID>
<value><real>58.20</real></value>
</performance>
<performance>
<criterionID>gtch</criterionID>
<value><real>60.20</real></value>
</performance>
</alternativePerformances>
<alternativePerformances>
<alternativeID>unt</alternativeID>
<performance>
<criterionID>gcit</criterionID>
<value><real>99.60</real></value>
</performance>
<performance>
<criterionID>gind</criterionID>
<value><real>38.40</real></value>
</performance>
<performance>
<criterionID>gint</criterionID>
<value><real>77.60</real></value>
</performance>
<performance>
<criterionID>gres</criterionID>
<value><real>84.40</real></value>
</performance>
<performance>
<criterionID>gtch</criterionID>
<value><real>79.90</real></value>
</performance>
</alternativePerformances>
<alternativePerformances>
<alternativeID>uta</alternativeID>
<performance>
<criterionID>gcit</criterionID>
<value><real>99.60</real></value>
</performance>
<performance>
<criterionID>gind</criterionID>
<value><real>49.70</real></value>
</performance>
<performance>
<criterionID>gint</criterionID>
<value><real>31.60</real></value>
</performance>
<performance>
<criterionID>gres</criterionID>
<value><real>85.30</real></value>
</performance>
<performance>
<criterionID>gtch</criterionID>
<value><real>72.60</real></value>
</performance>
</alternativePerformances>
<alternativePerformances>
<alternativeID>utj</alternativeID>
<performance>
<criterionID>gcit</criterionID>
<value><real>48.70</real></value>
</performance>
<performance>
<criterionID>gind</criterionID>
<value><real>49.60</real></value>
</performance>
<performance>
<criterionID>gint</criterionID>
<value><real>25.80</real></value>
</performance>
<performance>
<criterionID>gres</criterionID>
<value><real>91.70</real></value>
</performance>
<performance>
<criterionID>gtch</criterionID>
<value><real>92.00</real></value>
</performance>
</alternativePerformances>
<alternativePerformances>
<alternativeID>utw</alternativeID>
<performance>
<criterionID>gcit</criterionID>
<value><real>87.00</real></value>
</performance>
<performance>
<criterionID>gind</criterionID>
<value><real>60.00</real></value>
</performance>
<performance>
<criterionID>gint</criterionID>
<value><real>69.00</real></value>
</performance>
<performance>
<criterionID>gres</criterionID>
<value><real>52.80</real></value>
</performance>
<performance>
<criterionID>gtch</criterionID>
<value><real>38.20</real></value>
</performance>
</alternativePerformances>
<alternativePerformances>
<alternativeID>uwa</alternativeID>
<performance>
<criterionID>gcit</criterionID>
<value><real>91.30</real></value>
</performance>
<performance>
<criterionID>gind</criterionID>
<value><real>41.50</real></value>
</performance>
<performance>
<criterionID>gint</criterionID>
<value><real>72.90</real></value>
</performance>
<performance>
<criterionID>gres</criterionID>
<value><real>82.60</real></value>
</performance>
<performance>
<criterionID>gtch</criterionID>
<value><real>75.30</real></value>
</performance>
</alternativePerformances>
<alternativePerformances>
<alternativeID>wash</alternativeID>
<performance>
<criterionID>gcit</criterionID>
<value><real>99.30</real></value>
</performance>
<performance>
<criterionID>gind</criterionID>
<value><real>41.20</real></value>
</performance>
<performance>
<criterionID>gint</criterionID>
<value><real>57.40</real></value>
</performance>
<performance>
<criterionID>gres</criterionID>
<value><real>88.70</real></value>
</performance>
<performance>
<criterionID>gtch</criterionID>
<value><real>84.40</real></value>
</performance>
</alternativePerformances>
<alternativePerformances>
<alternativeID>wtu</alternativeID>
<performance>
<criterionID>gcit</criterionID>
<value><real>73.70</real></value>
</performance>
<performance>
<criterionID>gind</criterionID>
<value><real>62.20</real></value>
</performance>
<performance>
<criterionID>gint</criterionID>
<value><real>51.90</real></value>
</performance>
<performance>
<criterionID>gres</criterionID>
<value><real>73.50</real></value>
</performance>
<performance>
<criterionID>gtch</criterionID>
<value><real>61.80</real></value>
</performance>
</alternativePerformances>
<alternativePerformances>
<alternativeID>zhej</alternativeID>
<performance>
<criterionID>gcit</criterionID>
<value><real>60.70</real></value>
</performance>
<performance>
<criterionID>gind</criterionID>
<value><real>75.70</real></value>
</performance>
<performance>
<criterionID>gint</criterionID>
<value><real>22.60</real></value>
</performance>
<performance>
<criterionID>gres</criterionID>
<value><real>70.40</real></value>
</performance>
<performance>
<criterionID>gtch</criterionID>
<value><real>73.50</real></value>
</performance>
</alternativePerformances>
</performanceTable>
</xmcda:XMCDA>
