<?xml version="1.0" encoding="UTF-8"?>
<?xml-stylesheet type="text/xsl" href="xmcda2Rubis.xsl"?>
<xmcda:XMCDA xmlns:xsi="http://www.w3.org/2001/XMLSchema-instance" xsi:schemaLocation="http://www.decision-deck.org/2009/XMCDA-2.0.0 http://www.decision-deck.org/xmcda/_downloads/XMCDA-2.0.0.xsd" xmlns:xmcda="http://www.decision-deck.org/2009/XMCDA-2.0.0" instanceID="void">
<projectReference id="tutorialPerfTab" name="tutorialPerfTab.xml">
<title>Performance Tableau in XMCDA-2.0 format.</title>
<author>digraphs Module (RB)</author>
<version>saved from Python session</version>
<comment>produced by saveXMCDA2()</comment>
</projectReference>
<methodParameters id="Rubis" name="Rubis best choice method" mcdaConcept="methodData">
<description>
<subTitle>Method parameters</subTitle>
<version>1.0</version>
</description>
<parameters>
<parameter name="variant">
<value>
<label>Rubis</label>
</value>
</parameter>
<parameter name="valuationType">
<value>
<label>bipolar</label>
</value>
</parameter>
</parameters>
</methodParameters>
<alternatives mcdaConcept="alternatives">
<description>
<subTitle>Potential decision actions.</subTitle>
</description>
<alternative id="a01" name="random decision action" mcdaConcept="potentialDecisionAction">
<description>
<comment>RandomPerformanceTableau() generated.</comment>
</description>
<type>real</type>
<active>true</active>
</alternative>
<alternative id="a02" name="random decision action" mcdaConcept="potentialDecisionAction">
<description>
<comment>RandomPerformanceTableau() generated.</comment>
</description>
<type>real</type>
<active>true</active>
</alternative>
<alternative id="a03" name="random decision action" mcdaConcept="potentialDecisionAction">
<description>
<comment>RandomPerformanceTableau() generated.</comment>
</description>
<type>real</type>
<active>true</active>
</alternative>
<alternative id="a04" name="random decision action" mcdaConcept="potentialDecisionAction">
<description>
<comment>RandomPerformanceTableau() generated.</comment>
</description>
<type>real</type>
<active>true</active>
</alternative>
<alternative id="a05" name="random decision action" mcdaConcept="potentialDecisionAction">
<description>
<comment>RandomPerformanceTableau() generated.</comment>
</description>
<type>real</type>
<active>true</active>
</alternative>
<alternative id="a06" name="random decision action" mcdaConcept="potentialDecisionAction">
<description>
<comment>RandomPerformanceTableau() generated.</comment>
</description>
<type>real</type>
<active>true</active>
</alternative>
<alternative id="a07" name="random decision action" mcdaConcept="potentialDecisionAction">
<description>
<comment>RandomPerformanceTableau() generated.</comment>
</description>
<type>real</type>
<active>true</active>
</alternative>
</alternatives>
<criteria mcdaConcept="criteria">
<description>
<subTitle>Family of criteria.</subTitle>
</description>
<criterion id="g01" name="digraphs.RandomPerformanceTableau() instance" mcdaConcept="criterion">
<description>
<comment>Arguments: ; weightDistribution=random; weightScale=[1, 10]; commonMode=('uniform', None, None)</comment>
<version>performance</version>
</description>
<active>true</active>
<criterionValue><value><real>3.00</real></value></criterionValue>
<scale>
<quantitative>
<preferenceDirection>max</preferenceDirection>
<minimum><real>0.00</real></minimum>
<maximum><real>100.00</real></maximum>
</quantitative>
</scale>
<thresholds>
<threshold id="ind" name="indifference" mcdaConcept="performanceDiscriminationThreshold">
<constant>
<real>10.00</real>
</constant>
</threshold>
<threshold id="pref" name="preference" mcdaConcept="performanceDiscriminationThreshold">
<constant>
<real>20.00</real>
</constant>
</threshold>
<threshold id="weakVeto" name="weak veto" mcdaConcept="performanceDiscriminationThreshold">
<constant>
<real>80.00</real>
</constant>
</threshold>
<threshold id="veto" name="veto" mcdaConcept="performanceDiscriminationThreshold">
<constant>
<real>80.00</real>
</constant>
</threshold>
</thresholds>
</criterion>
<criterion id="g02" name="digraphs.RandomPerformanceTableau() instance" mcdaConcept="criterion">
<description>
<comment>Arguments: ; weightDistribution=random; weightScale=[1, 10]; commonMode=('uniform', None, None)</comment>
<version>performance</version>
</description>
<active>true</active>
<criterionValue><value><real>3.00</real></value></criterionValue>
<scale>
<quantitative>
<preferenceDirection>max</preferenceDirection>
<minimum><real>0.00</real></minimum>
<maximum><real>100.00</real></maximum>
</quantitative>
</scale>
<thresholds>
<threshold id="ind" name="indifference" mcdaConcept="performanceDiscriminationThreshold">
<constant>
<real>10.00</real>
</constant>
</threshold>
<threshold id="pref" name="preference" mcdaConcept="performanceDiscriminationThreshold">
<constant>
<real>20.00</real>
</constant>
</threshold>
<threshold id="weakVeto" name="weak veto" mcdaConcept="performanceDiscriminationThreshold">
<constant>
<real>80.00</real>
</constant>
</threshold>
<threshold id="veto" name="veto" mcdaConcept="performanceDiscriminationThreshold">
<constant>
<real>80.00</real>
</constant>
</threshold>
</thresholds>
</criterion>
<criterion id="g03" name="digraphs.RandomPerformanceTableau() instance" mcdaConcept="criterion">
<description>
<comment>Arguments: ; weightDistribution=random; weightScale=[1, 10]; commonMode=('uniform', None, None)</comment>
<version>performance</version>
</description>
<active>true</active>
<criterionValue><value><real>6.00</real></value></criterionValue>
<scale>
<quantitative>
<preferenceDirection>max</preferenceDirection>
<minimum><real>0.00</real></minimum>
<maximum><real>100.00</real></maximum>
</quantitative>
</scale>
<thresholds>
<threshold id="ind" name="indifference" mcdaConcept="performanceDiscriminationThreshold">
<constant>
<real>10.00</real>
</constant>
</threshold>
<threshold id="pref" name="preference" mcdaConcept="performanceDiscriminationThreshold">
<constant>
<real>20.00</real>
</constant>
</threshold>
<threshold id="weakVeto" name="weak veto" mcdaConcept="performanceDiscriminationThreshold">
<constant>
<real>80.00</real>
</constant>
</threshold>
<threshold id="veto" name="veto" mcdaConcept="performanceDiscriminationThreshold">
<constant>
<real>80.00</real>
</constant>
</threshold>
</thresholds>
</criterion>
<criterion id="g04" name="digraphs.RandomPerformanceTableau() instance" mcdaConcept="criterion">
<description>
<comment>Arguments: ; weightDistribution=random; weightScale=[1, 10]; commonMode=('uniform', None, None)</comment>
<version>performance</version>
</description>
<active>true</active>
<criterionValue><value><real>5.00</real></value></criterionValue>
<scale>
<quantitative>
<preferenceDirection>max</preferenceDirection>
<minimum><real>0.00</real></minimum>
<maximum><real>100.00</real></maximum>
</quantitative>
</scale>
<thresholds>
<threshold id="ind" name="indifference" mcdaConcept="performanceDiscriminationThreshold">
<constant>
<real>10.00</real>
</constant>
</threshold>
<threshold id="pref" name="preference" mcdaConcept="performanceDiscriminationThreshold">
<constant>
<real>20.00</real>
</constant>
</threshold>
<threshold id="weakVeto" name="weak veto" mcdaConcept="performanceDiscriminationThreshold">
<constant>
<real>80.00</real>
</constant>
</threshold>
<threshold id="veto" name="veto" mcdaConcept="performanceDiscriminationThreshold">
<constant>
<real>80.00</real>
</constant>
</threshold>
</thresholds>
</criterion>
<criterion id="g05" name="digraphs.RandomPerformanceTableau() instance" mcdaConcept="criterion">
<description>
<comment>Arguments: ; weightDistribution=random; weightScale=[1, 10]; commonMode=('uniform', None, None)</comment>
<version>performance</version>
</description>
<active>true</active>
<criterionValue><value><real>3.00</real></value></criterionValue>
<scale>
<quantitative>
<preferenceDirection>max</preferenceDirection>
<minimum><real>0.00</real></minimum>
<maximum><real>100.00</real></maximum>
</quantitative>
</scale>
<thresholds>
<threshold id="ind" name="indifference" mcdaConcept="performanceDiscriminationThreshold">
<constant>
<real>10.00</real>
</constant>
</threshold>
<threshold id="pref" name="preference" mcdaConcept="performanceDiscriminationThreshold">
<constant>
<real>20.00</real>
</constant>
</threshold>
<threshold id="weakVeto" name="weak veto" mcdaConcept="performanceDiscriminationThreshold">
<constant>
<real>80.00</real>
</constant>
</threshold>
<threshold id="veto" name="veto" mcdaConcept="performanceDiscriminationThreshold">
<constant>
<real>80.00</real>
</constant>
</threshold>
</thresholds>
</criterion>
<criterion id="g06" name="digraphs.RandomPerformanceTableau() instance" mcdaConcept="criterion">
<description>
<comment>Arguments: ; weightDistribution=random; weightScale=[1, 10]; commonMode=('uniform', None, None)</comment>
<version>performance</version>
</description>
<active>true</active>
<criterionValue><value><real>7.00</real></value></criterionValue>
<scale>
<quantitative>
<preferenceDirection>max</preferenceDirection>
<minimum><real>0.00</real></minimum>
<maximum><real>100.00</real></maximum>
</quantitative>
</scale>
<thresholds>
<threshold id="ind" name="indifference" mcdaConcept="performanceDiscriminationThreshold">
<constant>
<real>10.00</real>
</constant>
</threshold>
<threshold id="pref" name="preference" mcdaConcept="performanceDiscriminationThreshold">
<constant>
<real>20.00</real>
</constant>
</threshold>
<threshold id="weakVeto" name="weak veto" mcdaConcept="performanceDiscriminationThreshold">
<constant>
<real>80.00</real>
</constant>
</threshold>
<threshold id="veto" name="veto" mcdaConcept="performanceDiscriminationThreshold">
<constant>
<real>80.00</real>
</constant>
</threshold>
</thresholds>
</criterion>
<criterion id="g07" name="digraphs.RandomPerformanceTableau() instance" mcdaConcept="criterion">
<description>
<comment>Arguments: ; weightDistribution=random; weightScale=[1, 10]; commonMode=('uniform', None, None)</comment>
<version>performance</version>
</description>
<active>true</active>
<criterionValue><value><real>10.00</real></value></criterionValue>
<scale>
<quantitative>
<preferenceDirection>max</preferenceDirection>
<minimum><real>0.00</real></minimum>
<maximum><real>100.00</real></maximum>
</quantitative>
</scale>
<thresholds>
<threshold id="ind" name="indifference" mcdaConcept="performanceDiscriminationThreshold">
<constant>
<real>10.00</real>
</constant>
</threshold>
<threshold id="pref" name="preference" mcdaConcept="performanceDiscriminationThreshold">
<constant>
<real>20.00</real>
</constant>
</threshold>
<threshold id="weakVeto" name="weak veto" mcdaConcept="performanceDiscriminationThreshold">
<constant>
<real>80.00</real>
</constant>
</threshold>
<threshold id="veto" name="veto" mcdaConcept="performanceDiscriminationThreshold">
<constant>
<real>80.00</real>
</constant>
</threshold>
</thresholds>
</criterion>
</criteria>
<performanceTable mcdaConcept="performanceTable">
<description>
<subTitle>Rubis Performance Table.</subTitle>
</description>
<alternativePerformances>
<alternativeID>a01</alternativeID>
<performance>
<criterionID>g01</criterionID>
<value><real>9.56</real></value>
</performance>
<performance>
<criterionID>g02</criterionID>
<value><real>90.94</real></value>
</performance>
<performance>
<criterionID>g03</criterionID>
<value><real>97.79</real></value>
</performance>
<performance>
<criterionID>g04</criterionID>
<value><real>40.53</real></value>
</performance>
<performance>
<criterionID>g05</criterionID>
<value><real>33.04</real></value>
</performance>
<performance>
<criterionID>g06</criterionID>
<value><real>47.57</real></value>
</performance>
<performance>
<criterionID>g07</criterionID>
<value><real>41.21</real></value>
</performance>
</alternativePerformances>
<alternativePerformances>
<alternativeID>a02</alternativeID>
<performance>
<criterionID>g01</criterionID>
<value><real>48.84</real></value>
</performance>
<performance>
<criterionID>g02</criterionID>
<value><real>11.79</real></value>
</performance>
<performance>
<criterionID>g03</criterionID>
<value><real>46.36</real></value>
</performance>
<performance>
<criterionID>g04</criterionID>
<value><real>43.61</real></value>
</performance>
<performance>
<criterionID>g05</criterionID>
<value><real>40.67</real></value>
</performance>
<performance>
<criterionID>g06</criterionID>
<value><real>19.00</real></value>
</performance>
<performance>
<criterionID>g07</criterionID>
<value><real>63.95</real></value>
</performance>
</alternativePerformances>
<alternativePerformances>
<alternativeID>a03</alternativeID>
<performance>
<criterionID>g01</criterionID>
<value><real>21.73</real></value>
</performance>
<performance>
<criterionID>g02</criterionID>
<value><real>96.56</real></value>
</performance>
<performance>
<criterionID>g03</criterionID>
<value><real>83.35</real></value>
</performance>
<performance>
<criterionID>g04</criterionID>
<value><real>53.22</real></value>
</performance>
<performance>
<criterionID>g05</criterionID>
<value><real>96.42</real></value>
</performance>
<performance>
<criterionID>g06</criterionID>
<value><real>92.65</real></value>
</performance>
<performance>
<criterionID>g07</criterionID>
<value><real>87.70</real></value>
</performance>
</alternativePerformances>
<alternativePerformances>
<alternativeID>a04</alternativeID>
<performance>
<criterionID>g01</criterionID>
<value><real>37.26</real></value>
</performance>
<performance>
<criterionID>g02</criterionID>
<value><real>41.03</real></value>
</performance>
<performance>
<criterionID>g03</criterionID>
<value><real>30.89</real></value>
</performance>
<performance>
<criterionID>g04</criterionID>
<value><real>17.50</real></value>
</performance>
<performance>
<criterionID>g05</criterionID>
<value><real>55.13</real></value>
</performance>
<performance>
<criterionID>g06</criterionID>
<value><real>55.32</real></value>
</performance>
<performance>
<criterionID>g07</criterionID>
<value><real>71.61</real></value>
</performance>
</alternativePerformances>
<alternativePerformances>
<alternativeID>a05</alternativeID>
<performance>
<criterionID>g01</criterionID>
<value><real>81.93</real></value>
</performance>
<performance>
<criterionID>g02</criterionID>
<value><real>33.96</real></value>
</performance>
<performance>
<criterionID>g03</criterionID>
<value><real>61.55</real></value>
</performance>
<performance>
<criterionID>g04</criterionID>
<value><real>38.65</real></value>
</performance>
<performance>
<criterionID>g05</criterionID>
<value><real>46.21</real></value>
</performance>
<performance>
<criterionID>g06</criterionID>
<value><real>51.70</real></value>
</performance>
<performance>
<criterionID>g07</criterionID>
<value><real>57.79</real></value>
</performance>
</alternativePerformances>
<alternativePerformances>
<alternativeID>a06</alternativeID>
<performance>
<criterionID>g01</criterionID>
<value><real>48.68</real></value>
</performance>
<performance>
<criterionID>g02</criterionID>
<value><real>53.90</real></value>
</performance>
<performance>
<criterionID>g03</criterionID>
<value><real>85.36</real></value>
</performance>
<performance>
<criterionID>g04</criterionID>
<value><real>21.51</real></value>
</performance>
<performance>
<criterionID>g05</criterionID>
<value><real>58.10</real></value>
</performance>
<performance>
<criterionID>g06</criterionID>
<value><real>26.64</real></value>
</performance>
<performance>
<criterionID>g07</criterionID>
<value><real>59.29</real></value>
</performance>
</alternativePerformances>
<alternativePerformances>
<alternativeID>a07</alternativeID>
<performance>
<criterionID>g01</criterionID>
<value><real>87.73</real></value>
</performance>
<performance>
<criterionID>g02</criterionID>
<value><real>46.27</real></value>
</performance>
<performance>
<criterionID>g03</criterionID>
<value><real>82.53</real></value>
</performance>
<performance>
<criterionID>g04</criterionID>
<value><real>67.62</real></value>
</performance>
<performance>
<criterionID>g05</criterionID>
<value><real>52.65</real></value>
</performance>
<performance>
<criterionID>g06</criterionID>
<value><real>40.39</real></value>
</performance>
<performance>
<criterionID>g07</criterionID>
<value><real>34.69</real></value>
</performance>
</alternativePerformances>
</performanceTable>
</xmcda:XMCDA>
