<?xml version="1.0" encoding="UTF-8"?>
<?xml-stylesheet type="text/xsl" href="xmcda2Rubis.xsl"?>
<xmcda:XMCDA xmlns:xsi="http://www.w3.org/2001/XMLSchema-instance" xsi:schemaLocation="http://www.decision-deck.org/2009/XMCDA-2.0.0 http://www.decision-deck.org/xmcda/_downloads/XMCDA-2.0.0.xsd" xmlns:xmcda="http://www.decision-deck.org/2009/XMCDA-2.0.0" instanceID="void">
<projectReference id="grafittiPerfTab" name="grafittiPerfTab.xml">
<title>Performance Tableau in XMCDA-2.0 format.</title>
<author>digraphs Module (RB)</author>
<version>saved from Python session</version>
<comment>produced by saveXMCDA2()</comment>
</projectReference>
<methodParameters id="Rubis" name="Rubis best choice method" mcdaConcept="methodData">
<description>
<subTitle>Method parameters</subTitle>
<version>1.0</version>
</description>
<parameters>
<parameter name="variant">
<value>
<label>Rubis</label>
</value>
</parameter>
<parameter name="valuationType">
<value>
<label>bipolar</label>
</value>
</parameter>
</parameters>
</methodParameters>
<alternatives mcdaConcept="alternatives">
<description>
<subTitle>Potential decision actions.</subTitle>
</description>
<alternative id="mv_AL" name="Apres lui" mcdaConcept="potentialDecisionAction">
<description>
<comment>None</comment>
</description>
<type>real</type>
<active>true</active>
</alternative>
<alternative id="mv_BI" name="Because I said so" mcdaConcept="potentialDecisionAction">
<description>
<comment>None</comment>
</description>
<type>real</type>
<active>true</active>
</alternative>
<alternative id="mv_CM" name="Caramel" mcdaConcept="potentialDecisionAction">
<description>
<comment>None</comment>
</description>
<type>real</type>
<active>true</active>
</alternative>
<alternative id="mv_DF" name="Death at a Funeral" mcdaConcept="potentialDecisionAction">
<description>
<comment>None</comment>
</description>
<type>real</type>
<active>true</active>
</alternative>
<alternative id="mv_DG" name="The Dead Girl" mcdaConcept="potentialDecisionAction">
<description>
<comment>None</comment>
</description>
<type>real</type>
<active>true</active>
</alternative>
<alternative id="mv_DI" name="Disturbia" mcdaConcept="potentialDecisionAction">
<description>
<comment>None</comment>
</description>
<type>real</type>
<active>true</active>
</alternative>
<alternative id="mv_DJ" name="Dialogue avec mon jardinier" mcdaConcept="potentialDecisionAction">
<description>
<comment>None</comment>
</description>
<type>real</type>
<active>true</active>
</alternative>
<alternative id="mv_FC" name="La fille coupee en deux" mcdaConcept="potentialDecisionAction">
<description>
<comment>None</comment>
</description>
<type>real</type>
<active>true</active>
</alternative>
<alternative id="mv_FF" name="Fast Food Nation" mcdaConcept="potentialDecisionAction">
<description>
<comment>None</comment>
</description>
<type>real</type>
<active>true</active>
</alternative>
<alternative id="mv_GG" name="Goya's Ghosts" mcdaConcept="potentialDecisionAction">
<description>
<comment>None</comment>
</description>
<type>real</type>
<active>true</active>
</alternative>
<alternative id="mv_GH" name="Grindhouse: Planet Terror" mcdaConcept="potentialDecisionAction">
<description>
<comment>None</comment>
</description>
<type>real</type>
<active>true</active>
</alternative>
<alternative id="mv_HN" name="Half Nelson" mcdaConcept="potentialDecisionAction">
<description>
<comment>None</comment>
</description>
<type>real</type>
<active>true</active>
</alternative>
<alternative id="mv_HP" name="Harry Potter 5" mcdaConcept="potentialDecisionAction">
<description>
<comment>None</comment>
</description>
<type>real</type>
<active>true</active>
</alternative>
<alternative id="mv_HS" name="Hairspray" mcdaConcept="potentialDecisionAction">
<description>
<comment>None</comment>
</description>
<type>real</type>
<active>true</active>
</alternative>
<alternative id="mv_JB" name="Jindabyne" mcdaConcept="potentialDecisionAction">
<description>
<comment>None</comment>
</description>
<type>real</type>
<active>true</active>
</alternative>
<alternative id="mv_MB" name="Mr Brooks" mcdaConcept="potentialDecisionAction">
<description>
<comment>None</comment>
</description>
<type>real</type>
<active>true</active>
</alternative>
<alternative id="mv_NP" name="Naissance des pieuvres" mcdaConcept="potentialDecisionAction">
<description>
<comment>None</comment>
</description>
<type>real</type>
<active>true</active>
</alternative>
<alternative id="mv_PE" name="Pleain d'essence" mcdaConcept="potentialDecisionAction">
<description>
<comment>None</comment>
</description>
<type>real</type>
<active>true</active>
</alternative>
<alternative id="mv_QS" name="Quatre mois, trois semaines" mcdaConcept="potentialDecisionAction">
<description>
<comment>None</comment>
</description>
<type>real</type>
<active>true</active>
</alternative>
<alternative id="mv_RG" name="Romain de gare" mcdaConcept="potentialDecisionAction">
<description>
<comment>None</comment>
</description>
<type>real</type>
<active>true</active>
</alternative>
<alternative id="mv_RR" name="Red Road" mcdaConcept="potentialDecisionAction">
<description>
<comment>None</comment>
</description>
<type>real</type>
<active>true</active>
</alternative>
<alternative id="mv_SM" name="The Simpson's Movie" mcdaConcept="potentialDecisionAction">
<description>
<comment>None</comment>
</description>
<type>real</type>
<active>true</active>
</alternative>
<alternative id="mv_TF" name="Transformers" mcdaConcept="potentialDecisionAction">
<description>
<comment>None</comment>
</description>
<type>real</type>
<active>true</active>
</alternative>
<alternative id="mv_TM" name="La tete de Maman" mcdaConcept="potentialDecisionAction">
<description>
<comment>None</comment>
</description>
<type>real</type>
<active>true</active>
</alternative>
<alternative id="mv_TP" name="Two days in Paris" mcdaConcept="potentialDecisionAction">
<description>
<comment>None</comment>
</description>
<type>real</type>
<active>true</active>
</alternative>
</alternatives>
<criteria mcdaConcept="criteria">
<description>
<subTitle>Family of criteria.</subTitle>
</description>
<criterion id="AP" name="AP" mcdaConcept="criterion">
<description>
<comment>performance on Luxemburger Wort, Telecran</comment>
<version>performance</version>
</description>
<active>true</active>
<criterionValue><value><real>1.00</real></value></criterionValue>
<scale>
<quantitative>
<preferenceDirection>max</preferenceDirection>
<minimum><real>-2.00</real></minimum>
<maximum><real>5.00</real></maximum>
</quantitative>
</scale>
</criterion>
<criterion id="AS" name="AS" mcdaConcept="criterion">
<description>
<comment>performance on La Meuse</comment>
<version>performance</version>
</description>
<active>true</active>
<criterionValue><value><real>1.00</real></value></criterionValue>
<scale>
<quantitative>
<preferenceDirection>max</preferenceDirection>
<minimum><real>-2.00</real></minimum>
<maximum><real>5.00</real></maximum>
</quantitative>
</scale>
</criterion>
<criterion id="CF" name="CF" mcdaConcept="criterion">
<description>
<comment>performance on Luxemburger Wort, Telecran</comment>
<version>performance</version>
</description>
<active>true</active>
<criterionValue><value><real>1.00</real></value></criterionValue>
<scale>
<quantitative>
<preferenceDirection>max</preferenceDirection>
<minimum><real>-2.00</real></minimum>
<maximum><real>5.00</real></maximum>
</quantitative>
</scale>
</criterion>
<criterion id="CS" name="CS" mcdaConcept="criterion">
<description>
<comment>performance on Letzebuerger Journal</comment>
<version>performance</version>
</description>
<active>true</active>
<criterionValue><value><real>1.00</real></value></criterionValue>
<scale>
<quantitative>
<preferenceDirection>max</preferenceDirection>
<minimum><real>-2.00</real></minimum>
<maximum><real>5.00</real></maximum>
</quantitative>
</scale>
</criterion>
<criterion id="DR" name="DR" mcdaConcept="criterion">
<description>
<comment>performance on 352 Magazine</comment>
<version>performance</version>
</description>
<active>true</active>
<criterionValue><value><real>1.00</real></value></criterionValue>
<scale>
<quantitative>
<preferenceDirection>max</preferenceDirection>
<minimum><real>-2.00</real></minimum>
<maximum><real>5.00</real></maximum>
</quantitative>
</scale>
</criterion>
<criterion id="FG" name="FG" mcdaConcept="criterion">
<description>
<comment>performance on Letzebuerger Land</comment>
<version>performance</version>
</description>
<active>true</active>
<criterionValue><value><real>1.00</real></value></criterionValue>
<scale>
<quantitative>
<preferenceDirection>max</preferenceDirection>
<minimum><real>-2.00</real></minimum>
<maximum><real>5.00</real></maximum>
</quantitative>
</scale>
</criterion>
<criterion id="GS" name="GS" mcdaConcept="criterion">
<description>
<comment>performance on Revue</comment>
<version>performance</version>
</description>
<active>true</active>
<criterionValue><value><real>1.00</real></value></criterionValue>
<scale>
<quantitative>
<preferenceDirection>max</preferenceDirection>
<minimum><real>-2.00</real></minimum>
<maximum><real>5.00</real></maximum>
</quantitative>
</scale>
</criterion>
<criterion id="JH" name="JH" mcdaConcept="criterion">
<description>
<comment>performance on movie critic, Zinemag</comment>
<version>performance</version>
</description>
<active>true</active>
<criterionValue><value><real>3.00</real></value></criterionValue>
<scale>
<quantitative>
<preferenceDirection>max</preferenceDirection>
<minimum><real>-2.00</real></minimum>
<maximum><real>5.00</real></maximum>
</quantitative>
</scale>
</criterion>
<criterion id="JPT" name="JPT" mcdaConcept="criterion">
<description>
<comment>performance on Revue, Tele Revue, Hebdo Revue, Grafitti</comment>
<version>performance</version>
</description>
<active>true</active>
<criterionValue><value><real>1.00</real></value></criterionValue>
<scale>
<quantitative>
<preferenceDirection>max</preferenceDirection>
<minimum><real>-2.00</real></minimum>
<maximum><real>5.00</real></maximum>
</quantitative>
</scale>
</criterion>
<criterion id="MR" name="MR" mcdaConcept="criterion">
<description>
<comment>performance on Tageblatt, Radio 100,7</comment>
<version>performance</version>
</description>
<active>true</active>
<criterionValue><value><real>1.00</real></value></criterionValue>
<scale>
<quantitative>
<preferenceDirection>max</preferenceDirection>
<minimum><real>-2.00</real></minimum>
<maximum><real>5.00</real></maximum>
</quantitative>
</scale>
</criterion>
<criterion id="RR" name="RR" mcdaConcept="criterion">
<description>
<comment>performance on Radio ARA, Radio Amizade, www.bondis.lu</comment>
<version>performance</version>
</description>
<active>true</active>
<criterionValue><value><real>1.00</real></value></criterionValue>
<scale>
<quantitative>
<preferenceDirection>max</preferenceDirection>
<minimum><real>-2.00</real></minimum>
<maximum><real>5.00</real></maximum>
</quantitative>
</scale>
</criterion>
<criterion id="SF" name="SF" mcdaConcept="criterion">
<description>
<comment>performance on Sylvie Flammang</comment>
<version>performance</version>
</description>
<active>true</active>
<criterionValue><value><real>1.00</real></value></criterionValue>
<scale>
<quantitative>
<preferenceDirection>max</preferenceDirection>
<minimum><real>-2.00</real></minimum>
<maximum><real>5.00</real></maximum>
</quantitative>
</scale>
</criterion>
<criterion id="SJ" name="SJ" mcdaConcept="criterion">
<description>
<comment>performance on Radio 100,7</comment>
<version>performance</version>
</description>
<active>true</active>
<criterionValue><value><real>1.00</real></value></criterionValue>
<scale>
<quantitative>
<preferenceDirection>max</preferenceDirection>
<minimum><real>-2.00</real></minimum>
<maximum><real>5.00</real></maximum>
</quantitative>
</scale>
</criterion>
<criterion id="TD" name="TD" mcdaConcept="criterion">
<description>
<comment>performance on Woxx, La Voix du Luxembourg</comment>
<version>performance</version>
</description>
<active>true</active>
<criterionValue><value><real>1.00</real></value></criterionValue>
<scale>
<quantitative>
<preferenceDirection>max</preferenceDirection>
<minimum><real>-2.00</real></minimum>
<maximum><real>5.00</real></maximum>
</quantitative>
</scale>
</criterion>
<criterion id="VT" name="VT" mcdaConcept="criterion">
<description>
<comment>performance on movie critique, Le jeudi</comment>
<version>performance</version>
</description>
<active>true</active>
<criterionValue><value><real>3.00</real></value></criterionValue>
<scale>
<quantitative>
<preferenceDirection>max</preferenceDirection>
<minimum><real>-2.00</real></minimum>
<maximum><real>5.00</real></maximum>
</quantitative>
</scale>
</criterion>
</criteria>
<performanceTable mcdaConcept="performanceTable">
<description>
<subTitle>Rubis Performance Table.</subTitle>
</description>
<alternativePerformances>
<alternativeID>mv_AL</alternativeID>
<performance>
<criterionID>AP</criterionID>
<value><real>3.00</real></value>
</performance>
<performance>
<criterionID>AS</criterionID>
<value><real>-1.00</real></value>
</performance>
<performance>
<criterionID>CF</criterionID>
<value><real>2.00</real></value>
</performance>
<performance>
<criterionID>CS</criterionID>
<value><real>-1.00</real></value>
</performance>
<performance>
<criterionID>DR</criterionID>
<value><NA>NA</NA></value>
</performance>
<performance>
<criterionID>FG</criterionID>
<value><NA>NA</NA></value>
</performance>
<performance>
<criterionID>GS</criterionID>
<value><real>3.00</real></value>
</performance>
<performance>
<criterionID>JH</criterionID>
<value><NA>NA</NA></value>
</performance>
<performance>
<criterionID>JPT</criterionID>
<value><real>2.00</real></value>
</performance>
<performance>
<criterionID>MR</criterionID>
<value><NA>NA</NA></value>
</performance>
<performance>
<criterionID>RR</criterionID>
<value><NA>NA</NA></value>
</performance>
<performance>
<criterionID>SF</criterionID>
<value><NA>NA</NA></value>
</performance>
<performance>
<criterionID>SJ</criterionID>
<value><real>2.00</real></value>
</performance>
<performance>
<criterionID>TD</criterionID>
<value><NA>NA</NA></value>
</performance>
<performance>
<criterionID>VT</criterionID>
<value><real>2.00</real></value>
</performance>
</alternativePerformances>
<alternativePerformances>
<alternativeID>mv_BI</alternativeID>
<performance>
<criterionID>AP</criterionID>
<value><real>1.00</real></value>
</performance>
<performance>
<criterionID>AS</criterionID>
<value><real>-1.00</real></value>
</performance>
<performance>
<criterionID>CF</criterionID>
<value><real>1.00</real></value>
</performance>
<performance>
<criterionID>CS</criterionID>
<value><real>1.00</real></value>
</performance>
<performance>
<criterionID>DR</criterionID>
<value><real>-1.00</real></value>
</performance>
<performance>
<criterionID>FG</criterionID>
<value><NA>NA</NA></value>
</performance>
<performance>
<criterionID>GS</criterionID>
<value><NA>NA</NA></value>
</performance>
<performance>
<criterionID>JH</criterionID>
<value><NA>NA</NA></value>
</performance>
<performance>
<criterionID>JPT</criterionID>
<value><real>2.00</real></value>
</performance>
<performance>
<criterionID>MR</criterionID>
<value><NA>NA</NA></value>
</performance>
<performance>
<criterionID>RR</criterionID>
<value><real>2.00</real></value>
</performance>
<performance>
<criterionID>SF</criterionID>
<value><NA>NA</NA></value>
</performance>
<performance>
<criterionID>SJ</criterionID>
<value><NA>NA</NA></value>
</performance>
<performance>
<criterionID>TD</criterionID>
<value><NA>NA</NA></value>
</performance>
<performance>
<criterionID>VT</criterionID>
<value><NA>NA</NA></value>
</performance>
</alternativePerformances>
<alternativePerformances>
<alternativeID>mv_CM</alternativeID>
<performance>
<criterionID>AP</criterionID>
<value><NA>NA</NA></value>
</performance>
<performance>
<criterionID>AS</criterionID>
<value><real>3.00</real></value>
</performance>
<performance>
<criterionID>CF</criterionID>
<value><real>3.00</real></value>
</performance>
<performance>
<criterionID>CS</criterionID>
<value><real>2.00</real></value>
</performance>
<performance>
<criterionID>DR</criterionID>
<value><NA>NA</NA></value>
</performance>
<performance>
<criterionID>FG</criterionID>
<value><NA>NA</NA></value>
</performance>
<performance>
<criterionID>GS</criterionID>
<value><real>3.00</real></value>
</performance>
<performance>
<criterionID>JH</criterionID>
<value><real>2.00</real></value>
</performance>
<performance>
<criterionID>JPT</criterionID>
<value><real>3.00</real></value>
</performance>
<performance>
<criterionID>MR</criterionID>
<value><real>2.00</real></value>
</performance>
<performance>
<criterionID>RR</criterionID>
<value><real>1.00</real></value>
</performance>
<performance>
<criterionID>SF</criterionID>
<value><real>2.00</real></value>
</performance>
<performance>
<criterionID>SJ</criterionID>
<value><real>2.00</real></value>
</performance>
<performance>
<criterionID>TD</criterionID>
<value><NA>NA</NA></value>
</performance>
<performance>
<criterionID>VT</criterionID>
<value><real>2.00</real></value>
</performance>
</alternativePerformances>
<alternativePerformances>
<alternativeID>mv_DF</alternativeID>
<performance>
<criterionID>AP</criterionID>
<value><NA>NA</NA></value>
</performance>
<performance>
<criterionID>AS</criterionID>
<value><real>4.00</real></value>
</performance>
<performance>
<criterionID>CF</criterionID>
<value><real>3.00</real></value>
</performance>
<performance>
<criterionID>CS</criterionID>
<value><real>1.00</real></value>
</performance>
<performance>
<criterionID>DR</criterionID>
<value><real>2.00</real></value>
</performance>
<performance>
<criterionID>FG</criterionID>
<value><NA>NA</NA></value>
</performance>
<performance>
<criterionID>GS</criterionID>
<value><real>1.00</real></value>
</performance>
<performance>
<criterionID>JH</criterionID>
<value><real>3.00</real></value>
</performance>
<performance>
<criterionID>JPT</criterionID>
<value><real>2.00</real></value>
</performance>
<performance>
<criterionID>MR</criterionID>
<value><real>2.00</real></value>
</performance>
<performance>
<criterionID>RR</criterionID>
<value><real>2.00</real></value>
</performance>
<performance>
<criterionID>SF</criterionID>
<value><real>3.00</real></value>
</performance>
<performance>
<criterionID>SJ</criterionID>
<value><real>-1.00</real></value>
</performance>
<performance>
<criterionID>TD</criterionID>
<value><NA>NA</NA></value>
</performance>
<performance>
<criterionID>VT</criterionID>
<value><real>1.00</real></value>
</performance>
</alternativePerformances>
<alternativePerformances>
<alternativeID>mv_DG</alternativeID>
<performance>
<criterionID>AP</criterionID>
<value><real>3.00</real></value>
</performance>
<performance>
<criterionID>AS</criterionID>
<value><real>2.00</real></value>
</performance>
<performance>
<criterionID>CF</criterionID>
<value><real>2.00</real></value>
</performance>
<performance>
<criterionID>CS</criterionID>
<value><real>3.00</real></value>
</performance>
<performance>
<criterionID>DR</criterionID>
<value><real>3.00</real></value>
</performance>
<performance>
<criterionID>FG</criterionID>
<value><real>1.00</real></value>
</performance>
<performance>
<criterionID>GS</criterionID>
<value><real>4.00</real></value>
</performance>
<performance>
<criterionID>JH</criterionID>
<value><real>3.00</real></value>
</performance>
<performance>
<criterionID>JPT</criterionID>
<value><real>3.00</real></value>
</performance>
<performance>
<criterionID>MR</criterionID>
<value><real>3.00</real></value>
</performance>
<performance>
<criterionID>RR</criterionID>
<value><NA>NA</NA></value>
</performance>
<performance>
<criterionID>SF</criterionID>
<value><NA>NA</NA></value>
</performance>
<performance>
<criterionID>SJ</criterionID>
<value><real>-1.00</real></value>
</performance>
<performance>
<criterionID>TD</criterionID>
<value><NA>NA</NA></value>
</performance>
<performance>
<criterionID>VT</criterionID>
<value><real>3.00</real></value>
</performance>
</alternativePerformances>
<alternativePerformances>
<alternativeID>mv_DI</alternativeID>
<performance>
<criterionID>AP</criterionID>
<value><real>1.00</real></value>
</performance>
<performance>
<criterionID>AS</criterionID>
<value><real>2.00</real></value>
</performance>
<performance>
<criterionID>CF</criterionID>
<value><NA>NA</NA></value>
</performance>
<performance>
<criterionID>CS</criterionID>
<value><real>1.00</real></value>
</performance>
<performance>
<criterionID>DR</criterionID>
<value><real>2.00</real></value>
</performance>
<performance>
<criterionID>FG</criterionID>
<value><real>2.00</real></value>
</performance>
<performance>
<criterionID>GS</criterionID>
<value><NA>NA</NA></value>
</performance>
<performance>
<criterionID>JH</criterionID>
<value><real>1.00</real></value>
</performance>
<performance>
<criterionID>JPT</criterionID>
<value><real>2.00</real></value>
</performance>
<performance>
<criterionID>MR</criterionID>
<value><real>2.00</real></value>
</performance>
<performance>
<criterionID>RR</criterionID>
<value><NA>NA</NA></value>
</performance>
<performance>
<criterionID>SF</criterionID>
<value><real>1.00</real></value>
</performance>
<performance>
<criterionID>SJ</criterionID>
<value><real>1.00</real></value>
</performance>
<performance>
<criterionID>TD</criterionID>
<value><NA>NA</NA></value>
</performance>
<performance>
<criterionID>VT</criterionID>
<value><NA>NA</NA></value>
</performance>
</alternativePerformances>
<alternativePerformances>
<alternativeID>mv_DJ</alternativeID>
<performance>
<criterionID>AP</criterionID>
<value><real>3.00</real></value>
</performance>
<performance>
<criterionID>AS</criterionID>
<value><real>1.00</real></value>
</performance>
<performance>
<criterionID>CF</criterionID>
<value><real>3.00</real></value>
</performance>
<performance>
<criterionID>CS</criterionID>
<value><NA>NA</NA></value>
</performance>
<performance>
<criterionID>DR</criterionID>
<value><NA>NA</NA></value>
</performance>
<performance>
<criterionID>FG</criterionID>
<value><NA>NA</NA></value>
</performance>
<performance>
<criterionID>GS</criterionID>
<value><real>3.00</real></value>
</performance>
<performance>
<criterionID>JH</criterionID>
<value><NA>NA</NA></value>
</performance>
<performance>
<criterionID>JPT</criterionID>
<value><real>2.00</real></value>
</performance>
<performance>
<criterionID>MR</criterionID>
<value><real>2.00</real></value>
</performance>
<performance>
<criterionID>RR</criterionID>
<value><NA>NA</NA></value>
</performance>
<performance>
<criterionID>SF</criterionID>
<value><real>2.00</real></value>
</performance>
<performance>
<criterionID>SJ</criterionID>
<value><real>4.00</real></value>
</performance>
<performance>
<criterionID>TD</criterionID>
<value><real>3.00</real></value>
</performance>
<performance>
<criterionID>VT</criterionID>
<value><real>-1.00</real></value>
</performance>
</alternativePerformances>
<alternativePerformances>
<alternativeID>mv_FC</alternativeID>
<performance>
<criterionID>AP</criterionID>
<value><real>3.00</real></value>
</performance>
<performance>
<criterionID>AS</criterionID>
<value><real>2.00</real></value>
</performance>
<performance>
<criterionID>CF</criterionID>
<value><real>2.00</real></value>
</performance>
<performance>
<criterionID>CS</criterionID>
<value><real>1.00</real></value>
</performance>
<performance>
<criterionID>DR</criterionID>
<value><real>3.00</real></value>
</performance>
<performance>
<criterionID>FG</criterionID>
<value><NA>NA</NA></value>
</performance>
<performance>
<criterionID>GS</criterionID>
<value><real>1.00</real></value>
</performance>
<performance>
<criterionID>JH</criterionID>
<value><real>3.00</real></value>
</performance>
<performance>
<criterionID>JPT</criterionID>
<value><real>3.00</real></value>
</performance>
<performance>
<criterionID>MR</criterionID>
<value><real>3.00</real></value>
</performance>
<performance>
<criterionID>RR</criterionID>
<value><real>2.00</real></value>
</performance>
<performance>
<criterionID>SF</criterionID>
<value><NA>NA</NA></value>
</performance>
<performance>
<criterionID>SJ</criterionID>
<value><real>2.00</real></value>
</performance>
<performance>
<criterionID>TD</criterionID>
<value><real>1.00</real></value>
</performance>
<performance>
<criterionID>VT</criterionID>
<value><real>3.00</real></value>
</performance>
</alternativePerformances>
<alternativePerformances>
<alternativeID>mv_FF</alternativeID>
<performance>
<criterionID>AP</criterionID>
<value><real>2.00</real></value>
</performance>
<performance>
<criterionID>AS</criterionID>
<value><real>3.00</real></value>
</performance>
<performance>
<criterionID>CF</criterionID>
<value><real>2.00</real></value>
</performance>
<performance>
<criterionID>CS</criterionID>
<value><real>1.00</real></value>
</performance>
<performance>
<criterionID>DR</criterionID>
<value><real>2.00</real></value>
</performance>
<performance>
<criterionID>FG</criterionID>
<value><real>2.00</real></value>
</performance>
<performance>
<criterionID>GS</criterionID>
<value><NA>NA</NA></value>
</performance>
<performance>
<criterionID>JH</criterionID>
<value><real>1.00</real></value>
</performance>
<performance>
<criterionID>JPT</criterionID>
<value><real>2.00</real></value>
</performance>
<performance>
<criterionID>MR</criterionID>
<value><real>2.00</real></value>
</performance>
<performance>
<criterionID>RR</criterionID>
<value><real>1.00</real></value>
</performance>
<performance>
<criterionID>SF</criterionID>
<value><real>2.00</real></value>
</performance>
<performance>
<criterionID>SJ</criterionID>
<value><real>1.00</real></value>
</performance>
<performance>
<criterionID>TD</criterionID>
<value><real>3.00</real></value>
</performance>
<performance>
<criterionID>VT</criterionID>
<value><real>1.00</real></value>
</performance>
</alternativePerformances>
<alternativePerformances>
<alternativeID>mv_GG</alternativeID>
<performance>
<criterionID>AP</criterionID>
<value><real>2.00</real></value>
</performance>
<performance>
<criterionID>AS</criterionID>
<value><real>3.00</real></value>
</performance>
<performance>
<criterionID>CF</criterionID>
<value><real>3.00</real></value>
</performance>
<performance>
<criterionID>CS</criterionID>
<value><real>1.00</real></value>
</performance>
<performance>
<criterionID>DR</criterionID>
<value><NA>NA</NA></value>
</performance>
<performance>
<criterionID>FG</criterionID>
<value><NA>NA</NA></value>
</performance>
<performance>
<criterionID>GS</criterionID>
<value><real>1.00</real></value>
</performance>
<performance>
<criterionID>JH</criterionID>
<value><real>-1.00</real></value>
</performance>
<performance>
<criterionID>JPT</criterionID>
<value><NA>NA</NA></value>
</performance>
<performance>
<criterionID>MR</criterionID>
<value><real>-1.00</real></value>
</performance>
<performance>
<criterionID>RR</criterionID>
<value><real>2.00</real></value>
</performance>
<performance>
<criterionID>SF</criterionID>
<value><NA>NA</NA></value>
</performance>
<performance>
<criterionID>SJ</criterionID>
<value><real>-1.00</real></value>
</performance>
<performance>
<criterionID>TD</criterionID>
<value><NA>NA</NA></value>
</performance>
<performance>
<criterionID>VT</criterionID>
<value><real>1.00</real></value>
</performance>
</alternativePerformances>
<alternativePerformances>
<alternativeID>mv_GH</alternativeID>
<performance>
<criterionID>AP</criterionID>
<value><real>1.00</real></value>
</performance>
<performance>
<criterionID>AS</criterionID>
<value><NA>NA</NA></value>
</performance>
<performance>
<criterionID>CF</criterionID>
<value><real>1.00</real></value>
</performance>
<performance>
<criterionID>CS</criterionID>
<value><real>-1.00</real></value>
</performance>
<performance>
<criterionID>DR</criterionID>
<value><real>2.00</real></value>
</performance>
<performance>
<criterionID>FG</criterionID>
<value><real>2.00</real></value>
</performance>
<performance>
<criterionID>GS</criterionID>
<value><real>1.00</real></value>
</performance>
<performance>
<criterionID>JH</criterionID>
<value><real>2.00</real></value>
</performance>
<performance>
<criterionID>JPT</criterionID>
<value><real>1.00</real></value>
</performance>
<performance>
<criterionID>MR</criterionID>
<value><real>3.00</real></value>
</performance>
<performance>
<criterionID>RR</criterionID>
<value><real>4.00</real></value>
</performance>
<performance>
<criterionID>SF</criterionID>
<value><NA>NA</NA></value>
</performance>
<performance>
<criterionID>SJ</criterionID>
<value><NA>NA</NA></value>
</performance>
<performance>
<criterionID>TD</criterionID>
<value><NA>NA</NA></value>
</performance>
<performance>
<criterionID>VT</criterionID>
<value><NA>NA</NA></value>
</performance>
</alternativePerformances>
<alternativePerformances>
<alternativeID>mv_HN</alternativeID>
<performance>
<criterionID>AP</criterionID>
<value><real>3.00</real></value>
</performance>
<performance>
<criterionID>AS</criterionID>
<value><real>1.00</real></value>
</performance>
<performance>
<criterionID>CF</criterionID>
<value><real>3.00</real></value>
</performance>
<performance>
<criterionID>CS</criterionID>
<value><real>1.00</real></value>
</performance>
<performance>
<criterionID>DR</criterionID>
<value><real>3.00</real></value>
</performance>
<performance>
<criterionID>FG</criterionID>
<value><NA>NA</NA></value>
</performance>
<performance>
<criterionID>GS</criterionID>
<value><real>4.00</real></value>
</performance>
<performance>
<criterionID>JH</criterionID>
<value><real>3.00</real></value>
</performance>
<performance>
<criterionID>JPT</criterionID>
<value><real>2.00</real></value>
</performance>
<performance>
<criterionID>MR</criterionID>
<value><NA>NA</NA></value>
</performance>
<performance>
<criterionID>RR</criterionID>
<value><real>1.00</real></value>
</performance>
<performance>
<criterionID>SF</criterionID>
<value><NA>NA</NA></value>
</performance>
<performance>
<criterionID>SJ</criterionID>
<value><real>3.00</real></value>
</performance>
<performance>
<criterionID>TD</criterionID>
<value><real>3.00</real></value>
</performance>
<performance>
<criterionID>VT</criterionID>
<value><real>3.00</real></value>
</performance>
</alternativePerformances>
<alternativePerformances>
<alternativeID>mv_HP</alternativeID>
<performance>
<criterionID>AP</criterionID>
<value><real>1.00</real></value>
</performance>
<performance>
<criterionID>AS</criterionID>
<value><NA>NA</NA></value>
</performance>
<performance>
<criterionID>CF</criterionID>
<value><real>3.00</real></value>
</performance>
<performance>
<criterionID>CS</criterionID>
<value><real>1.00</real></value>
</performance>
<performance>
<criterionID>DR</criterionID>
<value><NA>NA</NA></value>
</performance>
<performance>
<criterionID>FG</criterionID>
<value><NA>NA</NA></value>
</performance>
<performance>
<criterionID>GS</criterionID>
<value><NA>NA</NA></value>
</performance>
<performance>
<criterionID>JH</criterionID>
<value><real>1.00</real></value>
</performance>
<performance>
<criterionID>JPT</criterionID>
<value><real>1.00</real></value>
</performance>
<performance>
<criterionID>MR</criterionID>
<value><real>2.00</real></value>
</performance>
<performance>
<criterionID>RR</criterionID>
<value><real>3.00</real></value>
</performance>
<performance>
<criterionID>SF</criterionID>
<value><NA>NA</NA></value>
</performance>
<performance>
<criterionID>SJ</criterionID>
<value><real>1.00</real></value>
</performance>
<performance>
<criterionID>TD</criterionID>
<value><real>2.00</real></value>
</performance>
<performance>
<criterionID>VT</criterionID>
<value><NA>NA</NA></value>
</performance>
</alternativePerformances>
<alternativePerformances>
<alternativeID>mv_HS</alternativeID>
<performance>
<criterionID>AP</criterionID>
<value><real>2.00</real></value>
</performance>
<performance>
<criterionID>AS</criterionID>
<value><real>4.00</real></value>
</performance>
<performance>
<criterionID>CF</criterionID>
<value><real>2.00</real></value>
</performance>
<performance>
<criterionID>CS</criterionID>
<value><real>3.00</real></value>
</performance>
<performance>
<criterionID>DR</criterionID>
<value><real>2.00</real></value>
</performance>
<performance>
<criterionID>FG</criterionID>
<value><real>2.00</real></value>
</performance>
<performance>
<criterionID>GS</criterionID>
<value><real>2.00</real></value>
</performance>
<performance>
<criterionID>JH</criterionID>
<value><real>3.00</real></value>
</performance>
<performance>
<criterionID>JPT</criterionID>
<value><real>4.00</real></value>
</performance>
<performance>
<criterionID>MR</criterionID>
<value><real>2.00</real></value>
</performance>
<performance>
<criterionID>RR</criterionID>
<value><real>3.00</real></value>
</performance>
<performance>
<criterionID>SF</criterionID>
<value><NA>NA</NA></value>
</performance>
<performance>
<criterionID>SJ</criterionID>
<value><real>1.00</real></value>
</performance>
<performance>
<criterionID>TD</criterionID>
<value><real>3.00</real></value>
</performance>
<performance>
<criterionID>VT</criterionID>
<value><NA>NA</NA></value>
</performance>
</alternativePerformances>
<alternativePerformances>
<alternativeID>mv_JB</alternativeID>
<performance>
<criterionID>AP</criterionID>
<value><real>3.00</real></value>
</performance>
<performance>
<criterionID>AS</criterionID>
<value><real>4.00</real></value>
</performance>
<performance>
<criterionID>CF</criterionID>
<value><real>3.00</real></value>
</performance>
<performance>
<criterionID>CS</criterionID>
<value><NA>NA</NA></value>
</performance>
<performance>
<criterionID>DR</criterionID>
<value><real>3.00</real></value>
</performance>
<performance>
<criterionID>FG</criterionID>
<value><real>2.00</real></value>
</performance>
<performance>
<criterionID>GS</criterionID>
<value><real>3.00</real></value>
</performance>
<performance>
<criterionID>JH</criterionID>
<value><real>2.00</real></value>
</performance>
<performance>
<criterionID>JPT</criterionID>
<value><real>3.00</real></value>
</performance>
<performance>
<criterionID>MR</criterionID>
<value><real>2.00</real></value>
</performance>
<performance>
<criterionID>RR</criterionID>
<value><NA>NA</NA></value>
</performance>
<performance>
<criterionID>SF</criterionID>
<value><real>2.00</real></value>
</performance>
<performance>
<criterionID>SJ</criterionID>
<value><real>2.00</real></value>
</performance>
<performance>
<criterionID>TD</criterionID>
<value><NA>NA</NA></value>
</performance>
<performance>
<criterionID>VT</criterionID>
<value><real>3.00</real></value>
</performance>
</alternativePerformances>
<alternativePerformances>
<alternativeID>mv_MB</alternativeID>
<performance>
<criterionID>AP</criterionID>
<value><NA>NA</NA></value>
</performance>
<performance>
<criterionID>AS</criterionID>
<value><real>2.00</real></value>
</performance>
<performance>
<criterionID>CF</criterionID>
<value><NA>NA</NA></value>
</performance>
<performance>
<criterionID>CS</criterionID>
<value><NA>NA</NA></value>
</performance>
<performance>
<criterionID>DR</criterionID>
<value><real>1.00</real></value>
</performance>
<performance>
<criterionID>FG</criterionID>
<value><NA>NA</NA></value>
</performance>
<performance>
<criterionID>GS</criterionID>
<value><real>1.00</real></value>
</performance>
<performance>
<criterionID>JH</criterionID>
<value><real>2.00</real></value>
</performance>
<performance>
<criterionID>JPT</criterionID>
<value><real>2.00</real></value>
</performance>
<performance>
<criterionID>MR</criterionID>
<value><real>1.00</real></value>
</performance>
<performance>
<criterionID>RR</criterionID>
<value><real>2.00</real></value>
</performance>
<performance>
<criterionID>SF</criterionID>
<value><NA>NA</NA></value>
</performance>
<performance>
<criterionID>SJ</criterionID>
<value><real>2.00</real></value>
</performance>
<performance>
<criterionID>TD</criterionID>
<value><real>2.00</real></value>
</performance>
<performance>
<criterionID>VT</criterionID>
<value><NA>NA</NA></value>
</performance>
</alternativePerformances>
<alternativePerformances>
<alternativeID>mv_NP</alternativeID>
<performance>
<criterionID>AP</criterionID>
<value><NA>NA</NA></value>
</performance>
<performance>
<criterionID>AS</criterionID>
<value><real>1.00</real></value>
</performance>
<performance>
<criterionID>CF</criterionID>
<value><real>3.00</real></value>
</performance>
<performance>
<criterionID>CS</criterionID>
<value><real>1.00</real></value>
</performance>
<performance>
<criterionID>DR</criterionID>
<value><NA>NA</NA></value>
</performance>
<performance>
<criterionID>FG</criterionID>
<value><real>3.00</real></value>
</performance>
<performance>
<criterionID>GS</criterionID>
<value><real>2.00</real></value>
</performance>
<performance>
<criterionID>JH</criterionID>
<value><real>3.00</real></value>
</performance>
<performance>
<criterionID>JPT</criterionID>
<value><real>3.00</real></value>
</performance>
<performance>
<criterionID>MR</criterionID>
<value><real>3.00</real></value>
</performance>
<performance>
<criterionID>RR</criterionID>
<value><real>2.00</real></value>
</performance>
<performance>
<criterionID>SF</criterionID>
<value><real>3.00</real></value>
</performance>
<performance>
<criterionID>SJ</criterionID>
<value><NA>NA</NA></value>
</performance>
<performance>
<criterionID>TD</criterionID>
<value><NA>NA</NA></value>
</performance>
<performance>
<criterionID>VT</criterionID>
<value><real>3.00</real></value>
</performance>
</alternativePerformances>
<alternativePerformances>
<alternativeID>mv_PE</alternativeID>
<performance>
<criterionID>AP</criterionID>
<value><real>3.00</real></value>
</performance>
<performance>
<criterionID>AS</criterionID>
<value><real>4.00</real></value>
</performance>
<performance>
<criterionID>CF</criterionID>
<value><real>2.00</real></value>
</performance>
<performance>
<criterionID>CS</criterionID>
<value><NA>NA</NA></value>
</performance>
<performance>
<criterionID>DR</criterionID>
<value><real>3.00</real></value>
</performance>
<performance>
<criterionID>FG</criterionID>
<value><real>1.00</real></value>
</performance>
<performance>
<criterionID>GS</criterionID>
<value><NA>NA</NA></value>
</performance>
<performance>
<criterionID>JH</criterionID>
<value><real>2.00</real></value>
</performance>
<performance>
<criterionID>JPT</criterionID>
<value><real>4.00</real></value>
</performance>
<performance>
<criterionID>MR</criterionID>
<value><real>2.00</real></value>
</performance>
<performance>
<criterionID>RR</criterionID>
<value><NA>NA</NA></value>
</performance>
<performance>
<criterionID>SF</criterionID>
<value><real>3.00</real></value>
</performance>
<performance>
<criterionID>SJ</criterionID>
<value><real>3.00</real></value>
</performance>
<performance>
<criterionID>TD</criterionID>
<value><NA>NA</NA></value>
</performance>
<performance>
<criterionID>VT</criterionID>
<value><real>3.00</real></value>
</performance>
</alternativePerformances>
<alternativePerformances>
<alternativeID>mv_QS</alternativeID>
<performance>
<criterionID>AP</criterionID>
<value><NA>NA</NA></value>
</performance>
<performance>
<criterionID>AS</criterionID>
<value><real>3.00</real></value>
</performance>
<performance>
<criterionID>CF</criterionID>
<value><real>2.00</real></value>
</performance>
<performance>
<criterionID>CS</criterionID>
<value><NA>NA</NA></value>
</performance>
<performance>
<criterionID>DR</criterionID>
<value><real>4.00</real></value>
</performance>
<performance>
<criterionID>FG</criterionID>
<value><real>3.00</real></value>
</performance>
<performance>
<criterionID>GS</criterionID>
<value><NA>NA</NA></value>
</performance>
<performance>
<criterionID>JH</criterionID>
<value><real>4.00</real></value>
</performance>
<performance>
<criterionID>JPT</criterionID>
<value><real>4.00</real></value>
</performance>
<performance>
<criterionID>MR</criterionID>
<value><real>3.00</real></value>
</performance>
<performance>
<criterionID>RR</criterionID>
<value><real>3.00</real></value>
</performance>
<performance>
<criterionID>SF</criterionID>
<value><real>4.00</real></value>
</performance>
<performance>
<criterionID>SJ</criterionID>
<value><NA>NA</NA></value>
</performance>
<performance>
<criterionID>TD</criterionID>
<value><real>4.00</real></value>
</performance>
<performance>
<criterionID>VT</criterionID>
<value><real>4.00</real></value>
</performance>
</alternativePerformances>
<alternativePerformances>
<alternativeID>mv_RG</alternativeID>
<performance>
<criterionID>AP</criterionID>
<value><real>2.00</real></value>
</performance>
<performance>
<criterionID>AS</criterionID>
<value><real>2.00</real></value>
</performance>
<performance>
<criterionID>CF</criterionID>
<value><real>2.00</real></value>
</performance>
<performance>
<criterionID>CS</criterionID>
<value><real>2.00</real></value>
</performance>
<performance>
<criterionID>DR</criterionID>
<value><NA>NA</NA></value>
</performance>
<performance>
<criterionID>FG</criterionID>
<value><NA>NA</NA></value>
</performance>
<performance>
<criterionID>GS</criterionID>
<value><real>3.00</real></value>
</performance>
<performance>
<criterionID>JH</criterionID>
<value><real>1.00</real></value>
</performance>
<performance>
<criterionID>JPT</criterionID>
<value><real>2.00</real></value>
</performance>
<performance>
<criterionID>MR</criterionID>
<value><real>2.00</real></value>
</performance>
<performance>
<criterionID>RR</criterionID>
<value><real>1.00</real></value>
</performance>
<performance>
<criterionID>SF</criterionID>
<value><NA>NA</NA></value>
</performance>
<performance>
<criterionID>SJ</criterionID>
<value><NA>NA</NA></value>
</performance>
<performance>
<criterionID>TD</criterionID>
<value><real>3.00</real></value>
</performance>
<performance>
<criterionID>VT</criterionID>
<value><NA>NA</NA></value>
</performance>
</alternativePerformances>
<alternativePerformances>
<alternativeID>mv_RR</alternativeID>
<performance>
<criterionID>AP</criterionID>
<value><real>3.00</real></value>
</performance>
<performance>
<criterionID>AS</criterionID>
<value><real>2.00</real></value>
</performance>
<performance>
<criterionID>CF</criterionID>
<value><NA>NA</NA></value>
</performance>
<performance>
<criterionID>CS</criterionID>
<value><real>1.00</real></value>
</performance>
<performance>
<criterionID>DR</criterionID>
<value><real>4.00</real></value>
</performance>
<performance>
<criterionID>FG</criterionID>
<value><NA>NA</NA></value>
</performance>
<performance>
<criterionID>GS</criterionID>
<value><real>4.00</real></value>
</performance>
<performance>
<criterionID>JH</criterionID>
<value><real>3.00</real></value>
</performance>
<performance>
<criterionID>JPT</criterionID>
<value><real>3.00</real></value>
</performance>
<performance>
<criterionID>MR</criterionID>
<value><real>4.00</real></value>
</performance>
<performance>
<criterionID>RR</criterionID>
<value><real>3.00</real></value>
</performance>
<performance>
<criterionID>SF</criterionID>
<value><real>3.00</real></value>
</performance>
<performance>
<criterionID>SJ</criterionID>
<value><NA>NA</NA></value>
</performance>
<performance>
<criterionID>TD</criterionID>
<value><real>4.00</real></value>
</performance>
<performance>
<criterionID>VT</criterionID>
<value><real>2.00</real></value>
</performance>
</alternativePerformances>
<alternativePerformances>
<alternativeID>mv_SM</alternativeID>
<performance>
<criterionID>AP</criterionID>
<value><real>3.00</real></value>
</performance>
<performance>
<criterionID>AS</criterionID>
<value><real>3.00</real></value>
</performance>
<performance>
<criterionID>CF</criterionID>
<value><real>2.00</real></value>
</performance>
<performance>
<criterionID>CS</criterionID>
<value><real>2.00</real></value>
</performance>
<performance>
<criterionID>DR</criterionID>
<value><real>2.00</real></value>
</performance>
<performance>
<criterionID>FG</criterionID>
<value><real>2.00</real></value>
</performance>
<performance>
<criterionID>GS</criterionID>
<value><NA>NA</NA></value>
</performance>
<performance>
<criterionID>JH</criterionID>
<value><real>3.00</real></value>
</performance>
<performance>
<criterionID>JPT</criterionID>
<value><real>2.00</real></value>
</performance>
<performance>
<criterionID>MR</criterionID>
<value><real>2.00</real></value>
</performance>
<performance>
<criterionID>RR</criterionID>
<value><real>3.00</real></value>
</performance>
<performance>
<criterionID>SF</criterionID>
<value><NA>NA</NA></value>
</performance>
<performance>
<criterionID>SJ</criterionID>
<value><real>2.00</real></value>
</performance>
<performance>
<criterionID>TD</criterionID>
<value><real>2.00</real></value>
</performance>
<performance>
<criterionID>VT</criterionID>
<value><real>3.00</real></value>
</performance>
</alternativePerformances>
<alternativePerformances>
<alternativeID>mv_TF</alternativeID>
<performance>
<criterionID>AP</criterionID>
<value><real>-1.00</real></value>
</performance>
<performance>
<criterionID>AS</criterionID>
<value><NA>NA</NA></value>
</performance>
<performance>
<criterionID>CF</criterionID>
<value><real>1.00</real></value>
</performance>
<performance>
<criterionID>CS</criterionID>
<value><real>1.00</real></value>
</performance>
<performance>
<criterionID>DR</criterionID>
<value><real>1.00</real></value>
</performance>
<performance>
<criterionID>FG</criterionID>
<value><NA>NA</NA></value>
</performance>
<performance>
<criterionID>GS</criterionID>
<value><NA>NA</NA></value>
</performance>
<performance>
<criterionID>JH</criterionID>
<value><real>1.00</real></value>
</performance>
<performance>
<criterionID>JPT</criterionID>
<value><real>2.00</real></value>
</performance>
<performance>
<criterionID>MR</criterionID>
<value><NA>NA</NA></value>
</performance>
<performance>
<criterionID>RR</criterionID>
<value><real>-1.00</real></value>
</performance>
<performance>
<criterionID>SF</criterionID>
<value><NA>NA</NA></value>
</performance>
<performance>
<criterionID>SJ</criterionID>
<value><real>-1.00</real></value>
</performance>
<performance>
<criterionID>TD</criterionID>
<value><real>1.00</real></value>
</performance>
<performance>
<criterionID>VT</criterionID>
<value><NA>NA</NA></value>
</performance>
</alternativePerformances>
<alternativePerformances>
<alternativeID>mv_TM</alternativeID>
<performance>
<criterionID>AP</criterionID>
<value><real>2.00</real></value>
</performance>
<performance>
<criterionID>AS</criterionID>
<value><real>1.00</real></value>
</performance>
<performance>
<criterionID>CF</criterionID>
<value><real>2.00</real></value>
</performance>
<performance>
<criterionID>CS</criterionID>
<value><real>2.00</real></value>
</performance>
<performance>
<criterionID>DR</criterionID>
<value><NA>NA</NA></value>
</performance>
<performance>
<criterionID>FG</criterionID>
<value><NA>NA</NA></value>
</performance>
<performance>
<criterionID>GS</criterionID>
<value><real>2.00</real></value>
</performance>
<performance>
<criterionID>JH</criterionID>
<value><real>2.00</real></value>
</performance>
<performance>
<criterionID>JPT</criterionID>
<value><real>2.00</real></value>
</performance>
<performance>
<criterionID>MR</criterionID>
<value><real>3.00</real></value>
</performance>
<performance>
<criterionID>RR</criterionID>
<value><NA>NA</NA></value>
</performance>
<performance>
<criterionID>SF</criterionID>
<value><real>2.00</real></value>
</performance>
<performance>
<criterionID>SJ</criterionID>
<value><NA>NA</NA></value>
</performance>
<performance>
<criterionID>TD</criterionID>
<value><real>4.00</real></value>
</performance>
<performance>
<criterionID>VT</criterionID>
<value><NA>NA</NA></value>
</performance>
</alternativePerformances>
<alternativePerformances>
<alternativeID>mv_TP</alternativeID>
<performance>
<criterionID>AP</criterionID>
<value><real>2.00</real></value>
</performance>
<performance>
<criterionID>AS</criterionID>
<value><real>3.00</real></value>
</performance>
<performance>
<criterionID>CF</criterionID>
<value><real>3.00</real></value>
</performance>
<performance>
<criterionID>CS</criterionID>
<value><real>1.00</real></value>
</performance>
<performance>
<criterionID>DR</criterionID>
<value><real>2.00</real></value>
</performance>
<performance>
<criterionID>FG</criterionID>
<value><NA>NA</NA></value>
</performance>
<performance>
<criterionID>GS</criterionID>
<value><NA>NA</NA></value>
</performance>
<performance>
<criterionID>JH</criterionID>
<value><real>3.00</real></value>
</performance>
<performance>
<criterionID>JPT</criterionID>
<value><real>2.00</real></value>
</performance>
<performance>
<criterionID>MR</criterionID>
<value><NA>NA</NA></value>
</performance>
<performance>
<criterionID>RR</criterionID>
<value><real>2.00</real></value>
</performance>
<performance>
<criterionID>SF</criterionID>
<value><NA>NA</NA></value>
</performance>
<performance>
<criterionID>SJ</criterionID>
<value><real>1.00</real></value>
</performance>
<performance>
<criterionID>TD</criterionID>
<value><NA>NA</NA></value>
</performance>
<performance>
<criterionID>VT</criterionID>
<value><real>2.00</real></value>
</performance>
</alternativePerformances>
</performanceTable>
</xmcda:XMCDA>
