<?xml version="1.0" encoding="UTF-8"?> 
<?xml-stylesheet type="text/xsl" href="xmcda2Rubis.xsl"?> 
<xmcda:XMCDA xmlns:xsi="http://www.w3.org/2001/XMLSchema-instance" xsi:schemaLocation="http://www.decision-deck.org/2009/XMCDA-2.0.0 http://www.decision-deck.org/xmcda/_downloads/XMCDA-2.0.0.xsd" xmlns:xmcda="http://www.decision-deck.org/2009/XMCDA-2.0.0" instanceID="void"> <projectReference id="D4 cawa temp" name="D4cawatemp.xml"> <title>D4 K-Sorting Project</title> <author>D4 K-sorting application: uniSortingProblem</author> <version>D4 cawa: 1.2</version> <comment>produced by stringIO()</comment> </projectReference> <methodParameters id="Rubis" name="Rubis best choice method" mcdaConcept="methodData"> <description> <subTitle>Method parameters</subTitle> <version>1.0</version> </description> <parameters> <parameter name="variant"> <value> <label>Rubis</label> </value> </parameter> <parameter name="valuationType"> <value> <label>bipolar</label> </value> </parameter> </parameters> </methodParameters> <alternatives mcdaConcept="alternatives"> <description> <subTitle>Potential decision actions.</subTitle> </description> <alternative id="DU-UK" name="Durham University" mcdaConcept="potentialDecisionAction"> <description> <comment>None</comment> </description> <type>real</type> <active>true</active> </alternative> <alternative id="ENSL-FR" name="Ecole Normale Superieure de Lyon" mcdaConcept="potentialDecisionAction"> <description> <comment>None</comment> </description> <type>real</type> <active>true</active> </alternative> <alternative id="ENSP-FR" name="Ecole Normale Superieure de Paris" mcdaConcept="potentialDecisionAction"> <description> <comment>None</comment> </description> <type>real</type> <active>true</active> </alternative> <alternative id="EP-FR" name="Ecole Polytechnique" mcdaConcept="potentialDecisionAction"> <description> <comment>None</comment> </description> <type>real</type> <active>true</active> </alternative> <alternative id="EPFL-CH" name="Ecole Polythechnique Federale de Lausanne" mcdaConcept="potentialDecisionAction"> <description> <comment>None</comment> </description> <type>real</type> <active>true</active> </alternative> <alternative id="ETHZ-CH" name="Swiss Federal Institute of Technology Zurich" mcdaConcept="potentialDecisionAction"> <description> <comment>None</comment> </description> <type>real</type> <active>true</active> </alternative> <alternative id="EUT-NL" name="Eindhoven University of Technology" mcdaConcept="potentialDecisionAction"> <description> <comment>None</comment> </description> <type>real</type> <active>true</active> </alternative> <alternative id="ICL-UK" name="Imperial College London" mcdaConcept="potentialDecisionAction"> <description> <comment>None</comment> </description> <type>real</type> <active>true</active> </alternative> <alternative id="KCL-UK" name="King's College London" mcdaConcept="potentialDecisionAction"> <description> <comment>None</comment> </description> <type>real</type> <active>true</active> </alternative> <alternative id="KI-S" name="Karolinska Institute Sweden" mcdaConcept="potentialDecisionAction"> <description> <comment>None</comment> </description> <type>real</type> <active>true</active> </alternative> <alternative id="KUL-BE" name="Catholic University of Leuven, Belgium" mcdaConcept="potentialDecisionAction"> <description> <comment>None</comment> </description> <type>real</type> <active>true</active> </alternative> <alternative id="LSE-UK" name="London School of Economics and Political Science" mcdaConcept="potentialDecisionAction"> <description> <comment>None</comment> </description> <type>real</type> <active>true</active> </alternative> <alternative id="LU-S" name="Lund University Sweden" mcdaConcept="potentialDecisionAction"> <description> <comment>None</comment> </description> <type>real</type> <active>true</active> </alternative> <alternative id="RHL-UK" name="Royal Holloway, University of London" mcdaConcept="potentialDecisionAction"> <description> <comment>None</comment> </description> <type>real</type> <active>true</active> </alternative> <alternative id="RKU-DE" name="Ruprecht Karl University of Heidelberg" mcdaConcept="potentialDecisionAction"> <description> <comment>None</comment> </description> <type>real</type> <active>true</active> </alternative> <alternative id="TCD-IR" name="Trinity College Dublin" mcdaConcept="potentialDecisionAction"> <description> <comment>None</comment> </description> <type>real</type> <active>true</active> </alternative> <alternative id="TUM-DE" name="Technical University of Munich" mcdaConcept="potentialDecisionAction"> <description> <comment>None</comment> </description> <type>real</type> <active>true</active> </alternative> <alternative id="UB-CH" name="University of Basel" mcdaConcept="potentialDecisionAction"> <description> <comment>None</comment> </description> <type>real</type> <active>true</active> </alternative> <alternative id="UB-UK" name="University of Bristol" mcdaConcept="potentialDecisionAction"> <description> <comment>None</comment> </description> <type>real</type> <active>true</active> </alternative> <alternative id="UC-UK" name="University of Cambridge" mcdaConcept="potentialDecisionAction"> <description> <comment>None</comment> </description> <type>real</type> <active>true</active> </alternative> <alternative id="UCD-IR" name="University College Dublin" mcdaConcept="potentialDecisionAction"> <description> <comment>None</comment> </description> <type>real</type> <active>true</active> </alternative> <alternative id="UCL-UK" name="University College London" mcdaConcept="potentialDecisionAction"> <description> <comment>None</comment> </description> <type>real</type> <active>true</active> </alternative> <alternative id="UE-UK" name="University of Edinburgh" mcdaConcept="potentialDecisionAction"> <description> <comment>None</comment> </description> <type>real</type> <active>true</active> </alternative> <alternative id="UG-CH" name="University of Geneva" mcdaConcept="potentialDecisionAction"> <description> <comment>None</comment> </description> <type>real</type> <active>true</active> </alternative> <alternative id="UG-DE" name="Univerity of Goettingen" mcdaConcept="potentialDecisionAction"> <description> <comment>None</comment> </description> <type>real</type> <active>true</active> </alternative> <alternative id="UH-FI" name="University of Helsinki, Finland" mcdaConcept="potentialDecisionAction"> <description> <comment>None</comment> </description> <type>real</type> <active>true</active> </alternative> <alternative id="UM-DE" name="University of Munich" mcdaConcept="potentialDecisionAction"> <description> <comment>None</comment> </description> <type>real</type> <active>true</active> </alternative> <alternative id="UM-UK" name="University of Manchester" mcdaConcept="potentialDecisionAction"> <description> <comment>None</comment> </description> <type>real</type> <active>true</active> </alternative> <alternative id="UO-UK" name="University of Oxford" mcdaConcept="potentialDecisionAction"> <description> <comment>None</comment> </description> <type>real</type> <active>true</active> </alternative> <alternative id="US-UK" name="University of Sussex" mcdaConcept="potentialDecisionAction"> <description> <comment>None</comment> </description> <type>real</type> <active>true</active> </alternative> <alternative id="USTA-UK" name="University of St. Andrews" mcdaConcept="potentialDecisionAction"> <description> <comment>None</comment> </description> <type>real</type> <active>true</active> </alternative> <alternative id="USth-UK" name="University of Southampton" mcdaConcept="potentialDecisionAction"> <description> <comment>None</comment> </description> <type>real</type> <active>true</active> </alternative> <alternative id="UY-UK" name="University of York" mcdaConcept="potentialDecisionAction"> <description> <comment>None</comment> </description> <type>real</type> <active>true</active> </alternative> <alternative id="UZ-CH" name="University of Zurich Switzerland" mcdaConcept="potentialDecisionAction"> <description> <comment>None</comment> </description> <type>real</type> <active>true</active> </alternative> </alternatives> <criteria mcdaConcept="criteria"> <description> <subTitle>Family of criteria.</subTitle> </description> <criterion id="c-Ind" name="c-Ind" mcdaConcept="criterion"> <description> <comment>performance on innovation</comment> <version>performance</version> </description> <active>true</active> <criterionValue><value><real>1.00</real></value></criterionValue> <scale> <quantitative> <preferenceDirection>max</preferenceDirection> <minimum><real>0.00</real></minimum> <maximum><real>100.00</real></maximum> </quantitative> </scale> <thresholds> <threshold id="ind" name="indifference" mcdaConcept="performanceDiscriminationThreshold"> <linear> <slope><real>0.02</real></slope> <intercept><real>1.00</real></intercept> </linear> </threshold> <threshold id="pref" name="preference" mcdaConcept="performanceDiscriminationThreshold"> <linear> <slope><real>0.05</real></slope> <intercept><real>2.50</real></intercept> </linear> </threshold> <threshold id="veto" name="veto" mcdaConcept="performanceDiscriminationThreshold"> <linear> <slope><real>0.00</real></slope> <intercept><real>50.00</real></intercept> </linear> </threshold> </thresholds> </criterion> <criterion id="c-T" name="c-T" mcdaConcept="criterion"> <description> <comment>performance on the learning environment</comment> <version>performance</version> </description> <active>true</active> <criterionValue><value><real>3.00</real></value></criterionValue> <scale> <quantitative> <preferenceDirection>max</preferenceDirection> <minimum><real>0.00</real></minimum> <maximum><real>100.00</real></maximum> </quantitative> </scale> <thresholds> <threshold id="ind" name="indifference" mcdaConcept="performanceDiscriminationThreshold"> <linear> <slope><real>0.02</real></slope> <intercept><real>1.00</real></intercept> </linear> </threshold> <threshold id="pref" name="preference" mcdaConcept="performanceDiscriminationThreshold"> <linear> <slope><real>0.05</real></slope> <intercept><real>2.50</real></intercept> </linear> </threshold> <threshold id="veto" name="veto" mcdaConcept="performanceDiscriminationThreshold"> <linear> <slope><real>0.00</real></slope> <intercept><real>50.00</real></intercept> </linear> </threshold> </thresholds> </criterion> <criterion id="c_C" name="c_C" mcdaConcept="criterion"> <description> <comment>performance on research influence</comment> <version>performance</version> </description> <active>true</active> <criterionValue><value><real>3.00</real></value></criterionValue> <scale> <quantitative> <preferenceDirection>max</preferenceDirection> <minimum><real>0.00</real></minimum> <maximum><real>100.00</real></maximum> </quantitative> </scale> <thresholds> <threshold id="ind" name="indifference" mcdaConcept="performanceDiscriminationThreshold"> <linear> <slope><real>0.02</real></slope> <intercept><real>1.00</real></intercept> </linear> </threshold> <threshold id="pref" name="preference" mcdaConcept="performanceDiscriminationThreshold"> <linear> <slope><real>0.05</real></slope> <intercept><real>2.50</real></intercept> </linear> </threshold> <threshold id="veto" name="veto" mcdaConcept="performanceDiscriminationThreshold"> <linear> <slope><real>0.00</real></slope> <intercept><real>50.00</real></intercept> </linear> </threshold> </thresholds> </criterion> <criterion id="c_I" name="c_I" mcdaConcept="criterion"> <description> <comment>performance on staff and students</comment> <version>performance</version> </description> <active>true</active> <criterionValue><value><real>1.00</real></value></criterionValue> <scale> <quantitative> <preferenceDirection>max</preferenceDirection> <minimum><real>0.00</real></minimum> <maximum><real>100.00</real></maximum> </quantitative> </scale> <thresholds> <threshold id="ind" name="indifference" mcdaConcept="performanceDiscriminationThreshold"> <linear> <slope><real>0.02</real></slope> <intercept><real>1.00</real></intercept> </linear> </threshold> <threshold id="pref" name="preference" mcdaConcept="performanceDiscriminationThreshold"> <linear> <slope><real>0.05</real></slope> <intercept><real>2.50</real></intercept> </linear> </threshold> <threshold id="veto" name="veto" mcdaConcept="performanceDiscriminationThreshold"> <linear> <slope><real>0.00</real></slope> <intercept><real>50.00</real></intercept> </linear> </threshold> </thresholds> </criterion> <criterion id="c_R" name="c_R" mcdaConcept="criterion"> <description> <comment>performance on volume, income and reputation</comment> <version>performance</version> </description> <active>true</active> <criterionValue><value><real>1.00</real></value></criterionValue> <scale> <quantitative> <preferenceDirection>max</preferenceDirection> <minimum><real>0.00</real></minimum> <maximum><real>100.00</real></maximum> </quantitative> </scale> <thresholds> <threshold id="ind" name="indifference" mcdaConcept="performanceDiscriminationThreshold"> <linear> <slope><real>0.02</real></slope> <intercept><real>1.00</real></intercept> </linear> </threshold> <threshold id="pref" name="preference" mcdaConcept="performanceDiscriminationThreshold"> <linear> <slope><real>0.05</real></slope> <intercept><real>2.50</real></intercept> </linear> </threshold> <threshold id="veto" name="veto" mcdaConcept="performanceDiscriminationThreshold"> <linear> <slope><real>0.00</real></slope> <intercept><real>50.00</real></intercept> </linear> </threshold> </thresholds> </criterion> </criteria> <performanceTable mcdaConcept="performanceTable"> <description> <subTitle>Rubis Performance Table.</subTitle> </description> <alternativePerformances> <alternativeID>DU-UK</alternativeID> <performance> <criterionID>c-Ind</criterionID> <value><real>33.90</real></value> </performance> <performance> <criterionID>c-T</criterionID> <value><real>39.80</real></value> </performance> <performance> <criterionID>c_C</criterionID> <value><real>91.90</real></value> </performance> <performance> <criterionID>c_I</criterionID> <value><real>65.70</real></value> </performance> <performance> <criterionID>c_R</criterionID> <value><real>44.10</real></value> </performance> </alternativePerformances> <alternativePerformances> <alternativeID>ENSL-FR</alternativeID> <performance> <criterionID>c-Ind</criterionID> <value><real>26.10</real></value> </performance> <performance> <criterionID>c-T</criterionID> <value><real>51.10</real></value> </performance> <performance> <criterionID>c_C</criterionID> <value><real>88.80</real></value> </performance> <performance> <criterionID>c_I</criterionID> <value><real>37.60</real></value> </performance> <performance> <criterionID>c_R</criterionID> <value><real>34.40</real></value> </performance> </alternativePerformances> <alternativePerformances> <alternativeID>ENSP-FR</alternativeID> <performance> <criterionID>c-Ind</criterionID> <value><real>30.70</real></value> </performance> <performance> <criterionID>c-T</criterionID> <value><real>66.80</real></value> </performance> <performance> <criterionID>c_C</criterionID> <value><real>95.70</real></value> </performance> <performance> <criterionID>c_I</criterionID> <value><real>44.90</real></value> </performance> <performance> <criterionID>c_R</criterionID> <value><real>48.20</real></value> </performance> </alternativePerformances> <alternativePerformances> <alternativeID>EP-FR</alternativeID> <performance> <criterionID>c-Ind</criterionID> <value><NA>NA</NA></value> </performance> <performance> <criterionID>c-T</criterionID> <value><real>57.90</real></value> </performance> <performance> <criterionID>c_C</criterionID> <value><real>91.40</real></value> </performance> <performance> <criterionID>c_I</criterionID> <value><real>77.90</real></value> </performance> <performance> <criterionID>c_R</criterionID> <value><real>56.10</real></value> </performance> </alternativePerformances> <alternativePerformances> <alternativeID>EPFL-CH</alternativeID> <performance> <criterionID>c-Ind</criterionID> <value><real>38.00</real></value> </performance> <performance> <criterionID>c-T</criterionID> <value><real>55.00</real></value> </performance> <performance> <criterionID>c_C</criterionID> <value><real>83.80</real></value> </performance> <performance> <criterionID>c_I</criterionID> <value><real>100.00</real></value> </performance> <performance> <criterionID>c_R</criterionID> <value><real>56.10</real></value> </performance> </alternativePerformances> <alternativePerformances> <alternativeID>ETHZ-CH</alternativeID> <performance> <criterionID>c-Ind</criterionID> <value><NA>NA</NA></value> </performance> <performance> <criterionID>c-T</criterionID> <value><real>77.50</real></value> </performance> <performance> <criterionID>c_C</criterionID> <value><real>83.10</real></value> </performance> <performance> <criterionID>c_I</criterionID> <value><real>93.70</real></value> </performance> <performance> <criterionID>c_R</criterionID> <value><real>87.80</real></value> </performance> </alternativePerformances> <alternativePerformances> <alternativeID>EUT-NL</alternativeID> <performance> <criterionID>c-Ind</criterionID> <value><real>99.80</real></value> </performance> <performance> <criterionID>c-T</criterionID> <value><real>55.40</real></value> </performance> <performance> <criterionID>c_C</criterionID> <value><real>56.90</real></value> </performance> <performance> <criterionID>c_I</criterionID> <value><real>44.90</real></value> </performance> <performance> <criterionID>c_R</criterionID> <value><real>51.70</real></value> </performance> </alternativePerformances> <alternativePerformances> <alternativeID>ICL-UK</alternativeID> <performance> <criterionID>c-Ind</criterionID> <value><real>92.90</real></value> </performance> <performance> <criterionID>c-T</criterionID> <value><real>89.20</real></value> </performance> <performance> <criterionID>c_C</criterionID> <value><real>88.30</real></value> </performance> <performance> <criterionID>c_I</criterionID> <value><real>90.00</real></value> </performance> <performance> <criterionID>c_R</criterionID> <value><real>94.50</real></value> </performance> </alternativePerformances> <alternativePerformances> <alternativeID>KCL-UK</alternativeID> <performance> <criterionID>c-Ind</criterionID> <value><real>44.10</real></value> </performance> <performance> <criterionID>c-T</criterionID> <value><real>48.50</real></value> </performance> <performance> <criterionID>c_C</criterionID> <value><real>72.40</real></value> </performance> <performance> <criterionID>c_I</criterionID> <value><real>85.90</real></value> </performance> <performance> <criterionID>c_R</criterionID> <value><real>54.50</real></value> </performance> </alternativePerformances> <alternativePerformances> <alternativeID>KI-S</alternativeID> <performance> <criterionID>c-Ind</criterionID> <value><real>31.70</real></value> </performance> <performance> <criterionID>c-T</criterionID> <value><real>65.80</real></value> </performance> <performance> <criterionID>c_C</criterionID> <value><real>62.30</real></value> </performance> <performance> <criterionID>c_I</criterionID> <value><NA>NA</NA></value> </performance> <performance> <criterionID>c_R</criterionID> <value><real>72.70</real></value> </performance> </alternativePerformances> <alternativePerformances> <alternativeID>KUL-BE</alternativeID> <performance> <criterionID>c-Ind</criterionID> <value><real>97.70</real></value> </performance> <performance> <criterionID>c-T</criterionID> <value><real>57.70</real></value> </performance> <performance> <criterionID>c_C</criterionID> <value><real>45.20</real></value> </performance> <performance> <criterionID>c_I</criterionID> <value><real>29.60</real></value> </performance> <performance> <criterionID>c_R</criterionID> <value><real>62.90</real></value> </performance> </alternativePerformances> <alternativePerformances> <alternativeID>LSE-UK</alternativeID> <performance> <criterionID>c-Ind</criterionID> <value><real>38.40</real></value> </performance> <performance> <criterionID>c-T</criterionID> <value><real>62.40</real></value> </performance> <performance> <criterionID>c_C</criterionID> <value><real>51.60</real></value> </performance> <performance> <criterionID>c_I</criterionID> <value><real>99.50</real></value> </performance> <performance> <criterionID>c_R</criterionID> <value><real>56.20</real></value> </performance> </alternativePerformances> <alternativePerformances> <alternativeID>LU-S</alternativeID> <performance> <criterionID>c-Ind</criterionID> <value><real>33.20</real></value> </performance> <performance> <criterionID>c-T</criterionID> <value><real>46.30</real></value> </performance> <performance> <criterionID>c_C</criterionID> <value><real>67.60</real></value> </performance> <performance> <criterionID>c_I</criterionID> <value><real>56.80</real></value> </performance> <performance> <criterionID>c_R</criterionID> <value><real>60.80</real></value> </performance> </alternativePerformances> <alternativePerformances> <alternativeID>RHL-UK</alternativeID> <performance> <criterionID>c-Ind</criterionID> <value><real>30.50</real></value> </performance> <performance> <criterionID>c-T</criterionID> <value><real>37.70</real></value> </performance> <performance> <criterionID>c_C</criterionID> <value><real>93.20</real></value> </performance> <performance> <criterionID>c_I</criterionID> <value><real>92.90</real></value> </performance> <performance> <criterionID>c_R</criterionID> <value><real>36.20</real></value> </performance> </alternativePerformances> <alternativePerformances> <alternativeID>RKU-DE</alternativeID> <performance> <criterionID>c-Ind</criterionID> <value><real>39.10</real></value> </performance> <performance> <criterionID>c-T</criterionID> <value><real>59.20</real></value> </performance> <performance> <criterionID>c_C</criterionID> <value><real>70.30</real></value> </performance> <performance> <criterionID>c_I</criterionID> <value><real>63.40</real></value> </performance> <performance> <criterionID>c_R</criterionID> <value><real>47.50</real></value> </performance> </alternativePerformances> <alternativePerformances> <alternativeID>TCD-IR</alternativeID> <performance> <criterionID>c-Ind</criterionID> <value><real>31.60</real></value> </performance> <performance> <criterionID>c-T</criterionID> <value><real>47.70</real></value> </performance> <performance> <criterionID>c_C</criterionID> <value><real>84.40</real></value> </performance> <performance> <criterionID>c_I</criterionID> <value><real>84.20</real></value> </performance> <performance> <criterionID>c_R</criterionID> <value><real>45.30</real></value> </performance> </alternativePerformances> <alternativePerformances> <alternativeID>TUM-DE</alternativeID> <performance> <criterionID>c-Ind</criterionID> <value><NA>NA</NA></value> </performance> <performance> <criterionID>c-T</criterionID> <value><real>50.40</real></value> </performance> <performance> <criterionID>c_C</criterionID> <value><real>71.20</real></value> </performance> <performance> <criterionID>c_I</criterionID> <value><real>85.30</real></value> </performance> <performance> <criterionID>c_R</criterionID> <value><real>43.20</real></value> </performance> </alternativePerformances> <alternativePerformances> <alternativeID>UB-CH</alternativeID> <performance> <criterionID>c-Ind</criterionID> <value><real>45.80</real></value> </performance> <performance> <criterionID>c-T</criterionID> <value><real>42.40</real></value> </performance> <performance> <criterionID>c_C</criterionID> <value><real>78.30</real></value> </performance> <performance> <criterionID>c_I</criterionID> <value><real>91.30</real></value> </performance> <performance> <criterionID>c_R</criterionID> <value><real>37.10</real></value> </performance> </alternativePerformances> <alternativePerformances> <alternativeID>UB-UK</alternativeID> <performance> <criterionID>c-Ind</criterionID> <value><real>36.20</real></value> </performance> <performance> <criterionID>c-T</criterionID> <value><real>49.60</real></value> </performance> <performance> <criterionID>c_C</criterionID> <value><real>80.90</real></value> </performance> <performance> <criterionID>c_I</criterionID> <value><real>67.20</real></value> </performance> <performance> <criterionID>c_R</criterionID> <value><real>53.10</real></value> </performance> </alternativePerformances> <alternativePerformances> <alternativeID>UC-UK</alternativeID> <performance> <criterionID>c-Ind</criterionID> <value><real>57.00</real></value> </performance> <performance> <criterionID>c-T</criterionID> <value><real>88.20</real></value> </performance> <performance> <criterionID>c_C</criterionID> <value><real>94.00</real></value> </performance> <performance> <criterionID>c_I</criterionID> <value><real>77.70</real></value> </performance> <performance> <criterionID>c_R</criterionID> <value><real>94.10</real></value> </performance> </alternativePerformances> <alternativePerformances> <alternativeID>UCD-IR</alternativeID> <performance> <criterionID>c-Ind</criterionID> <value><NA>NA</NA></value> </performance> <performance> <criterionID>c-T</criterionID> <value><real>50.80</real></value> </performance> <performance> <criterionID>c_C</criterionID> <value><real>86.30</real></value> </performance> <performance> <criterionID>c_I</criterionID> <value><real>87.00</real></value> </performance> <performance> <criterionID>c_R</criterionID> <value><real>36.60</real></value> </performance> </alternativePerformances> <alternativePerformances> <alternativeID>UCL-UK</alternativeID> <performance> <criterionID>c-Ind</criterionID> <value><real>39.00</real></value> </performance> <performance> <criterionID>c-T</criterionID> <value><real>74.00</real></value> </performance> <performance> <criterionID>c_C</criterionID> <value><real>80.60</real></value> </performance> <performance> <criterionID>c_I</criterionID> <value><real>90.80</real></value> </performance> <performance> <criterionID>c_R</criterionID> <value><real>81.60</real></value> </performance> </alternativePerformances> <alternativePerformances> <alternativeID>UE-UK</alternativeID> <performance> <criterionID>c-Ind</criterionID> <value><real>42.20</real></value> </performance> <performance> <criterionID>c-T</criterionID> <value><real>59.90</real></value> </performance> <performance> <criterionID>c_C</criterionID> <value><real>86.80</real></value> </performance> <performance> <criterionID>c_I</criterionID> <value><real>67.30</real></value> </performance> <performance> <criterionID>c_R</criterionID> <value><real>61.90</real></value> </performance> </alternativePerformances> <alternativePerformances> <alternativeID>UG-CH</alternativeID> <performance> <criterionID>c-Ind</criterionID> <value><real>32.70</real></value> </performance> <performance> <criterionID>c-T</criterionID> <value><real>46.60</real></value> </performance> <performance> <criterionID>c_C</criterionID> <value><real>63.10</real></value> </performance> <performance> <criterionID>c_I</criterionID> <value><real>95.70</real></value> </performance> <performance> <criterionID>c_R</criterionID> <value><real>49.70</real></value> </performance> </alternativePerformances> <alternativePerformances> <alternativeID>UG-DE</alternativeID> <performance> <criterionID>c-Ind</criterionID> <value><real>73.30</real></value> </performance> <performance> <criterionID>c-T</criterionID> <value><real>57.30</real></value> </performance> <performance> <criterionID>c_C</criterionID> <value><real>92.50</real></value> </performance> <performance> <criterionID>c_I</criterionID> <value><real>44.50</real></value> </performance> <performance> <criterionID>c_R</criterionID> <value><real>55.90</real></value> </performance> </alternativePerformances> <alternativePerformances> <alternativeID>UH-FI</alternativeID> <performance> <criterionID>c-Ind</criterionID> <value><real>30.20</real></value> </performance> <performance> <criterionID>c-T</criterionID> <value><real>49.00</real></value> </performance> <performance> <criterionID>c_C</criterionID> <value><real>75.40</real></value> </performance> <performance> <criterionID>c_I</criterionID> <value><real>24.20</real></value> </performance> <performance> <criterionID>c_R</criterionID> <value><real>51.40</real></value> </performance> </alternativePerformances> <alternativePerformances> <alternativeID>UM-DE</alternativeID> <performance> <criterionID>c-Ind</criterionID> <value><real>40.40</real></value> </performance> <performance> <criterionID>c-T</criterionID> <value><real>59.10</real></value> </performance> <performance> <criterionID>c_C</criterionID> <value><real>76.40</real></value> </performance> <performance> <criterionID>c_I</criterionID> <value><real>43.10</real></value> </performance> <performance> <criterionID>c_R</criterionID> <value><real>57.50</real></value> </performance> </alternativePerformances> <alternativePerformances> <alternativeID>UM-UK</alternativeID> <performance> <criterionID>c-Ind</criterionID> <value><real>39.00</real></value> </performance> <performance> <criterionID>c-T</criterionID> <value><real>56.50</real></value> </performance> <performance> <criterionID>c_C</criterionID> <value><real>59.20</real></value> </performance> <performance> <criterionID>c_I</criterionID> <value><real>79.10</real></value> </performance> <performance> <criterionID>c_R</criterionID> <value><real>56.20</real></value> </performance> </alternativePerformances> <alternativePerformances> <alternativeID>UO-UK</alternativeID> <performance> <criterionID>c-Ind</criterionID> <value><real>73.50</real></value> </performance> <performance> <criterionID>c-T</criterionID> <value><real>90.50</real></value> </performance> <performance> <criterionID>c_C</criterionID> <value><real>95.10</real></value> </performance> <performance> <criterionID>c_I</criterionID> <value><real>77.20</real></value> </performance> <performance> <criterionID>c_R</criterionID> <value><real>93.90</real></value> </performance> </alternativePerformances> <alternativePerformances> <alternativeID>US-UK</alternativeID> <performance> <criterionID>c-Ind</criterionID> <value><real>29.10</real></value> </performance> <performance> <criterionID>c-T</criterionID> <value><real>42.40</real></value> </performance> <performance> <criterionID>c_C</criterionID> <value><real>91.60</real></value> </performance> <performance> <criterionID>c_I</criterionID> <value><real>72.80</real></value> </performance> <performance> <criterionID>c_R</criterionID> <value><real>42.40</real></value> </performance> </alternativePerformances> <alternativePerformances> <alternativeID>USTA-UK</alternativeID> <performance> <criterionID>c-Ind</criterionID> <value><real>32.60</real></value> </performance> <performance> <criterionID>c-T</criterionID> <value><real>44.30</real></value> </performance> <performance> <criterionID>c_C</criterionID> <value><real>72.90</real></value> </performance> <performance> <criterionID>c_I</criterionID> <value><real>85.70</real></value> </performance> <performance> <criterionID>c_R</criterionID> <value><real>47.70</real></value> </performance> </alternativePerformances> <alternativePerformances> <alternativeID>USth-UK</alternativeID> <performance> <criterionID>c-Ind</criterionID> <value><real>37.70</real></value> </performance> <performance> <criterionID>c-T</criterionID> <value><real>50.80</real></value> </performance> <performance> <criterionID>c_C</criterionID> <value><real>72.90</real></value> </performance> <performance> <criterionID>c_I</criterionID> <value><real>69.00</real></value> </performance> <performance> <criterionID>c_R</criterionID> <value><real>47.80</real></value> </performance> </alternativePerformances> <alternativePerformances> <alternativeID>UY-UK</alternativeID> <performance> <criterionID>c-Ind</criterionID> <value><real>36.20</real></value> </performance> <performance> <criterionID>c-T</criterionID> <value><real>47.90</real></value> </performance> <performance> <criterionID>c_C</criterionID> <value><real>81.90</real></value> </performance> <performance> <criterionID>c_I</criterionID> <value><real>66.60</real></value> </performance> <performance> <criterionID>c_R</criterionID> <value><real>46.20</real></value> </performance> </alternativePerformances> <alternativePerformances> <alternativeID>UZ-CH</alternativeID> <performance> <criterionID>c-Ind</criterionID> <value><real>43.80</real></value> </performance> <performance> <criterionID>c-T</criterionID> <value><real>56.60</real></value> </performance> <performance> <criterionID>c_C</criterionID> <value><real>65.00</real></value> </performance> <performance> <criterionID>c_I</criterionID> <value><real>87.90</real></value> </performance> <performance> <criterionID>c_R</criterionID> <value><real>47.00</real></value> </performance> </alternativePerformances> </performanceTable> </xmcda:XMCDA>
