<?xml version="1.0" encoding="UTF-8"?>
<?xml-stylesheet type="text/xsl" href="xmcda2Rubis.xsl"?>
<xmcda:XMCDA xmlns:xsi="http://www.w3.org/2001/XMLSchema-instance" xsi:schemaLocation="http://www.decision-deck.org/2009/XMCDA-2.0.0 http://www.decision-deck.org/xmcda/_downloads/XMCDA-2.0.0.xsd" xmlns:xmcda="http://www.decision-deck.org/2009/XMCDA-2.0.0" instanceID="void">
<projectReference id="exampleRubisPerfTab" name="exampleRubisPerfTab.xml">
<title>Performance Tableau in XMCDA-2.0 format.</title>
<author>digraphs Module (RB)</author>
<version>saved from Python session</version>
<comment>produced by saveXMCDA2()</comment>
</projectReference>
<methodParameters id="Rubis" name="Rubis best choice method" mcdaConcept="methodData">
<description>
<subTitle>Method parameters</subTitle>
<version>1.0</version>
</description>
<parameters>
<parameter name="variant">
<value>
<label>Rubis</label>
</value>
</parameter>
<parameter name="valuationType">
<value>
<label>bipolar</label>
</value>
</parameter>
</parameters>
</methodParameters>
<alternatives mcdaConcept="alternatives">
<description>
<subTitle>Potential decision actions.</subTitle>
</description>
<alternative id="a01" name="random decision action Eco~ Soc~ Env~" mcdaConcept="potentialDecisionAction">
<description>
<comment>3 Objectives</comment>
</description>
<type>real</type>
<active>true</active>
</alternative>
<alternative id="a02" name="random decision action Eco+ Soc- Env+" mcdaConcept="potentialDecisionAction">
<description>
<comment>3 Objectives</comment>
</description>
<type>real</type>
<active>true</active>
</alternative>
<alternative id="a03" name="random decision action Eco- Soc- Env-" mcdaConcept="potentialDecisionAction">
<description>
<comment>3 Objectives</comment>
</description>
<type>real</type>
<active>true</active>
</alternative>
<alternative id="a04" name="random decision action Eco~ Soc+ Env+" mcdaConcept="potentialDecisionAction">
<description>
<comment>3 Objectives</comment>
</description>
<type>real</type>
<active>true</active>
</alternative>
<alternative id="a05" name="random decision action Eco~ Soc- Env+" mcdaConcept="potentialDecisionAction">
<description>
<comment>3 Objectives</comment>
</description>
<type>real</type>
<active>true</active>
</alternative>
<alternative id="a06" name="random decision action Eco- Soc- Env-" mcdaConcept="potentialDecisionAction">
<description>
<comment>3 Objectives</comment>
</description>
<type>real</type>
<active>true</active>
</alternative>
<alternative id="a07" name="random decision action Eco- Soc+ Env-" mcdaConcept="potentialDecisionAction">
<description>
<comment>3 Objectives</comment>
</description>
<type>real</type>
<active>true</active>
</alternative>
<alternative id="a08" name="random decision action Eco~ Soc- Env-" mcdaConcept="potentialDecisionAction">
<description>
<comment>3 Objectives</comment>
</description>
<type>real</type>
<active>true</active>
</alternative>
<alternative id="a09" name="random decision action Eco~ Soc~ Env-" mcdaConcept="potentialDecisionAction">
<description>
<comment>3 Objectives</comment>
</description>
<type>real</type>
<active>true</active>
</alternative>
<alternative id="a10" name="random decision action Eco- Soc~ Env-" mcdaConcept="potentialDecisionAction">
<description>
<comment>3 Objectives</comment>
</description>
<type>real</type>
<active>true</active>
</alternative>
<alternative id="a11" name="random decision action Eco+ Soc- Env-" mcdaConcept="potentialDecisionAction">
<description>
<comment>3 Objectives</comment>
</description>
<type>real</type>
<active>true</active>
</alternative>
<alternative id="a12" name="random decision action Eco+ Soc+ Env-" mcdaConcept="potentialDecisionAction">
<description>
<comment>3 Objectives</comment>
</description>
<type>real</type>
<active>true</active>
</alternative>
<alternative id="a13" name="random decision action Eco~ Soc~ Env~" mcdaConcept="potentialDecisionAction">
<description>
<comment>3 Objectives</comment>
</description>
<type>real</type>
<active>true</active>
</alternative>
<alternative id="a14" name="random decision action Eco~ Soc~ Env-" mcdaConcept="potentialDecisionAction">
<description>
<comment>3 Objectives</comment>
</description>
<type>real</type>
<active>true</active>
</alternative>
<alternative id="a15" name="random decision action Eco+ Soc~ Env-" mcdaConcept="potentialDecisionAction">
<description>
<comment>3 Objectives</comment>
</description>
<type>real</type>
<active>true</active>
</alternative>
<alternative id="a16" name="random decision action Eco~ Soc- Env+" mcdaConcept="potentialDecisionAction">
<description>
<comment>3 Objectives</comment>
</description>
<type>real</type>
<active>true</active>
</alternative>
<alternative id="a17" name="random decision action Eco+ Soc- Env-" mcdaConcept="potentialDecisionAction">
<description>
<comment>3 Objectives</comment>
</description>
<type>real</type>
<active>true</active>
</alternative>
<alternative id="a18" name="random decision action Eco- Soc+ Env+" mcdaConcept="potentialDecisionAction">
<description>
<comment>3 Objectives</comment>
</description>
<type>real</type>
<active>true</active>
</alternative>
<alternative id="a19" name="random decision action Eco+ Soc+ Env+" mcdaConcept="potentialDecisionAction">
<description>
<comment>3 Objectives</comment>
</description>
<type>real</type>
<active>true</active>
</alternative>
<alternative id="a20" name="random decision action Eco- Soc+ Env~" mcdaConcept="potentialDecisionAction">
<description>
<comment>3 Objectives</comment>
</description>
<type>real</type>
<active>true</active>
</alternative>
</alternatives>
<objectives mcdaConcept="objectives">
<description>
<subTitle>Set of decision objectives</subTitle>
</description>
<objective id="Eco" name="Economical aspect" mcdaConcept="objective">
<description>
<comment>No comment</comment>
<version>Rubis</version>
</description>
<active>true</active>
<weight><value><real>80.00</real></value></weight>
<objectiveCriteria>['g01', 'g04', 'g09', 'g11', 'g13']</objectiveCriteria>
</objective>
<objective id="Env" name="Environmental aspect" mcdaConcept="objective">
<description>
<comment>No comment</comment>
<version>Rubis</version>
</description>
<active>true</active>
<weight><value><real>80.00</real></value></weight>
<objectiveCriteria>['g03', 'g07', 'g10', 'g12']</objectiveCriteria>
</objective>
<objective id="Soc" name="Societal aspect" mcdaConcept="objective">
<description>
<comment>No comment</comment>
<version>Rubis</version>
</description>
<active>true</active>
<weight><value><real>80.00</real></value></weight>
<objectiveCriteria>['g02', 'g05', 'g06', 'g08']</objectiveCriteria>
</objective>
</objectives>
<criteria mcdaConcept="criteria">
<description>
<subTitle>Family of criteria.</subTitle>
</description>
<criterion id="g01" name="criterion of objective Eco" mcdaConcept="criterion">
<description>
<comment>Variable triangular performance generator with low (-), medium (~) or high (+) parameters.</comment>
<version>performance</version>
</description>
<active>true</active>
<criterionObjective>Eco</criterionObjective>
<criterionValue><value><real>16.00</real></value></criterionValue>
<scale>
<quantitative>
<preferenceDirection>max</preferenceDirection>
<minimum><real>0.00</real></minimum>
<maximum><real>100.00</real></maximum>
</quantitative>
</scale>
<thresholds>
<threshold id="ind" name="indifference" mcdaConcept="performanceDiscriminationThreshold">
<constant>
<real>5.00</real>
</constant>
</threshold>
<threshold id="pref" name="preference" mcdaConcept="performanceDiscriminationThreshold">
<constant>
<real>10.00</real>
</constant>
</threshold>
<threshold id="veto" name="veto" mcdaConcept="performanceDiscriminationThreshold">
<constant>
<real>60.00</real>
</constant>
</threshold>
</thresholds>
</criterion>
<criterion id="g02" name="criterion of objective Soc" mcdaConcept="criterion">
<description>
<comment>Variable triangular performance generator with low (-), medium (~) or high (+) parameters.</comment>
<version>performance</version>
</description>
<active>true</active>
<criterionObjective>Soc</criterionObjective>
<criterionValue><value><real>20.00</real></value></criterionValue>
<scale>
<quantitative>
<preferenceDirection>max</preferenceDirection>
<minimum><real>0.00</real></minimum>
<maximum><real>100.00</real></maximum>
</quantitative>
</scale>
<thresholds>
<threshold id="ind" name="indifference" mcdaConcept="performanceDiscriminationThreshold">
<constant>
<real>5.00</real>
</constant>
</threshold>
<threshold id="pref" name="preference" mcdaConcept="performanceDiscriminationThreshold">
<constant>
<real>10.00</real>
</constant>
</threshold>
<threshold id="veto" name="veto" mcdaConcept="performanceDiscriminationThreshold">
<constant>
<real>60.00</real>
</constant>
</threshold>
</thresholds>
</criterion>
<criterion id="g03" name="criterion of objective Env" mcdaConcept="criterion">
<description>
<comment>Variable triangular performance generator with low (-), medium (~) or high (+) parameters.</comment>
<version>performance</version>
</description>
<active>true</active>
<criterionObjective>Env</criterionObjective>
<criterionValue><value><real>20.00</real></value></criterionValue>
<scale>
<quantitative>
<preferenceDirection>max</preferenceDirection>
<minimum><real>0.00</real></minimum>
<maximum><real>100.00</real></maximum>
</quantitative>
</scale>
<thresholds>
<threshold id="ind" name="indifference" mcdaConcept="performanceDiscriminationThreshold">
<constant>
<real>5.00</real>
</constant>
</threshold>
<threshold id="pref" name="preference" mcdaConcept="performanceDiscriminationThreshold">
<constant>
<real>10.00</real>
</constant>
</threshold>
<threshold id="veto" name="veto" mcdaConcept="performanceDiscriminationThreshold">
<constant>
<real>60.00</real>
</constant>
</threshold>
</thresholds>
</criterion>
<criterion id="g04" name="criterion of objective Eco" mcdaConcept="criterion">
<description>
<comment>Variable triangular performance generator with low (-), medium (~) or high (+) parameters.</comment>
<version>performance</version>
</description>
<active>true</active>
<criterionObjective>Eco</criterionObjective>
<criterionValue><value><real>16.00</real></value></criterionValue>
<scale>
<quantitative>
<preferenceDirection>max</preferenceDirection>
<minimum><real>0.00</real></minimum>
<maximum><real>100.00</real></maximum>
</quantitative>
</scale>
<thresholds>
<threshold id="ind" name="indifference" mcdaConcept="performanceDiscriminationThreshold">
<constant>
<real>5.00</real>
</constant>
</threshold>
<threshold id="pref" name="preference" mcdaConcept="performanceDiscriminationThreshold">
<constant>
<real>10.00</real>
</constant>
</threshold>
<threshold id="veto" name="veto" mcdaConcept="performanceDiscriminationThreshold">
<constant>
<real>60.00</real>
</constant>
</threshold>
</thresholds>
</criterion>
<criterion id="g05" name="criterion of objective Soc" mcdaConcept="criterion">
<description>
<comment>Variable triangular performance generator with low (-), medium (~) or high (+) parameters.</comment>
<version>performance</version>
</description>
<active>true</active>
<criterionObjective>Soc</criterionObjective>
<criterionValue><value><real>20.00</real></value></criterionValue>
<scale>
<quantitative>
<preferenceDirection>max</preferenceDirection>
<minimum><real>0.00</real></minimum>
<maximum><real>100.00</real></maximum>
</quantitative>
</scale>
<thresholds>
<threshold id="ind" name="indifference" mcdaConcept="performanceDiscriminationThreshold">
<constant>
<real>5.00</real>
</constant>
</threshold>
<threshold id="pref" name="preference" mcdaConcept="performanceDiscriminationThreshold">
<constant>
<real>10.00</real>
</constant>
</threshold>
<threshold id="veto" name="veto" mcdaConcept="performanceDiscriminationThreshold">
<constant>
<real>60.00</real>
</constant>
</threshold>
</thresholds>
</criterion>
<criterion id="g06" name="criterion of objective Soc" mcdaConcept="criterion">
<description>
<comment>Variable triangular performance generator with low (-), medium (~) or high (+) parameters.</comment>
<version>performance</version>
</description>
<active>true</active>
<criterionObjective>Soc</criterionObjective>
<criterionValue><value><real>20.00</real></value></criterionValue>
<scale>
<quantitative>
<preferenceDirection>max</preferenceDirection>
<minimum><real>0.00</real></minimum>
<maximum><real>100.00</real></maximum>
</quantitative>
</scale>
<thresholds>
<threshold id="ind" name="indifference" mcdaConcept="performanceDiscriminationThreshold">
<constant>
<real>5.00</real>
</constant>
</threshold>
<threshold id="pref" name="preference" mcdaConcept="performanceDiscriminationThreshold">
<constant>
<real>10.00</real>
</constant>
</threshold>
<threshold id="veto" name="veto" mcdaConcept="performanceDiscriminationThreshold">
<constant>
<real>60.00</real>
</constant>
</threshold>
</thresholds>
</criterion>
<criterion id="g07" name="criterion of objective Env" mcdaConcept="criterion">
<description>
<comment>Variable triangular performance generator with low (-), medium (~) or high (+) parameters.</comment>
<version>performance</version>
</description>
<active>true</active>
<criterionObjective>Env</criterionObjective>
<criterionValue><value><real>20.00</real></value></criterionValue>
<scale>
<quantitative>
<preferenceDirection>max</preferenceDirection>
<minimum><real>0.00</real></minimum>
<maximum><real>100.00</real></maximum>
</quantitative>
</scale>
<thresholds>
<threshold id="ind" name="indifference" mcdaConcept="performanceDiscriminationThreshold">
<constant>
<real>5.00</real>
</constant>
</threshold>
<threshold id="pref" name="preference" mcdaConcept="performanceDiscriminationThreshold">
<constant>
<real>10.00</real>
</constant>
</threshold>
<threshold id="veto" name="veto" mcdaConcept="performanceDiscriminationThreshold">
<constant>
<real>60.00</real>
</constant>
</threshold>
</thresholds>
</criterion>
<criterion id="g08" name="criterion of objective Soc" mcdaConcept="criterion">
<description>
<comment>Variable triangular performance generator with low (-), medium (~) or high (+) parameters.</comment>
<version>performance</version>
</description>
<active>true</active>
<criterionObjective>Soc</criterionObjective>
<criterionValue><value><real>20.00</real></value></criterionValue>
<scale>
<quantitative>
<preferenceDirection>max</preferenceDirection>
<minimum><real>0.00</real></minimum>
<maximum><real>100.00</real></maximum>
</quantitative>
</scale>
<thresholds>
<threshold id="ind" name="indifference" mcdaConcept="performanceDiscriminationThreshold">
<constant>
<real>5.00</real>
</constant>
</threshold>
<threshold id="pref" name="preference" mcdaConcept="performanceDiscriminationThreshold">
<constant>
<real>10.00</real>
</constant>
</threshold>
</thresholds>
</criterion>
<criterion id="g09" name="criterion of objective Eco" mcdaConcept="criterion">
<description>
<comment>Variable triangular performance generator with low (-), medium (~) or high (+) parameters.</comment>
<version>performance</version>
</description>
<active>true</active>
<criterionObjective>Eco</criterionObjective>
<criterionValue><value><real>16.00</real></value></criterionValue>
<scale>
<quantitative>
<preferenceDirection>max</preferenceDirection>
<minimum><real>0.00</real></minimum>
<maximum><real>100.00</real></maximum>
</quantitative>
</scale>
<thresholds>
<threshold id="ind" name="indifference" mcdaConcept="performanceDiscriminationThreshold">
<constant>
<real>5.00</real>
</constant>
</threshold>
<threshold id="pref" name="preference" mcdaConcept="performanceDiscriminationThreshold">
<constant>
<real>10.00</real>
</constant>
</threshold>
</thresholds>
</criterion>
<criterion id="g10" name="criterion of objective Env" mcdaConcept="criterion">
<description>
<comment>Variable triangular performance generator with low (-), medium (~) or high (+) parameters.</comment>
<version>performance</version>
</description>
<active>true</active>
<criterionObjective>Env</criterionObjective>
<criterionValue><value><real>20.00</real></value></criterionValue>
<scale>
<quantitative>
<preferenceDirection>max</preferenceDirection>
<minimum><real>0.00</real></minimum>
<maximum><real>100.00</real></maximum>
</quantitative>
</scale>
<thresholds>
<threshold id="ind" name="indifference" mcdaConcept="performanceDiscriminationThreshold">
<constant>
<real>5.00</real>
</constant>
</threshold>
<threshold id="pref" name="preference" mcdaConcept="performanceDiscriminationThreshold">
<constant>
<real>10.00</real>
</constant>
</threshold>
</thresholds>
</criterion>
<criterion id="g11" name="criterion of objective Eco" mcdaConcept="criterion">
<description>
<comment>Variable triangular performance generator with low (-), medium (~) or high (+) parameters.</comment>
<version>performance</version>
</description>
<active>true</active>
<criterionObjective>Eco</criterionObjective>
<criterionValue><value><real>16.00</real></value></criterionValue>
<scale>
<quantitative>
<preferenceDirection>max</preferenceDirection>
<minimum><real>0.00</real></minimum>
<maximum><real>100.00</real></maximum>
</quantitative>
</scale>
<thresholds>
<threshold id="ind" name="indifference" mcdaConcept="performanceDiscriminationThreshold">
<constant>
<real>5.00</real>
</constant>
</threshold>
<threshold id="pref" name="preference" mcdaConcept="performanceDiscriminationThreshold">
<constant>
<real>10.00</real>
</constant>
</threshold>
</thresholds>
</criterion>
<criterion id="g12" name="criterion of objective Env" mcdaConcept="criterion">
<description>
<comment>Variable triangular performance generator with low (-), medium (~) or high (+) parameters.</comment>
<version>performance</version>
</description>
<active>true</active>
<criterionObjective>Env</criterionObjective>
<criterionValue><value><real>20.00</real></value></criterionValue>
<scale>
<quantitative>
<preferenceDirection>max</preferenceDirection>
<minimum><real>0.00</real></minimum>
<maximum><real>100.00</real></maximum>
</quantitative>
</scale>
<thresholds>
<threshold id="ind" name="indifference" mcdaConcept="performanceDiscriminationThreshold">
<constant>
<real>5.00</real>
</constant>
</threshold>
<threshold id="pref" name="preference" mcdaConcept="performanceDiscriminationThreshold">
<constant>
<real>10.00</real>
</constant>
</threshold>
<threshold id="veto" name="veto" mcdaConcept="performanceDiscriminationThreshold">
<constant>
<real>60.00</real>
</constant>
</threshold>
</thresholds>
</criterion>
<criterion id="g13" name="criterion of objective Eco" mcdaConcept="criterion">
<description>
<comment>Variable triangular performance generator with low (-), medium (~) or high (+) parameters.</comment>
<version>performance</version>
</description>
<active>true</active>
<criterionObjective>Eco</criterionObjective>
<criterionValue><value><real>16.00</real></value></criterionValue>
<scale>
<quantitative>
<preferenceDirection>max</preferenceDirection>
<minimum><real>0.00</real></minimum>
<maximum><real>100.00</real></maximum>
</quantitative>
</scale>
<thresholds>
<threshold id="ind" name="indifference" mcdaConcept="performanceDiscriminationThreshold">
<constant>
<real>5.00</real>
</constant>
</threshold>
<threshold id="pref" name="preference" mcdaConcept="performanceDiscriminationThreshold">
<constant>
<real>10.00</real>
</constant>
</threshold>
</thresholds>
</criterion>
</criteria>
<performanceTable mcdaConcept="performanceTable">
<description>
<subTitle>Rubis Performance Table.</subTitle>
</description>
<alternativePerformances>
<alternativeID>a01</alternativeID>
<performance>
<criterionID>g01</criterionID>
<value><real>57.44</real></value>
</performance>
<performance>
<criterionID>g02</criterionID>
<value><real>63.27</real></value>
</performance>
<performance>
<criterionID>g03</criterionID>
<value><real>33.92</real></value>
</performance>
<performance>
<criterionID>g04</criterionID>
<value><real>22.21</real></value>
</performance>
<performance>
<criterionID>g05</criterionID>
<value><real>47.58</real></value>
</performance>
<performance>
<criterionID>g06</criterionID>
<value><real>71.63</real></value>
</performance>
<performance>
<criterionID>g07</criterionID>
<value><real>56.13</real></value>
</performance>
<performance>
<criterionID>g08</criterionID>
<value><real>31.56</real></value>
</performance>
<performance>
<criterionID>g09</criterionID>
<value><real>44.59</real></value>
</performance>
<performance>
<criterionID>g10</criterionID>
<value><real>52.16</real></value>
</performance>
<performance>
<criterionID>g11</criterionID>
<value><real>97.60</real></value>
</performance>
<performance>
<criterionID>g12</criterionID>
<value><real>56.40</real></value>
</performance>
<performance>
<criterionID>g13</criterionID>
<value><real>53.88</real></value>
</performance>
</alternativePerformances>
<alternativePerformances>
<alternativeID>a02</alternativeID>
<performance>
<criterionID>g01</criterionID>
<value><real>66.71</real></value>
</performance>
<performance>
<criterionID>g02</criterionID>
<value><real>79.83</real></value>
</performance>
<performance>
<criterionID>g03</criterionID>
<value><real>86.59</real></value>
</performance>
<performance>
<criterionID>g04</criterionID>
<value><real>75.45</real></value>
</performance>
<performance>
<criterionID>g05</criterionID>
<value><real>9.55</real></value>
</performance>
<performance>
<criterionID>g06</criterionID>
<value><real>56.24</real></value>
</performance>
<performance>
<criterionID>g07</criterionID>
<value><real>70.25</real></value>
</performance>
<performance>
<criterionID>g08</criterionID>
<value><real>23.72</real></value>
</performance>
<performance>
<criterionID>g09</criterionID>
<value><real>73.85</real></value>
</performance>
<performance>
<criterionID>g10</criterionID>
<value><real>82.05</real></value>
</performance>
<performance>
<criterionID>g11</criterionID>
<value><real>78.47</real></value>
</performance>
<performance>
<criterionID>g12</criterionID>
<value><real>43.54</real></value>
</performance>
<performance>
<criterionID>g13</criterionID>
<value><real>72.05</real></value>
</performance>
</alternativePerformances>
<alternativePerformances>
<alternativeID>a03</alternativeID>
<performance>
<criterionID>g01</criterionID>
<value><real>71.44</real></value>
</performance>
<performance>
<criterionID>g02</criterionID>
<value><real>19.46</real></value>
</performance>
<performance>
<criterionID>g03</criterionID>
<value><real>28.37</real></value>
</performance>
<performance>
<criterionID>g04</criterionID>
<value><real>43.21</real></value>
</performance>
<performance>
<criterionID>g05</criterionID>
<value><real>27.97</real></value>
</performance>
<performance>
<criterionID>g06</criterionID>
<value><real>37.35</real></value>
</performance>
<performance>
<criterionID>g07</criterionID>
<value><real>28.60</real></value>
</performance>
<performance>
<criterionID>g08</criterionID>
<value><real>10.58</real></value>
</performance>
<performance>
<criterionID>g09</criterionID>
<value><real>96.11</real></value>
</performance>
<performance>
<criterionID>g10</criterionID>
<value><real>24.52</real></value>
</performance>
<performance>
<criterionID>g11</criterionID>
<value><real>24.39</real></value>
</performance>
<performance>
<criterionID>g12</criterionID>
<value><real>27.24</real></value>
</performance>
<performance>
<criterionID>g13</criterionID>
<value><real>17.82</real></value>
</performance>
</alternativePerformances>
<alternativePerformances>
<alternativeID>a04</alternativeID>
<performance>
<criterionID>g01</criterionID>
<value><real>46.91</real></value>
</performance>
<performance>
<criterionID>g02</criterionID>
<value><real>62.87</real></value>
</performance>
<performance>
<criterionID>g03</criterionID>
<value><real>40.35</real></value>
</performance>
<performance>
<criterionID>g04</criterionID>
<value><NA>NA</NA></value>
</performance>
<performance>
<criterionID>g05</criterionID>
<value><real>48.31</real></value>
</performance>
<performance>
<criterionID>g06</criterionID>
<value><real>69.51</real></value>
</performance>
<performance>
<criterionID>g07</criterionID>
<value><real>79.79</real></value>
</performance>
<performance>
<criterionID>g08</criterionID>
<value><real>73.22</real></value>
</performance>
<performance>
<criterionID>g09</criterionID>
<value><real>87.97</real></value>
</performance>
<performance>
<criterionID>g10</criterionID>
<value><real>73.48</real></value>
</performance>
<performance>
<criterionID>g11</criterionID>
<value><real>34.87</real></value>
</performance>
<performance>
<criterionID>g12</criterionID>
<value><real>63.36</real></value>
</performance>
<performance>
<criterionID>g13</criterionID>
<value><real>42.85</real></value>
</performance>
</alternativePerformances>
<alternativePerformances>
<alternativeID>a05</alternativeID>
<performance>
<criterionID>g01</criterionID>
<value><real>34.50</real></value>
</performance>
<performance>
<criterionID>g02</criterionID>
<value><real>41.63</real></value>
</performance>
<performance>
<criterionID>g03</criterionID>
<value><real>74.73</real></value>
</performance>
<performance>
<criterionID>g04</criterionID>
<value><real>17.94</real></value>
</performance>
<performance>
<criterionID>g05</criterionID>
<value><real>55.79</real></value>
</performance>
<performance>
<criterionID>g06</criterionID>
<value><real>52.78</real></value>
</performance>
<performance>
<criterionID>g07</criterionID>
<value><NA>NA</NA></value>
</performance>
<performance>
<criterionID>g08</criterionID>
<value><real>24.05</real></value>
</performance>
<performance>
<criterionID>g09</criterionID>
<value><real>61.99</real></value>
</performance>
<performance>
<criterionID>g10</criterionID>
<value><real>17.43</real></value>
</performance>
<performance>
<criterionID>g11</criterionID>
<value><real>49.06</real></value>
</performance>
<performance>
<criterionID>g12</criterionID>
<value><real>72.49</real></value>
</performance>
<performance>
<criterionID>g13</criterionID>
<value><real>38.67</real></value>
</performance>
</alternativePerformances>
<alternativePerformances>
<alternativeID>a06</alternativeID>
<performance>
<criterionID>g01</criterionID>
<value><real>28.74</real></value>
</performance>
<performance>
<criterionID>g02</criterionID>
<value><real>73.07</real></value>
</performance>
<performance>
<criterionID>g03</criterionID>
<value><real>16.69</real></value>
</performance>
<performance>
<criterionID>g04</criterionID>
<value><real>20.47</real></value>
</performance>
<performance>
<criterionID>g05</criterionID>
<value><NA>NA</NA></value>
</performance>
<performance>
<criterionID>g06</criterionID>
<value><real>20.96</real></value>
</performance>
<performance>
<criterionID>g07</criterionID>
<value><real>64.70</real></value>
</performance>
<performance>
<criterionID>g08</criterionID>
<value><real>77.63</real></value>
</performance>
<performance>
<criterionID>g09</criterionID>
<value><real>5.22</real></value>
</performance>
<performance>
<criterionID>g10</criterionID>
<value><real>56.52</real></value>
</performance>
<performance>
<criterionID>g11</criterionID>
<value><real>44.48</real></value>
</performance>
<performance>
<criterionID>g12</criterionID>
<value><real>25.11</real></value>
</performance>
<performance>
<criterionID>g13</criterionID>
<value><real>50.73</real></value>
</performance>
</alternativePerformances>
<alternativePerformances>
<alternativeID>a07</alternativeID>
<performance>
<criterionID>g01</criterionID>
<value><real>19.18</real></value>
</performance>
<performance>
<criterionID>g02</criterionID>
<value><real>78.08</real></value>
</performance>
<performance>
<criterionID>g03</criterionID>
<value><real>29.84</real></value>
</performance>
<performance>
<criterionID>g04</criterionID>
<value><real>5.13</real></value>
</performance>
<performance>
<criterionID>g05</criterionID>
<value><real>70.10</real></value>
</performance>
<performance>
<criterionID>g06</criterionID>
<value><real>36.45</real></value>
</performance>
<performance>
<criterionID>g07</criterionID>
<value><real>49.55</real></value>
</performance>
<performance>
<criterionID>g08</criterionID>
<value><real>39.55</real></value>
</performance>
<performance>
<criterionID>g09</criterionID>
<value><real>58.60</real></value>
</performance>
<performance>
<criterionID>g10</criterionID>
<value><real>59.87</real></value>
</performance>
<performance>
<criterionID>g11</criterionID>
<value><real>4.14</real></value>
</performance>
<performance>
<criterionID>g12</criterionID>
<value><real>26.34</real></value>
</performance>
<performance>
<criterionID>g13</criterionID>
<value><real>54.08</real></value>
</performance>
</alternativePerformances>
<alternativePerformances>
<alternativeID>a08</alternativeID>
<performance>
<criterionID>g01</criterionID>
<value><real>31.59</real></value>
</performance>
<performance>
<criterionID>g02</criterionID>
<value><real>43.87</real></value>
</performance>
<performance>
<criterionID>g03</criterionID>
<value><real>34.59</real></value>
</performance>
<performance>
<criterionID>g04</criterionID>
<value><real>37.88</real></value>
</performance>
<performance>
<criterionID>g05</criterionID>
<value><real>34.94</real></value>
</performance>
<performance>
<criterionID>g06</criterionID>
<value><real>28.28</real></value>
</performance>
<performance>
<criterionID>g07</criterionID>
<value><real>59.15</real></value>
</performance>
<performance>
<criterionID>g08</criterionID>
<value><real>22.93</real></value>
</performance>
<performance>
<criterionID>g09</criterionID>
<value><real>37.57</real></value>
</performance>
<performance>
<criterionID>g10</criterionID>
<value><real>21.97</real></value>
</performance>
<performance>
<criterionID>g11</criterionID>
<value><real>76.07</real></value>
</performance>
<performance>
<criterionID>g12</criterionID>
<value><real>12.82</real></value>
</performance>
<performance>
<criterionID>g13</criterionID>
<value><real>89.54</real></value>
</performance>
</alternativePerformances>
<alternativePerformances>
<alternativeID>a09</alternativeID>
<performance>
<criterionID>g01</criterionID>
<value><real>43.37</real></value>
</performance>
<performance>
<criterionID>g02</criterionID>
<value><real>57.53</real></value>
</performance>
<performance>
<criterionID>g03</criterionID>
<value><real>54.88</real></value>
</performance>
<performance>
<criterionID>g04</criterionID>
<value><real>89.85</real></value>
</performance>
<performance>
<criterionID>g05</criterionID>
<value><real>37.44</real></value>
</performance>
<performance>
<criterionID>g06</criterionID>
<value><real>63.61</real></value>
</performance>
<performance>
<criterionID>g07</criterionID>
<value><real>25.49</real></value>
</performance>
<performance>
<criterionID>g08</criterionID>
<value><real>58.37</real></value>
</performance>
<performance>
<criterionID>g09</criterionID>
<value><real>45.98</real></value>
</performance>
<performance>
<criterionID>g10</criterionID>
<value><real>48.57</real></value>
</performance>
<performance>
<criterionID>g11</criterionID>
<value><real>48.82</real></value>
</performance>
<performance>
<criterionID>g12</criterionID>
<value><real>47.11</real></value>
</performance>
<performance>
<criterionID>g13</criterionID>
<value><real>28.36</real></value>
</performance>
</alternativePerformances>
<alternativePerformances>
<alternativeID>a10</alternativeID>
<performance>
<criterionID>g01</criterionID>
<value><real>26.81</real></value>
</performance>
<performance>
<criterionID>g02</criterionID>
<value><real>41.55</real></value>
</performance>
<performance>
<criterionID>g03</criterionID>
<value><real>51.69</real></value>
</performance>
<performance>
<criterionID>g04</criterionID>
<value><real>24.06</real></value>
</performance>
<performance>
<criterionID>g05</criterionID>
<value><real>67.66</real></value>
</performance>
<performance>
<criterionID>g06</criterionID>
<value><real>40.54</real></value>
</performance>
<performance>
<criterionID>g07</criterionID>
<value><real>53.65</real></value>
</performance>
<performance>
<criterionID>g08</criterionID>
<value><real>56.03</real></value>
</performance>
<performance>
<criterionID>g09</criterionID>
<value><real>36.34</real></value>
</performance>
<performance>
<criterionID>g10</criterionID>
<value><real>29.66</real></value>
</performance>
<performance>
<criterionID>g11</criterionID>
<value><real>23.66</real></value>
</performance>
<performance>
<criterionID>g12</criterionID>
<value><real>82.72</real></value>
</performance>
<performance>
<criterionID>g13</criterionID>
<value><real>39.32</real></value>
</performance>
</alternativePerformances>
<alternativePerformances>
<alternativeID>a11</alternativeID>
<performance>
<criterionID>g01</criterionID>
<value><real>75.34</real></value>
</performance>
<performance>
<criterionID>g02</criterionID>
<value><real>71.45</real></value>
</performance>
<performance>
<criterionID>g03</criterionID>
<value><real>22.65</real></value>
</performance>
<performance>
<criterionID>g04</criterionID>
<value><real>83.14</real></value>
</performance>
<performance>
<criterionID>g05</criterionID>
<value><real>11.85</real></value>
</performance>
<performance>
<criterionID>g06</criterionID>
<value><real>39.38</real></value>
</performance>
<performance>
<criterionID>g07</criterionID>
<value><NA>NA</NA></value>
</performance>
<performance>
<criterionID>g08</criterionID>
<value><real>6.96</real></value>
</performance>
<performance>
<criterionID>g09</criterionID>
<value><real>52.02</real></value>
</performance>
<performance>
<criterionID>g10</criterionID>
<value><real>77.68</real></value>
</performance>
<performance>
<criterionID>g11</criterionID>
<value><real>30.45</real></value>
</performance>
<performance>
<criterionID>g12</criterionID>
<value><real>35.24</real></value>
</performance>
<performance>
<criterionID>g13</criterionID>
<value><real>49.16</real></value>
</performance>
</alternativePerformances>
<alternativePerformances>
<alternativeID>a12</alternativeID>
<performance>
<criterionID>g01</criterionID>
<value><real>48.87</real></value>
</performance>
<performance>
<criterionID>g02</criterionID>
<value><real>72.10</real></value>
</performance>
<performance>
<criterionID>g03</criterionID>
<value><real>17.25</real></value>
</performance>
<performance>
<criterionID>g04</criterionID>
<value><real>58.59</real></value>
</performance>
<performance>
<criterionID>g05</criterionID>
<value><real>79.96</real></value>
</performance>
<performance>
<criterionID>g06</criterionID>
<value><real>51.14</real></value>
</performance>
<performance>
<criterionID>g07</criterionID>
<value><real>65.09</real></value>
</performance>
<performance>
<criterionID>g08</criterionID>
<value><real>43.19</real></value>
</performance>
<performance>
<criterionID>g09</criterionID>
<value><real>57.27</real></value>
</performance>
<performance>
<criterionID>g10</criterionID>
<value><real>57.47</real></value>
</performance>
<performance>
<criterionID>g11</criterionID>
<value><real>41.93</real></value>
</performance>
<performance>
<criterionID>g12</criterionID>
<value><real>27.36</real></value>
</performance>
<performance>
<criterionID>g13</criterionID>
<value><NA>NA</NA></value>
</performance>
</alternativePerformances>
<alternativePerformances>
<alternativeID>a13</alternativeID>
<performance>
<criterionID>g01</criterionID>
<value><real>26.37</real></value>
</performance>
<performance>
<criterionID>g02</criterionID>
<value><real>46.25</real></value>
</performance>
<performance>
<criterionID>g03</criterionID>
<value><real>15.51</real></value>
</performance>
<performance>
<criterionID>g04</criterionID>
<value><real>8.52</real></value>
</performance>
<performance>
<criterionID>g05</criterionID>
<value><real>67.22</real></value>
</performance>
<performance>
<criterionID>g06</criterionID>
<value><real>66.85</real></value>
</performance>
<performance>
<criterionID>g07</criterionID>
<value><real>60.95</real></value>
</performance>
<performance>
<criterionID>g08</criterionID>
<value><real>57.88</real></value>
</performance>
<performance>
<criterionID>g09</criterionID>
<value><real>50.25</real></value>
</performance>
<performance>
<criterionID>g10</criterionID>
<value><NA>NA</NA></value>
</performance>
<performance>
<criterionID>g11</criterionID>
<value><NA>NA</NA></value>
</performance>
<performance>
<criterionID>g12</criterionID>
<value><real>31.81</real></value>
</performance>
<performance>
<criterionID>g13</criterionID>
<value><real>23.84</real></value>
</performance>
</alternativePerformances>
<alternativePerformances>
<alternativeID>a14</alternativeID>
<performance>
<criterionID>g01</criterionID>
<value><real>44.02</real></value>
</performance>
<performance>
<criterionID>g02</criterionID>
<value><real>61.14</real></value>
</performance>
<performance>
<criterionID>g03</criterionID>
<value><real>8.52</real></value>
</performance>
<performance>
<criterionID>g04</criterionID>
<value><real>84.11</real></value>
</performance>
<performance>
<criterionID>g05</criterionID>
<value><NA>NA</NA></value>
</performance>
<performance>
<criterionID>g06</criterionID>
<value><real>77.52</real></value>
</performance>
<performance>
<criterionID>g07</criterionID>
<value><real>81.58</real></value>
</performance>
<performance>
<criterionID>g08</criterionID>
<value><real>53.99</real></value>
</performance>
<performance>
<criterionID>g09</criterionID>
<value><real>73.77</real></value>
</performance>
<performance>
<criterionID>g10</criterionID>
<value><real>12.72</real></value>
</performance>
<performance>
<criterionID>g11</criterionID>
<value><real>47.21</real></value>
</performance>
<performance>
<criterionID>g12</criterionID>
<value><real>18.65</real></value>
</performance>
<performance>
<criterionID>g13</criterionID>
<value><real>46.25</real></value>
</performance>
</alternativePerformances>
<alternativePerformances>
<alternativeID>a15</alternativeID>
<performance>
<criterionID>g01</criterionID>
<value><NA>NA</NA></value>
</performance>
<performance>
<criterionID>g02</criterionID>
<value><real>49.22</real></value>
</performance>
<performance>
<criterionID>g03</criterionID>
<value><real>88.42</real></value>
</performance>
<performance>
<criterionID>g04</criterionID>
<value><real>52.03</real></value>
</performance>
<performance>
<criterionID>g05</criterionID>
<value><NA>NA</NA></value>
</performance>
<performance>
<criterionID>g06</criterionID>
<value><real>55.87</real></value>
</performance>
<performance>
<criterionID>g07</criterionID>
<value><real>39.24</real></value>
</performance>
<performance>
<criterionID>g08</criterionID>
<value><real>68.94</real></value>
</performance>
<performance>
<criterionID>g09</criterionID>
<value><real>87.86</real></value>
</performance>
<performance>
<criterionID>g10</criterionID>
<value><real>14.69</real></value>
</performance>
<performance>
<criterionID>g11</criterionID>
<value><real>56.24</real></value>
</performance>
<performance>
<criterionID>g12</criterionID>
<value><real>26.23</real></value>
</performance>
<performance>
<criterionID>g13</criterionID>
<value><real>46.82</real></value>
</performance>
</alternativePerformances>
<alternativePerformances>
<alternativeID>a16</alternativeID>
<performance>
<criterionID>g01</criterionID>
<value><real>22.77</real></value>
</performance>
<performance>
<criterionID>g02</criterionID>
<value><real>19.32</real></value>
</performance>
<performance>
<criterionID>g03</criterionID>
<value><real>81.22</real></value>
</performance>
<performance>
<criterionID>g04</criterionID>
<value><real>65.57</real></value>
</performance>
<performance>
<criterionID>g05</criterionID>
<value><real>88.36</real></value>
</performance>
<performance>
<criterionID>g06</criterionID>
<value><real>46.27</real></value>
</performance>
<performance>
<criterionID>g07</criterionID>
<value><real>67.17</real></value>
</performance>
<performance>
<criterionID>g08</criterionID>
<value><real>27.78</real></value>
</performance>
<performance>
<criterionID>g09</criterionID>
<value><real>82.79</real></value>
</performance>
<performance>
<criterionID>g10</criterionID>
<value><real>89.80</real></value>
</performance>
<performance>
<criterionID>g11</criterionID>
<value><real>15.62</real></value>
</performance>
<performance>
<criterionID>g12</criterionID>
<value><real>91.35</real></value>
</performance>
<performance>
<criterionID>g13</criterionID>
<value><real>27.11</real></value>
</performance>
</alternativePerformances>
<alternativePerformances>
<alternativeID>a17</alternativeID>
<performance>
<criterionID>g01</criterionID>
<value><real>82.79</real></value>
</performance>
<performance>
<criterionID>g02</criterionID>
<value><real>28.29</real></value>
</performance>
<performance>
<criterionID>g03</criterionID>
<value><real>26.38</real></value>
</performance>
<performance>
<criterionID>g04</criterionID>
<value><real>95.29</real></value>
</performance>
<performance>
<criterionID>g05</criterionID>
<value><real>83.68</real></value>
</performance>
<performance>
<criterionID>g06</criterionID>
<value><real>26.43</real></value>
</performance>
<performance>
<criterionID>g07</criterionID>
<value><NA>NA</NA></value>
</performance>
<performance>
<criterionID>g08</criterionID>
<value><real>3.57</real></value>
</performance>
<performance>
<criterionID>g09</criterionID>
<value><real>74.69</real></value>
</performance>
<performance>
<criterionID>g10</criterionID>
<value><real>56.93</real></value>
</performance>
<performance>
<criterionID>g11</criterionID>
<value><real>83.30</real></value>
</performance>
<performance>
<criterionID>g12</criterionID>
<value><real>42.82</real></value>
</performance>
<performance>
<criterionID>g13</criterionID>
<value><real>85.09</real></value>
</performance>
</alternativePerformances>
<alternativePerformances>
<alternativeID>a18</alternativeID>
<performance>
<criterionID>g01</criterionID>
<value><real>80.75</real></value>
</performance>
<performance>
<criterionID>g02</criterionID>
<value><real>41.46</real></value>
</performance>
<performance>
<criterionID>g03</criterionID>
<value><real>75.66</real></value>
</performance>
<performance>
<criterionID>g04</criterionID>
<value><real>31.91</real></value>
</performance>
<performance>
<criterionID>g05</criterionID>
<value><real>22.85</real></value>
</performance>
<performance>
<criterionID>g06</criterionID>
<value><NA>NA</NA></value>
</performance>
<performance>
<criterionID>g07</criterionID>
<value><real>35.86</real></value>
</performance>
<performance>
<criterionID>g08</criterionID>
<value><real>63.66</real></value>
</performance>
<performance>
<criterionID>g09</criterionID>
<value><real>47.99</real></value>
</performance>
<performance>
<criterionID>g10</criterionID>
<value><real>77.06</real></value>
</performance>
<performance>
<criterionID>g11</criterionID>
<value><real>32.87</real></value>
</performance>
<performance>
<criterionID>g12</criterionID>
<value><real>40.67</real></value>
</performance>
<performance>
<criterionID>g13</criterionID>
<value><real>1.29</real></value>
</performance>
</alternativePerformances>
<alternativePerformances>
<alternativeID>a19</alternativeID>
<performance>
<criterionID>g01</criterionID>
<value><real>74.18</real></value>
</performance>
<performance>
<criterionID>g02</criterionID>
<value><NA>NA</NA></value>
</performance>
<performance>
<criterionID>g03</criterionID>
<value><real>89.07</real></value>
</performance>
<performance>
<criterionID>g04</criterionID>
<value><real>74.91</real></value>
</performance>
<performance>
<criterionID>g05</criterionID>
<value><real>74.98</real></value>
</performance>
<performance>
<criterionID>g06</criterionID>
<value><real>30.96</real></value>
</performance>
<performance>
<criterionID>g07</criterionID>
<value><real>70.38</real></value>
</performance>
<performance>
<criterionID>g08</criterionID>
<value><real>66.72</real></value>
</performance>
<performance>
<criterionID>g09</criterionID>
<value><real>95.60</real></value>
</performance>
<performance>
<criterionID>g10</criterionID>
<value><real>77.91</real></value>
</performance>
<performance>
<criterionID>g11</criterionID>
<value><real>37.04</real></value>
</performance>
<performance>
<criterionID>g12</criterionID>
<value><real>21.46</real></value>
</performance>
<performance>
<criterionID>g13</criterionID>
<value><real>58.42</real></value>
</performance>
</alternativePerformances>
<alternativePerformances>
<alternativeID>a20</alternativeID>
<performance>
<criterionID>g01</criterionID>
<value><real>23.73</real></value>
</performance>
<performance>
<criterionID>g02</criterionID>
<value><real>95.69</real></value>
</performance>
<performance>
<criterionID>g03</criterionID>
<value><real>23.89</real></value>
</performance>
<performance>
<criterionID>g04</criterionID>
<value><real>9.06</real></value>
</performance>
<performance>
<criterionID>g05</criterionID>
<value><real>30.85</real></value>
</performance>
<performance>
<criterionID>g06</criterionID>
<value><real>80.37</real></value>
</performance>
<performance>
<criterionID>g07</criterionID>
<value><real>32.81</real></value>
</performance>
<performance>
<criterionID>g08</criterionID>
<value><real>69.52</real></value>
</performance>
<performance>
<criterionID>g09</criterionID>
<value><real>23.59</real></value>
</performance>
<performance>
<criterionID>g10</criterionID>
<value><real>33.17</real></value>
</performance>
<performance>
<criterionID>g11</criterionID>
<value><real>25.12</real></value>
</performance>
<performance>
<criterionID>g12</criterionID>
<value><NA>NA</NA></value>
</performance>
<performance>
<criterionID>g13</criterionID>
<value><real>59.04</real></value>
</performance>
</alternativePerformances>
</performanceTable>
</xmcda:XMCDA>
