<?xml version="1.0" encoding="UTF-8"?>
<?xml-stylesheet type="text/xsl" href="xmcda2Rubis.xsl"?>
<xmcda:XMCDA xmlns:xsi="http://www.w3.org/2001/XMLSchema-instance" xsi:schemaLocation="http://www.decision-deck.org/2009/XMCDA-2.0.0 http://www.decision-deck.org/xmcda/_downloads/XMCDA-2.0.0.xsd" xmlns:xmcda="http://www.decision-deck.org/2009/XMCDA-2.0.0" instanceID="void">
<projectReference id="3ObjPerfTab1" name="3ObjPerfTab1.xml">
<title>Performance Tableau in XMCDA-2.0 format.</title>
<author>digraphs Module (RB)</author>
<version>saved from Python session</version>
<comment>produced by saveXMCDA2()</comment>
</projectReference>
<methodParameters id="Rubis" name="Rubis best choice method" mcdaConcept="methodData">
<description>
<subTitle>Method parameters</subTitle>
<version>1.0</version>
</description>
<parameters>
<parameter name="variant">
<value>
<label>Rubis</label>
</value>
</parameter>
<parameter name="valuationType">
<value>
<label>bipolar</label>
</value>
</parameter>
</parameters>
</methodParameters>
<alternatives mcdaConcept="alternatives">
<description>
<subTitle>Potential decision actions.</subTitle>
</description>
<alternative id="a01" name="random decision action Eco+ Soc~ Env~" mcdaConcept="potentialDecisionAction">
<description>
<comment>3 Objectives</comment>
</description>
<type>real</type>
<active>true</active>
</alternative>
<alternative id="a02" name="random decision action Eco+ Soc- Env~" mcdaConcept="potentialDecisionAction">
<description>
<comment>3 Objectives</comment>
</description>
<type>real</type>
<active>true</active>
</alternative>
<alternative id="a03" name="random decision action Eco- Soc~ Env~" mcdaConcept="potentialDecisionAction">
<description>
<comment>3 Objectives</comment>
</description>
<type>real</type>
<active>true</active>
</alternative>
<alternative id="a04" name="random decision action Eco- Soc+ Env-" mcdaConcept="potentialDecisionAction">
<description>
<comment>3 Objectives</comment>
</description>
<type>real</type>
<active>true</active>
</alternative>
<alternative id="a05" name="random decision action Eco+ Soc+ Env-" mcdaConcept="potentialDecisionAction">
<description>
<comment>3 Objectives</comment>
</description>
<type>real</type>
<active>true</active>
</alternative>
<alternative id="a06" name="random decision action Eco~ Soc~ Env+" mcdaConcept="potentialDecisionAction">
<description>
<comment>3 Objectives</comment>
</description>
<type>real</type>
<active>true</active>
</alternative>
<alternative id="a07" name="random decision action Eco- Soc- Env+" mcdaConcept="potentialDecisionAction">
<description>
<comment>3 Objectives</comment>
</description>
<type>real</type>
<active>true</active>
</alternative>
<alternative id="a08" name="random decision action Eco~ Soc+ Env~" mcdaConcept="potentialDecisionAction">
<description>
<comment>3 Objectives</comment>
</description>
<type>real</type>
<active>true</active>
</alternative>
<alternative id="a09" name="random decision action Eco+ Soc+ Env+" mcdaConcept="potentialDecisionAction">
<description>
<comment>3 Objectives</comment>
</description>
<type>real</type>
<active>true</active>
</alternative>
<alternative id="a10" name="random decision action Eco+ Soc~ Env~" mcdaConcept="potentialDecisionAction">
<description>
<comment>3 Objectives</comment>
</description>
<type>real</type>
<active>true</active>
</alternative>
<alternative id="a11" name="random decision action Eco- Soc~ Env+" mcdaConcept="potentialDecisionAction">
<description>
<comment>3 Objectives</comment>
</description>
<type>real</type>
<active>true</active>
</alternative>
<alternative id="a12" name="random decision action Eco~ Soc~ Env-" mcdaConcept="potentialDecisionAction">
<description>
<comment>3 Objectives</comment>
</description>
<type>real</type>
<active>true</active>
</alternative>
<alternative id="a13" name="random decision action Eco~ Soc~ Env+" mcdaConcept="potentialDecisionAction">
<description>
<comment>3 Objectives</comment>
</description>
<type>real</type>
<active>true</active>
</alternative>
<alternative id="a14" name="random decision action Eco- Soc- Env+" mcdaConcept="potentialDecisionAction">
<description>
<comment>3 Objectives</comment>
</description>
<type>real</type>
<active>true</active>
</alternative>
<alternative id="a15" name="random decision action Eco+ Soc+ Env-" mcdaConcept="potentialDecisionAction">
<description>
<comment>3 Objectives</comment>
</description>
<type>real</type>
<active>true</active>
</alternative>
<alternative id="a16" name="random decision action Eco~ Soc+ Env-" mcdaConcept="potentialDecisionAction">
<description>
<comment>3 Objectives</comment>
</description>
<type>real</type>
<active>true</active>
</alternative>
<alternative id="a17" name="random decision action Eco+ Soc+ Env+" mcdaConcept="potentialDecisionAction">
<description>
<comment>3 Objectives</comment>
</description>
<type>real</type>
<active>true</active>
</alternative>
<alternative id="a18" name="random decision action Eco+ Soc- Env+" mcdaConcept="potentialDecisionAction">
<description>
<comment>3 Objectives</comment>
</description>
<type>real</type>
<active>true</active>
</alternative>
<alternative id="a19" name="random decision action Eco~ Soc- Env~" mcdaConcept="potentialDecisionAction">
<description>
<comment>3 Objectives</comment>
</description>
<type>real</type>
<active>true</active>
</alternative>
<alternative id="a20" name="random decision action Eco+ Soc- Env-" mcdaConcept="potentialDecisionAction">
<description>
<comment>3 Objectives</comment>
</description>
<type>real</type>
<active>true</active>
</alternative>
</alternatives>
<objectives mcdaConcept="objectives">
<description>
<subTitle>Set of decision objectives</subTitle>
</description>
<objective id="Eco" name="Economical aspect" mcdaConcept="objective">
<description>
<comment>No comment</comment>
<version>Rubis</version>
</description>
<active>true</active>
<weight><value><real>72.00</real></value></weight>
<objectiveCriteria>['g01', 'g04', 'g07']</objectiveCriteria>
</objective>
<objective id="Env" name="Environmental aspect" mcdaConcept="objective">
<description>
<comment>No comment</comment>
<version>Rubis</version>
</description>
<active>true</active>
<weight><value><real>72.00</real></value></weight>
<objectiveCriteria>['g03', 'g08', 'g10', 'g13']</objectiveCriteria>
</objective>
<objective id="Soc" name="Societal aspect" mcdaConcept="objective">
<description>
<comment>No comment</comment>
<version>Rubis</version>
</description>
<active>true</active>
<weight><value><real>72.00</real></value></weight>
<objectiveCriteria>['g02', 'g05', 'g06', 'g09', 'g11', 'g12']</objectiveCriteria>
</objective>
</objectives>
<criteria mcdaConcept="criteria">
<description>
<subTitle>Family of criteria.</subTitle>
</description>
<criterion id="g01" name="criterion of objective Eco" mcdaConcept="criterion">
<description>
<comment>Variable triangular performance generator with low (-), medium (~) or high (+) parameters.</comment>
<version>performance</version>
</description>
<active>true</active>
<criterionObjective>Eco</criterionObjective>
<criterionValue><value><real>24.00</real></value></criterionValue>
<scale>
<quantitative>
<preferenceDirection>max</preferenceDirection>
<minimum><real>0.00</real></minimum>
<maximum><real>100.00</real></maximum>
</quantitative>
</scale>
<thresholds>
<threshold id="ind" name="indifference" mcdaConcept="performanceDiscriminationThreshold">
<constant>
<real>5.00</real>
</constant>
</threshold>
<threshold id="pref" name="preference" mcdaConcept="performanceDiscriminationThreshold">
<constant>
<real>10.00</real>
</constant>
</threshold>
<threshold id="veto" name="veto" mcdaConcept="performanceDiscriminationThreshold">
<constant>
<real>60.00</real>
</constant>
</threshold>
</thresholds>
</criterion>
<criterion id="g02" name="criterion of objective Soc" mcdaConcept="criterion">
<description>
<comment>Variable triangular performance generator with low (-), medium (~) or high (+) parameters.</comment>
<version>performance</version>
</description>
<active>true</active>
<criterionObjective>Soc</criterionObjective>
<criterionValue><value><real>12.00</real></value></criterionValue>
<scale>
<quantitative>
<preferenceDirection>max</preferenceDirection>
<minimum><real>0.00</real></minimum>
<maximum><real>100.00</real></maximum>
</quantitative>
</scale>
<thresholds>
<threshold id="ind" name="indifference" mcdaConcept="performanceDiscriminationThreshold">
<constant>
<real>5.00</real>
</constant>
</threshold>
<threshold id="pref" name="preference" mcdaConcept="performanceDiscriminationThreshold">
<constant>
<real>10.00</real>
</constant>
</threshold>
<threshold id="veto" name="veto" mcdaConcept="performanceDiscriminationThreshold">
<constant>
<real>60.00</real>
</constant>
</threshold>
</thresholds>
</criterion>
<criterion id="g03" name="criterion of objective Env" mcdaConcept="criterion">
<description>
<comment>Variable triangular performance generator with low (-), medium (~) or high (+) parameters.</comment>
<version>performance</version>
</description>
<active>true</active>
<criterionObjective>Env</criterionObjective>
<criterionValue><value><real>18.00</real></value></criterionValue>
<scale>
<quantitative>
<preferenceDirection>max</preferenceDirection>
<minimum><real>0.00</real></minimum>
<maximum><real>100.00</real></maximum>
</quantitative>
</scale>
<thresholds>
<threshold id="ind" name="indifference" mcdaConcept="performanceDiscriminationThreshold">
<constant>
<real>5.00</real>
</constant>
</threshold>
<threshold id="pref" name="preference" mcdaConcept="performanceDiscriminationThreshold">
<constant>
<real>10.00</real>
</constant>
</threshold>
</thresholds>
</criterion>
<criterion id="g04" name="criterion of objective Eco" mcdaConcept="criterion">
<description>
<comment>Variable triangular performance generator with low (-), medium (~) or high (+) parameters.</comment>
<version>performance</version>
</description>
<active>true</active>
<criterionObjective>Eco</criterionObjective>
<criterionValue><value><real>24.00</real></value></criterionValue>
<scale>
<quantitative>
<preferenceDirection>max</preferenceDirection>
<minimum><real>0.00</real></minimum>
<maximum><real>100.00</real></maximum>
</quantitative>
</scale>
<thresholds>
<threshold id="ind" name="indifference" mcdaConcept="performanceDiscriminationThreshold">
<constant>
<real>5.00</real>
</constant>
</threshold>
<threshold id="pref" name="preference" mcdaConcept="performanceDiscriminationThreshold">
<constant>
<real>10.00</real>
</constant>
</threshold>
</thresholds>
</criterion>
<criterion id="g05" name="criterion of objective Soc" mcdaConcept="criterion">
<description>
<comment>Variable triangular performance generator with low (-), medium (~) or high (+) parameters.</comment>
<version>performance</version>
</description>
<active>true</active>
<criterionObjective>Soc</criterionObjective>
<criterionValue><value><real>12.00</real></value></criterionValue>
<scale>
<quantitative>
<preferenceDirection>max</preferenceDirection>
<minimum><real>0.00</real></minimum>
<maximum><real>100.00</real></maximum>
</quantitative>
</scale>
<thresholds>
<threshold id="ind" name="indifference" mcdaConcept="performanceDiscriminationThreshold">
<constant>
<real>5.00</real>
</constant>
</threshold>
<threshold id="pref" name="preference" mcdaConcept="performanceDiscriminationThreshold">
<constant>
<real>10.00</real>
</constant>
</threshold>
</thresholds>
</criterion>
<criterion id="g06" name="criterion of objective Soc" mcdaConcept="criterion">
<description>
<comment>Variable triangular performance generator with low (-), medium (~) or high (+) parameters.</comment>
<version>performance</version>
</description>
<active>true</active>
<criterionObjective>Soc</criterionObjective>
<criterionValue><value><real>12.00</real></value></criterionValue>
<scale>
<quantitative>
<preferenceDirection>max</preferenceDirection>
<minimum><real>0.00</real></minimum>
<maximum><real>100.00</real></maximum>
</quantitative>
</scale>
<thresholds>
<threshold id="ind" name="indifference" mcdaConcept="performanceDiscriminationThreshold">
<constant>
<real>5.00</real>
</constant>
</threshold>
<threshold id="pref" name="preference" mcdaConcept="performanceDiscriminationThreshold">
<constant>
<real>10.00</real>
</constant>
</threshold>
<threshold id="veto" name="veto" mcdaConcept="performanceDiscriminationThreshold">
<constant>
<real>60.00</real>
</constant>
</threshold>
</thresholds>
</criterion>
<criterion id="g07" name="criterion of objective Eco" mcdaConcept="criterion">
<description>
<comment>Variable triangular performance generator with low (-), medium (~) or high (+) parameters.</comment>
<version>performance</version>
</description>
<active>true</active>
<criterionObjective>Eco</criterionObjective>
<criterionValue><value><real>24.00</real></value></criterionValue>
<scale>
<quantitative>
<preferenceDirection>max</preferenceDirection>
<minimum><real>0.00</real></minimum>
<maximum><real>100.00</real></maximum>
</quantitative>
</scale>
<thresholds>
<threshold id="ind" name="indifference" mcdaConcept="performanceDiscriminationThreshold">
<constant>
<real>5.00</real>
</constant>
</threshold>
<threshold id="pref" name="preference" mcdaConcept="performanceDiscriminationThreshold">
<constant>
<real>10.00</real>
</constant>
</threshold>
</thresholds>
</criterion>
<criterion id="g08" name="criterion of objective Env" mcdaConcept="criterion">
<description>
<comment>Variable triangular performance generator with low (-), medium (~) or high (+) parameters.</comment>
<version>performance</version>
</description>
<active>true</active>
<criterionObjective>Env</criterionObjective>
<criterionValue><value><real>18.00</real></value></criterionValue>
<scale>
<quantitative>
<preferenceDirection>max</preferenceDirection>
<minimum><real>0.00</real></minimum>
<maximum><real>100.00</real></maximum>
</quantitative>
</scale>
<thresholds>
<threshold id="ind" name="indifference" mcdaConcept="performanceDiscriminationThreshold">
<constant>
<real>5.00</real>
</constant>
</threshold>
<threshold id="pref" name="preference" mcdaConcept="performanceDiscriminationThreshold">
<constant>
<real>10.00</real>
</constant>
</threshold>
</thresholds>
</criterion>
<criterion id="g09" name="criterion of objective Soc" mcdaConcept="criterion">
<description>
<comment>Variable triangular performance generator with low (-), medium (~) or high (+) parameters.</comment>
<version>performance</version>
</description>
<active>true</active>
<criterionObjective>Soc</criterionObjective>
<criterionValue><value><real>12.00</real></value></criterionValue>
<scale>
<quantitative>
<preferenceDirection>max</preferenceDirection>
<minimum><real>0.00</real></minimum>
<maximum><real>100.00</real></maximum>
</quantitative>
</scale>
<thresholds>
<threshold id="ind" name="indifference" mcdaConcept="performanceDiscriminationThreshold">
<constant>
<real>5.00</real>
</constant>
</threshold>
<threshold id="pref" name="preference" mcdaConcept="performanceDiscriminationThreshold">
<constant>
<real>10.00</real>
</constant>
</threshold>
<threshold id="veto" name="veto" mcdaConcept="performanceDiscriminationThreshold">
<constant>
<real>60.00</real>
</constant>
</threshold>
</thresholds>
</criterion>
<criterion id="g10" name="criterion of objective Env" mcdaConcept="criterion">
<description>
<comment>Variable triangular performance generator with low (-), medium (~) or high (+) parameters.</comment>
<version>performance</version>
</description>
<active>true</active>
<criterionObjective>Env</criterionObjective>
<criterionValue><value><real>18.00</real></value></criterionValue>
<scale>
<quantitative>
<preferenceDirection>max</preferenceDirection>
<minimum><real>0.00</real></minimum>
<maximum><real>100.00</real></maximum>
</quantitative>
</scale>
<thresholds>
<threshold id="ind" name="indifference" mcdaConcept="performanceDiscriminationThreshold">
<constant>
<real>5.00</real>
</constant>
</threshold>
<threshold id="pref" name="preference" mcdaConcept="performanceDiscriminationThreshold">
<constant>
<real>10.00</real>
</constant>
</threshold>
<threshold id="veto" name="veto" mcdaConcept="performanceDiscriminationThreshold">
<constant>
<real>60.00</real>
</constant>
</threshold>
</thresholds>
</criterion>
<criterion id="g11" name="criterion of objective Soc" mcdaConcept="criterion">
<description>
<comment>Variable triangular performance generator with low (-), medium (~) or high (+) parameters.</comment>
<version>performance</version>
</description>
<active>true</active>
<criterionObjective>Soc</criterionObjective>
<criterionValue><value><real>12.00</real></value></criterionValue>
<scale>
<quantitative>
<preferenceDirection>max</preferenceDirection>
<minimum><real>0.00</real></minimum>
<maximum><real>100.00</real></maximum>
</quantitative>
</scale>
<thresholds>
<threshold id="ind" name="indifference" mcdaConcept="performanceDiscriminationThreshold">
<constant>
<real>5.00</real>
</constant>
</threshold>
<threshold id="pref" name="preference" mcdaConcept="performanceDiscriminationThreshold">
<constant>
<real>10.00</real>
</constant>
</threshold>
<threshold id="veto" name="veto" mcdaConcept="performanceDiscriminationThreshold">
<constant>
<real>60.00</real>
</constant>
</threshold>
</thresholds>
</criterion>
<criterion id="g12" name="criterion of objective Soc" mcdaConcept="criterion">
<description>
<comment>Variable triangular performance generator with low (-), medium (~) or high (+) parameters.</comment>
<version>performance</version>
</description>
<active>true</active>
<criterionObjective>Soc</criterionObjective>
<criterionValue><value><real>12.00</real></value></criterionValue>
<scale>
<quantitative>
<preferenceDirection>max</preferenceDirection>
<minimum><real>0.00</real></minimum>
<maximum><real>100.00</real></maximum>
</quantitative>
</scale>
<thresholds>
<threshold id="ind" name="indifference" mcdaConcept="performanceDiscriminationThreshold">
<constant>
<real>5.00</real>
</constant>
</threshold>
<threshold id="pref" name="preference" mcdaConcept="performanceDiscriminationThreshold">
<constant>
<real>10.00</real>
</constant>
</threshold>
</thresholds>
</criterion>
<criterion id="g13" name="criterion of objective Env" mcdaConcept="criterion">
<description>
<comment>Variable triangular performance generator with low (-), medium (~) or high (+) parameters.</comment>
<version>performance</version>
</description>
<active>true</active>
<criterionObjective>Env</criterionObjective>
<criterionValue><value><real>18.00</real></value></criterionValue>
<scale>
<quantitative>
<preferenceDirection>max</preferenceDirection>
<minimum><real>0.00</real></minimum>
<maximum><real>100.00</real></maximum>
</quantitative>
</scale>
<thresholds>
<threshold id="ind" name="indifference" mcdaConcept="performanceDiscriminationThreshold">
<constant>
<real>5.00</real>
</constant>
</threshold>
<threshold id="pref" name="preference" mcdaConcept="performanceDiscriminationThreshold">
<constant>
<real>10.00</real>
</constant>
</threshold>
</thresholds>
</criterion>
</criteria>
<performanceTable mcdaConcept="performanceTable">
<description>
<subTitle>Rubis Performance Table.</subTitle>
</description>
<alternativePerformances>
<alternativeID>a01</alternativeID>
<performance>
<criterionID>g01</criterionID>
<value><real>37.78</real></value>
</performance>
<performance>
<criterionID>g02</criterionID>
<value><real>50.75</real></value>
</performance>
<performance>
<criterionID>g03</criterionID>
<value><real>66.21</real></value>
</performance>
<performance>
<criterionID>g04</criterionID>
<value><real>34.65</real></value>
</performance>
<performance>
<criterionID>g05</criterionID>
<value><real>26.86</real></value>
</performance>
<performance>
<criterionID>g06</criterionID>
<value><real>15.10</real></value>
</performance>
<performance>
<criterionID>g07</criterionID>
<value><real>78.68</real></value>
</performance>
<performance>
<criterionID>g08</criterionID>
<value><real>73.92</real></value>
</performance>
<performance>
<criterionID>g09</criterionID>
<value><real>32.46</real></value>
</performance>
<performance>
<criterionID>g10</criterionID>
<value><real>39.34</real></value>
</performance>
<performance>
<criterionID>g11</criterionID>
<value><NA>NA</NA></value>
</performance>
<performance>
<criterionID>g12</criterionID>
<value><real>47.20</real></value>
</performance>
<performance>
<criterionID>g13</criterionID>
<value><real>44.72</real></value>
</performance>
</alternativePerformances>
<alternativePerformances>
<alternativeID>a02</alternativeID>
<performance>
<criterionID>g01</criterionID>
<value><real>72.54</real></value>
</performance>
<performance>
<criterionID>g02</criterionID>
<value><real>12.54</real></value>
</performance>
<performance>
<criterionID>g03</criterionID>
<value><real>50.87</real></value>
</performance>
<performance>
<criterionID>g04</criterionID>
<value><real>70.55</real></value>
</performance>
<performance>
<criterionID>g05</criterionID>
<value><real>35.92</real></value>
</performance>
<performance>
<criterionID>g06</criterionID>
<value><real>10.99</real></value>
</performance>
<performance>
<criterionID>g07</criterionID>
<value><real>49.05</real></value>
</performance>
<performance>
<criterionID>g08</criterionID>
<value><real>60.51</real></value>
</performance>
<performance>
<criterionID>g09</criterionID>
<value><real>27.93</real></value>
</performance>
<performance>
<criterionID>g10</criterionID>
<value><real>9.96</real></value>
</performance>
<performance>
<criterionID>g11</criterionID>
<value><real>26.79</real></value>
</performance>
<performance>
<criterionID>g12</criterionID>
<value><real>22.27</real></value>
</performance>
<performance>
<criterionID>g13</criterionID>
<value><real>54.30</real></value>
</performance>
</alternativePerformances>
<alternativePerformances>
<alternativeID>a03</alternativeID>
<performance>
<criterionID>g01</criterionID>
<value><real>16.33</real></value>
</performance>
<performance>
<criterionID>g02</criterionID>
<value><real>50.50</real></value>
</performance>
<performance>
<criterionID>g03</criterionID>
<value><real>54.32</real></value>
</performance>
<performance>
<criterionID>g04</criterionID>
<value><real>9.83</real></value>
</performance>
<performance>
<criterionID>g05</criterionID>
<value><real>47.54</real></value>
</performance>
<performance>
<criterionID>g06</criterionID>
<value><real>65.64</real></value>
</performance>
<performance>
<criterionID>g07</criterionID>
<value><real>53.44</real></value>
</performance>
<performance>
<criterionID>g08</criterionID>
<value><real>40.95</real></value>
</performance>
<performance>
<criterionID>g09</criterionID>
<value><real>39.57</real></value>
</performance>
<performance>
<criterionID>g10</criterionID>
<value><real>59.49</real></value>
</performance>
<performance>
<criterionID>g11</criterionID>
<value><real>86.81</real></value>
</performance>
<performance>
<criterionID>g12</criterionID>
<value><NA>NA</NA></value>
</performance>
<performance>
<criterionID>g13</criterionID>
<value><real>24.57</real></value>
</performance>
</alternativePerformances>
<alternativePerformances>
<alternativeID>a04</alternativeID>
<performance>
<criterionID>g01</criterionID>
<value><real>85.67</real></value>
</performance>
<performance>
<criterionID>g02</criterionID>
<value><real>22.65</real></value>
</performance>
<performance>
<criterionID>g03</criterionID>
<value><real>69.71</real></value>
</performance>
<performance>
<criterionID>g04</criterionID>
<value><real>32.96</real></value>
</performance>
<performance>
<criterionID>g05</criterionID>
<value><real>32.52</real></value>
</performance>
<performance>
<criterionID>g06</criterionID>
<value><real>29.82</real></value>
</performance>
<performance>
<criterionID>g07</criterionID>
<value><real>24.45</real></value>
</performance>
<performance>
<criterionID>g08</criterionID>
<value><NA>NA</NA></value>
</performance>
<performance>
<criterionID>g09</criterionID>
<value><real>78.45</real></value>
</performance>
<performance>
<criterionID>g10</criterionID>
<value><real>48.08</real></value>
</performance>
<performance>
<criterionID>g11</criterionID>
<value><real>17.61</real></value>
</performance>
<performance>
<criterionID>g12</criterionID>
<value><real>78.08</real></value>
</performance>
<performance>
<criterionID>g13</criterionID>
<value><real>18.37</real></value>
</performance>
</alternativePerformances>
<alternativePerformances>
<alternativeID>a05</alternativeID>
<performance>
<criterionID>g01</criterionID>
<value><real>91.51</real></value>
</performance>
<performance>
<criterionID>g02</criterionID>
<value><real>91.60</real></value>
</performance>
<performance>
<criterionID>g03</criterionID>
<value><real>28.41</real></value>
</performance>
<performance>
<criterionID>g04</criterionID>
<value><real>30.57</real></value>
</performance>
<performance>
<criterionID>g05</criterionID>
<value><real>52.00</real></value>
</performance>
<performance>
<criterionID>g06</criterionID>
<value><real>62.37</real></value>
</performance>
<performance>
<criterionID>g07</criterionID>
<value><NA>NA</NA></value>
</performance>
<performance>
<criterionID>g08</criterionID>
<value><real>77.04</real></value>
</performance>
<performance>
<criterionID>g09</criterionID>
<value><real>73.91</real></value>
</performance>
<performance>
<criterionID>g10</criterionID>
<value><real>7.69</real></value>
</performance>
<performance>
<criterionID>g11</criterionID>
<value><real>36.22</real></value>
</performance>
<performance>
<criterionID>g12</criterionID>
<value><real>72.84</real></value>
</performance>
<performance>
<criterionID>g13</criterionID>
<value><real>26.03</real></value>
</performance>
</alternativePerformances>
<alternativePerformances>
<alternativeID>a06</alternativeID>
<performance>
<criterionID>g01</criterionID>
<value><real>75.31</real></value>
</performance>
<performance>
<criterionID>g02</criterionID>
<value><real>77.65</real></value>
</performance>
<performance>
<criterionID>g03</criterionID>
<value><real>84.73</real></value>
</performance>
<performance>
<criterionID>g04</criterionID>
<value><real>9.17</real></value>
</performance>
<performance>
<criterionID>g05</criterionID>
<value><real>77.66</real></value>
</performance>
<performance>
<criterionID>g06</criterionID>
<value><real>46.61</real></value>
</performance>
<performance>
<criterionID>g07</criterionID>
<value><real>61.27</real></value>
</performance>
<performance>
<criterionID>g08</criterionID>
<value><real>35.11</real></value>
</performance>
<performance>
<criterionID>g09</criterionID>
<value><real>69.12</real></value>
</performance>
<performance>
<criterionID>g10</criterionID>
<value><real>72.53</real></value>
</performance>
<performance>
<criterionID>g11</criterionID>
<value><real>30.22</real></value>
</performance>
<performance>
<criterionID>g12</criterionID>
<value><real>52.61</real></value>
</performance>
<performance>
<criterionID>g13</criterionID>
<value><NA>NA</NA></value>
</performance>
</alternativePerformances>
<alternativePerformances>
<alternativeID>a07</alternativeID>
<performance>
<criterionID>g01</criterionID>
<value><real>46.75</real></value>
</performance>
<performance>
<criterionID>g02</criterionID>
<value><real>35.28</real></value>
</performance>
<performance>
<criterionID>g03</criterionID>
<value><real>36.15</real></value>
</performance>
<performance>
<criterionID>g04</criterionID>
<value><real>17.94</real></value>
</performance>
<performance>
<criterionID>g05</criterionID>
<value><real>24.82</real></value>
</performance>
<performance>
<criterionID>g06</criterionID>
<value><real>3.95</real></value>
</performance>
<performance>
<criterionID>g07</criterionID>
<value><real>29.52</real></value>
</performance>
<performance>
<criterionID>g08</criterionID>
<value><real>88.54</real></value>
</performance>
<performance>
<criterionID>g09</criterionID>
<value><real>81.76</real></value>
</performance>
<performance>
<criterionID>g10</criterionID>
<value><real>69.42</real></value>
</performance>
<performance>
<criterionID>g11</criterionID>
<value><real>27.82</real></value>
</performance>
<performance>
<criterionID>g12</criterionID>
<value><real>13.71</real></value>
</performance>
<performance>
<criterionID>g13</criterionID>
<value><real>71.86</real></value>
</performance>
</alternativePerformances>
<alternativePerformances>
<alternativeID>a08</alternativeID>
<performance>
<criterionID>g01</criterionID>
<value><real>35.11</real></value>
</performance>
<performance>
<criterionID>g02</criterionID>
<value><real>20.90</real></value>
</performance>
<performance>
<criterionID>g03</criterionID>
<value><real>55.57</real></value>
</performance>
<performance>
<criterionID>g04</criterionID>
<value><real>33.83</real></value>
</performance>
<performance>
<criterionID>g05</criterionID>
<value><real>58.67</real></value>
</performance>
<performance>
<criterionID>g06</criterionID>
<value><real>70.18</real></value>
</performance>
<performance>
<criterionID>g07</criterionID>
<value><real>44.67</real></value>
</performance>
<performance>
<criterionID>g08</criterionID>
<value><real>47.87</real></value>
</performance>
<performance>
<criterionID>g09</criterionID>
<value><real>44.01</real></value>
</performance>
<performance>
<criterionID>g10</criterionID>
<value><real>52.88</real></value>
</performance>
<performance>
<criterionID>g11</criterionID>
<value><real>74.46</real></value>
</performance>
<performance>
<criterionID>g12</criterionID>
<value><real>84.30</real></value>
</performance>
<performance>
<criterionID>g13</criterionID>
<value><real>41.85</real></value>
</performance>
</alternativePerformances>
<alternativePerformances>
<alternativeID>a09</alternativeID>
<performance>
<criterionID>g01</criterionID>
<value><real>35.76</real></value>
</performance>
<performance>
<criterionID>g02</criterionID>
<value><real>89.61</real></value>
</performance>
<performance>
<criterionID>g03</criterionID>
<value><real>62.88</real></value>
</performance>
<performance>
<criterionID>g04</criterionID>
<value><real>78.60</real></value>
</performance>
<performance>
<criterionID>g05</criterionID>
<value><NA>NA</NA></value>
</performance>
<performance>
<criterionID>g06</criterionID>
<value><real>52.30</real></value>
</performance>
<performance>
<criterionID>g07</criterionID>
<value><real>87.97</real></value>
</performance>
<performance>
<criterionID>g08</criterionID>
<value><real>82.86</real></value>
</performance>
<performance>
<criterionID>g09</criterionID>
<value><real>79.02</real></value>
</performance>
<performance>
<criterionID>g10</criterionID>
<value><real>89.18</real></value>
</performance>
<performance>
<criterionID>g11</criterionID>
<value><real>42.85</real></value>
</performance>
<performance>
<criterionID>g12</criterionID>
<value><real>74.62</real></value>
</performance>
<performance>
<criterionID>g13</criterionID>
<value><real>84.83</real></value>
</performance>
</alternativePerformances>
<alternativePerformances>
<alternativeID>a10</alternativeID>
<performance>
<criterionID>g01</criterionID>
<value><real>52.34</real></value>
</performance>
<performance>
<criterionID>g02</criterionID>
<value><real>54.51</real></value>
</performance>
<performance>
<criterionID>g03</criterionID>
<value><real>18.86</real></value>
</performance>
<performance>
<criterionID>g04</criterionID>
<value><real>50.04</real></value>
</performance>
<performance>
<criterionID>g05</criterionID>
<value><real>49.16</real></value>
</performance>
<performance>
<criterionID>g06</criterionID>
<value><real>52.94</real></value>
</performance>
<performance>
<criterionID>g07</criterionID>
<value><real>70.88</real></value>
</performance>
<performance>
<criterionID>g08</criterionID>
<value><real>36.82</real></value>
</performance>
<performance>
<criterionID>g09</criterionID>
<value><real>14.12</real></value>
</performance>
<performance>
<criterionID>g10</criterionID>
<value><real>72.56</real></value>
</performance>
<performance>
<criterionID>g11</criterionID>
<value><NA>NA</NA></value>
</performance>
<performance>
<criterionID>g12</criterionID>
<value><real>70.84</real></value>
</performance>
<performance>
<criterionID>g13</criterionID>
<value><real>45.27</real></value>
</performance>
</alternativePerformances>
<alternativePerformances>
<alternativeID>a11</alternativeID>
<performance>
<criterionID>g01</criterionID>
<value><real>74.62</real></value>
</performance>
<performance>
<criterionID>g02</criterionID>
<value><real>51.00</real></value>
</performance>
<performance>
<criterionID>g03</criterionID>
<value><real>82.19</real></value>
</performance>
<performance>
<criterionID>g04</criterionID>
<value><NA>NA</NA></value>
</performance>
<performance>
<criterionID>g05</criterionID>
<value><real>19.31</real></value>
</performance>
<performance>
<criterionID>g06</criterionID>
<value><real>43.86</real></value>
</performance>
<performance>
<criterionID>g07</criterionID>
<value><real>46.23</real></value>
</performance>
<performance>
<criterionID>g08</criterionID>
<value><real>61.63</real></value>
</performance>
<performance>
<criterionID>g09</criterionID>
<value><NA>NA</NA></value>
</performance>
<performance>
<criterionID>g10</criterionID>
<value><real>71.31</real></value>
</performance>
<performance>
<criterionID>g11</criterionID>
<value><real>52.62</real></value>
</performance>
<performance>
<criterionID>g12</criterionID>
<value><real>84.36</real></value>
</performance>
<performance>
<criterionID>g13</criterionID>
<value><NA>NA</NA></value>
</performance>
</alternativePerformances>
<alternativePerformances>
<alternativeID>a12</alternativeID>
<performance>
<criterionID>g01</criterionID>
<value><real>70.60</real></value>
</performance>
<performance>
<criterionID>g02</criterionID>
<value><real>39.71</real></value>
</performance>
<performance>
<criterionID>g03</criterionID>
<value><real>46.38</real></value>
</performance>
<performance>
<criterionID>g04</criterionID>
<value><real>66.95</real></value>
</performance>
<performance>
<criterionID>g05</criterionID>
<value><real>65.30</real></value>
</performance>
<performance>
<criterionID>g06</criterionID>
<value><real>53.36</real></value>
</performance>
<performance>
<criterionID>g07</criterionID>
<value><real>73.03</real></value>
</performance>
<performance>
<criterionID>g08</criterionID>
<value><real>28.30</real></value>
</performance>
<performance>
<criterionID>g09</criterionID>
<value><real>49.17</real></value>
</performance>
<performance>
<criterionID>g10</criterionID>
<value><real>42.14</real></value>
</performance>
<performance>
<criterionID>g11</criterionID>
<value><real>70.04</real></value>
</performance>
<performance>
<criterionID>g12</criterionID>
<value><real>71.34</real></value>
</performance>
<performance>
<criterionID>g13</criterionID>
<value><real>62.69</real></value>
</performance>
</alternativePerformances>
<alternativePerformances>
<alternativeID>a13</alternativeID>
<performance>
<criterionID>g01</criterionID>
<value><real>49.05</real></value>
</performance>
<performance>
<criterionID>g02</criterionID>
<value><real>45.41</real></value>
</performance>
<performance>
<criterionID>g03</criterionID>
<value><real>93.66</real></value>
</performance>
<performance>
<criterionID>g04</criterionID>
<value><real>41.98</real></value>
</performance>
<performance>
<criterionID>g05</criterionID>
<value><real>43.21</real></value>
</performance>
<performance>
<criterionID>g06</criterionID>
<value><real>44.51</real></value>
</performance>
<performance>
<criterionID>g07</criterionID>
<value><real>37.48</real></value>
</performance>
<performance>
<criterionID>g08</criterionID>
<value><real>79.96</real></value>
</performance>
<performance>
<criterionID>g09</criterionID>
<value><NA>NA</NA></value>
</performance>
<performance>
<criterionID>g10</criterionID>
<value><real>79.57</real></value>
</performance>
<performance>
<criterionID>g11</criterionID>
<value><real>58.19</real></value>
</performance>
<performance>
<criterionID>g12</criterionID>
<value><real>35.27</real></value>
</performance>
<performance>
<criterionID>g13</criterionID>
<value><real>85.83</real></value>
</performance>
</alternativePerformances>
<alternativePerformances>
<alternativeID>a14</alternativeID>
<performance>
<criterionID>g01</criterionID>
<value><real>7.42</real></value>
</performance>
<performance>
<criterionID>g02</criterionID>
<value><real>29.81</real></value>
</performance>
<performance>
<criterionID>g03</criterionID>
<value><real>96.54</real></value>
</performance>
<performance>
<criterionID>g04</criterionID>
<value><real>24.15</real></value>
</performance>
<performance>
<criterionID>g05</criterionID>
<value><real>34.47</real></value>
</performance>
<performance>
<criterionID>g06</criterionID>
<value><real>16.55</real></value>
</performance>
<performance>
<criterionID>g07</criterionID>
<value><real>44.22</real></value>
</performance>
<performance>
<criterionID>g08</criterionID>
<value><real>71.17</real></value>
</performance>
<performance>
<criterionID>g09</criterionID>
<value><real>18.59</real></value>
</performance>
<performance>
<criterionID>g10</criterionID>
<value><real>68.41</real></value>
</performance>
<performance>
<criterionID>g11</criterionID>
<value><NA>NA</NA></value>
</performance>
<performance>
<criterionID>g12</criterionID>
<value><real>33.95</real></value>
</performance>
<performance>
<criterionID>g13</criterionID>
<value><NA>NA</NA></value>
</performance>
</alternativePerformances>
<alternativePerformances>
<alternativeID>a15</alternativeID>
<performance>
<criterionID>g01</criterionID>
<value><real>48.59</real></value>
</performance>
<performance>
<criterionID>g02</criterionID>
<value><real>68.88</real></value>
</performance>
<performance>
<criterionID>g03</criterionID>
<value><real>19.12</real></value>
</performance>
<performance>
<criterionID>g04</criterionID>
<value><real>81.22</real></value>
</performance>
<performance>
<criterionID>g05</criterionID>
<value><real>81.75</real></value>
</performance>
<performance>
<criterionID>g06</criterionID>
<value><real>70.52</real></value>
</performance>
<performance>
<criterionID>g07</criterionID>
<value><real>57.88</real></value>
</performance>
<performance>
<criterionID>g08</criterionID>
<value><real>25.97</real></value>
</performance>
<performance>
<criterionID>g09</criterionID>
<value><real>37.63</real></value>
</performance>
<performance>
<criterionID>g10</criterionID>
<value><real>17.80</real></value>
</performance>
<performance>
<criterionID>g11</criterionID>
<value><real>43.88</real></value>
</performance>
<performance>
<criterionID>g12</criterionID>
<value><real>88.36</real></value>
</performance>
<performance>
<criterionID>g13</criterionID>
<value><real>19.62</real></value>
</performance>
</alternativePerformances>
<alternativePerformances>
<alternativeID>a16</alternativeID>
<performance>
<criterionID>g01</criterionID>
<value><real>77.19</real></value>
</performance>
<performance>
<criterionID>g02</criterionID>
<value><real>75.61</real></value>
</performance>
<performance>
<criterionID>g03</criterionID>
<value><real>35.91</real></value>
</performance>
<performance>
<criterionID>g04</criterionID>
<value><real>47.11</real></value>
</performance>
<performance>
<criterionID>g05</criterionID>
<value><real>73.02</real></value>
</performance>
<performance>
<criterionID>g06</criterionID>
<value><real>20.78</real></value>
</performance>
<performance>
<criterionID>g07</criterionID>
<value><real>41.64</real></value>
</performance>
<performance>
<criterionID>g08</criterionID>
<value><real>9.98</real></value>
</performance>
<performance>
<criterionID>g09</criterionID>
<value><real>79.20</real></value>
</performance>
<performance>
<criterionID>g10</criterionID>
<value><real>63.24</real></value>
</performance>
<performance>
<criterionID>g11</criterionID>
<value><real>63.38</real></value>
</performance>
<performance>
<criterionID>g12</criterionID>
<value><real>37.64</real></value>
</performance>
<performance>
<criterionID>g13</criterionID>
<value><real>16.93</real></value>
</performance>
</alternativePerformances>
<alternativePerformances>
<alternativeID>a17</alternativeID>
<performance>
<criterionID>g01</criterionID>
<value><real>82.07</real></value>
</performance>
<performance>
<criterionID>g02</criterionID>
<value><real>72.36</real></value>
</performance>
<performance>
<criterionID>g03</criterionID>
<value><real>69.14</real></value>
</performance>
<performance>
<criterionID>g04</criterionID>
<value><real>17.06</real></value>
</performance>
<performance>
<criterionID>g05</criterionID>
<value><real>74.88</real></value>
</performance>
<performance>
<criterionID>g06</criterionID>
<value><real>84.06</real></value>
</performance>
<performance>
<criterionID>g07</criterionID>
<value><real>75.75</real></value>
</performance>
<performance>
<criterionID>g08</criterionID>
<value><real>69.22</real></value>
</performance>
<performance>
<criterionID>g09</criterionID>
<value><real>60.45</real></value>
</performance>
<performance>
<criterionID>g10</criterionID>
<value><real>26.76</real></value>
</performance>
<performance>
<criterionID>g11</criterionID>
<value><real>16.08</real></value>
</performance>
<performance>
<criterionID>g12</criterionID>
<value><real>7.87</real></value>
</performance>
<performance>
<criterionID>g13</criterionID>
<value><real>74.90</real></value>
</performance>
</alternativePerformances>
<alternativePerformances>
<alternativeID>a18</alternativeID>
<performance>
<criterionID>g01</criterionID>
<value><NA>NA</NA></value>
</performance>
<performance>
<criterionID>g02</criterionID>
<value><real>11.41</real></value>
</performance>
<performance>
<criterionID>g03</criterionID>
<value><real>73.56</real></value>
</performance>
<performance>
<criterionID>g04</criterionID>
<value><real>92.39</real></value>
</performance>
<performance>
<criterionID>g05</criterionID>
<value><real>32.85</real></value>
</performance>
<performance>
<criterionID>g06</criterionID>
<value><real>80.28</real></value>
</performance>
<performance>
<criterionID>g07</criterionID>
<value><NA>NA</NA></value>
</performance>
<performance>
<criterionID>g08</criterionID>
<value><real>55.74</real></value>
</performance>
<performance>
<criterionID>g09</criterionID>
<value><real>68.92</real></value>
</performance>
<performance>
<criterionID>g10</criterionID>
<value><real>70.77</real></value>
</performance>
<performance>
<criterionID>g11</criterionID>
<value><real>28.84</real></value>
</performance>
<performance>
<criterionID>g12</criterionID>
<value><real>19.06</real></value>
</performance>
<performance>
<criterionID>g13</criterionID>
<value><real>42.47</real></value>
</performance>
</alternativePerformances>
<alternativePerformances>
<alternativeID>a19</alternativeID>
<performance>
<criterionID>g01</criterionID>
<value><real>61.99</real></value>
</performance>
<performance>
<criterionID>g02</criterionID>
<value><real>18.66</real></value>
</performance>
<performance>
<criterionID>g03</criterionID>
<value><real>60.27</real></value>
</performance>
<performance>
<criterionID>g04</criterionID>
<value><real>83.97</real></value>
</performance>
<performance>
<criterionID>g05</criterionID>
<value><real>9.77</real></value>
</performance>
<performance>
<criterionID>g06</criterionID>
<value><real>23.25</real></value>
</performance>
<performance>
<criterionID>g07</criterionID>
<value><real>68.05</real></value>
</performance>
<performance>
<criterionID>g08</criterionID>
<value><real>58.39</real></value>
</performance>
<performance>
<criterionID>g09</criterionID>
<value><real>69.79</real></value>
</performance>
<performance>
<criterionID>g10</criterionID>
<value><real>32.08</real></value>
</performance>
<performance>
<criterionID>g11</criterionID>
<value><NA>NA</NA></value>
</performance>
<performance>
<criterionID>g12</criterionID>
<value><real>14.04</real></value>
</performance>
<performance>
<criterionID>g13</criterionID>
<value><real>65.71</real></value>
</performance>
</alternativePerformances>
<alternativePerformances>
<alternativeID>a20</alternativeID>
<performance>
<criterionID>g01</criterionID>
<value><real>88.48</real></value>
</performance>
<performance>
<criterionID>g02</criterionID>
<value><real>1.65</real></value>
</performance>
<performance>
<criterionID>g03</criterionID>
<value><real>26.65</real></value>
</performance>
<performance>
<criterionID>g04</criterionID>
<value><real>86.68</real></value>
</performance>
<performance>
<criterionID>g05</criterionID>
<value><real>24.89</real></value>
</performance>
<performance>
<criterionID>g06</criterionID>
<value><real>45.62</real></value>
</performance>
<performance>
<criterionID>g07</criterionID>
<value><real>34.11</real></value>
</performance>
<performance>
<criterionID>g08</criterionID>
<value><real>8.44</real></value>
</performance>
<performance>
<criterionID>g09</criterionID>
<value><real>27.18</real></value>
</performance>
<performance>
<criterionID>g10</criterionID>
<value><NA>NA</NA></value>
</performance>
<performance>
<criterionID>g11</criterionID>
<value><real>17.90</real></value>
</performance>
<performance>
<criterionID>g12</criterionID>
<value><real>15.94</real></value>
</performance>
<performance>
<criterionID>g13</criterionID>
<value><real>12.94</real></value>
</performance>
</alternativePerformances>
</performanceTable>
</xmcda:XMCDA>
