<?xml version="1.0" encoding="UTF-8"?>
<?xml-stylesheet type="text/xsl" href="xmcda2Rubis.xsl"?>
<xmcda:XMCDA xmlns:xsi="http://www.w3.org/2001/XMLSchema-instance" xsi:schemaLocation="http://www.decision-deck.org/2009/XMCDA-2.0.0 http://www.decision-deck.org/xmcda/_downloads/XMCDA-2.0.0.xsd" xmlns:xmcda="http://www.decision-deck.org/2009/XMCDA-2.0.0" instanceID="void">
<projectReference id="temp" name="temp.xml">
<title>Online Umfrage Studentenspiegel  April-Juni 2004</title>
<author>Der Spiegel 48/2004 p.181</author>
<version>1.0</version>
<comment>produced by saveXMCDA2()</comment>
</projectReference>
<methodParameters id="Rubis" name="Rubis best choice method" mcdaConcept="methodData">
<description>
<subTitle>Method parameters</subTitle>
<version>1.0</version>
</description>
<parameters>
<parameter name="variant">
<value>
<label>Rubis</label>
</value>
</parameter>
<parameter name="valuationType">
<value>
<label>bipolar</label>
</value>
</parameter>
</parameters>
</methodParameters>
<alternatives mcdaConcept="alternatives">
<description>
<subTitle>Die Universitäten</subTitle>
</description>
<alternative id="aach" name="TH Aachen" mcdaConcept="potentialDecisionAction">
<description>
<comment>Technische Hochschule</comment>
</description>
<type>real</type>
<active>true</active>
</alternative>
<alternative id="aug" name="U Augsburg" mcdaConcept="potentialDecisionAction">
<description>
<comment>Universität</comment>
</description>
<type>real</type>
<active>true</active>
</alternative>
<alternative id="berf" name="FU Berlin" mcdaConcept="potentialDecisionAction">
<description>
<comment>Freie Universität</comment>
</description>
<type>real</type>
<active>true</active>
</alternative>
<alternative id="berh" name="Berlin Humboldt" mcdaConcept="potentialDecisionAction">
<description>
<comment>Humboldt Universität</comment>
</description>
<type>real</type>
<active>true</active>
</alternative>
<alternative id="bertu" name="TU Berlin" mcdaConcept="potentialDecisionAction">
<description>
<comment>Technische Universität</comment>
</description>
<type>real</type>
<active>true</active>
</alternative>
<alternative id="bie" name="U Bielfeld" mcdaConcept="potentialDecisionAction">
<description>
<comment>Universität</comment>
</description>
<type>real</type>
<active>true</active>
</alternative>
<alternative id="boc" name="U Bochum" mcdaConcept="potentialDecisionAction">
<description>
<comment>Universität</comment>
</description>
<type>real</type>
<active>true</active>
</alternative>
<alternative id="bon" name="U Bonn" mcdaConcept="potentialDecisionAction">
<description>
<comment>Universtät</comment>
</description>
<type>real</type>
<active>true</active>
</alternative>
<alternative id="brau" name="U Braunschweig" mcdaConcept="potentialDecisionAction">
<description>
<comment>Universität</comment>
</description>
<type>real</type>
<active>true</active>
</alternative>
<alternative id="brem" name="U Bremen" mcdaConcept="potentialDecisionAction">
<description>
<comment>Universität</comment>
</description>
<type>real</type>
<active>true</active>
</alternative>
<alternative id="chem" name="TU Chemnitz" mcdaConcept="potentialDecisionAction">
<description>
<comment>Technische Universität</comment>
</description>
<type>real</type>
<active>true</active>
</alternative>
<alternative id="darm" name="U Darmstadt" mcdaConcept="potentialDecisionAction">
<description>
<comment>Universität</comment>
</description>
<type>real</type>
<active>true</active>
</alternative>
<alternative id="dres" name="U Dresden" mcdaConcept="potentialDecisionAction">
<description>
<comment>Universität</comment>
</description>
<type>real</type>
<active>true</active>
</alternative>
<alternative id="dsd" name="U Düsseldorf" mcdaConcept="potentialDecisionAction">
<description>
<comment>Universität</comment>
</description>
<type>real</type>
<active>true</active>
</alternative>
<alternative id="duis" name="U Duisburg-Essen" mcdaConcept="potentialDecisionAction">
<description>
<comment>Universität</comment>
</description>
<type>real</type>
<active>true</active>
</alternative>
<alternative id="erl" name="U Erlangen-Nürnberg" mcdaConcept="potentialDecisionAction">
<description>
<comment>Universität</comment>
</description>
<type>real</type>
<active>true</active>
</alternative>
<alternative id="fran" name="U Frankfurt a.M." mcdaConcept="potentialDecisionAction">
<description>
<comment>Universität</comment>
</description>
<type>real</type>
<active>true</active>
</alternative>
<alternative id="frei" name="U Freiburg" mcdaConcept="potentialDecisionAction">
<description>
<comment>Universität</comment>
</description>
<type>real</type>
<active>true</active>
</alternative>
<alternative id="gie" name="U Gießen" mcdaConcept="potentialDecisionAction">
<description>
<comment>Universität</comment>
</description>
<type>real</type>
<active>true</active>
</alternative>
<alternative id="goet" name="U Göttingen" mcdaConcept="potentialDecisionAction">
<description>
<comment>Universität</comment>
</description>
<type>real</type>
<active>true</active>
</alternative>
<alternative id="ham" name="U Hamburg" mcdaConcept="potentialDecisionAction">
<description>
<comment>Universität</comment>
</description>
<type>real</type>
<active>true</active>
</alternative>
<alternative id="han" name="U Hannover" mcdaConcept="potentialDecisionAction">
<description>
<comment>Universität</comment>
</description>
<type>real</type>
<active>true</active>
</alternative>
<alternative id="hei" name="U Heidelberg" mcdaConcept="potentialDecisionAction">
<description>
<comment>Universität</comment>
</description>
<type>real</type>
<active>true</active>
</alternative>
<alternative id="jena" name="U Jena" mcdaConcept="potentialDecisionAction">
<description>
<comment>Universität</comment>
</description>
<type>real</type>
<active>true</active>
</alternative>
<alternative id="kiel" name="U Kiel" mcdaConcept="potentialDecisionAction">
<description>
<comment>Universität</comment>
</description>
<type>real</type>
<active>true</active>
</alternative>
<alternative id="koel" name="U Köln" mcdaConcept="potentialDecisionAction">
<description>
<comment>Universität</comment>
</description>
<type>real</type>
<active>true</active>
</alternative>
<alternative id="kons" name="U Konstanz" mcdaConcept="potentialDecisionAction">
<description>
<comment>Universität</comment>
</description>
<type>real</type>
<active>true</active>
</alternative>
<alternative id="ksl" name="TU Kaiserlautern" mcdaConcept="potentialDecisionAction">
<description>
<comment>Technische Universität</comment>
</description>
<type>real</type>
<active>true</active>
</alternative>
<alternative id="leip" name="U Leipzig" mcdaConcept="potentialDecisionAction">
<description>
<comment>Universität</comment>
</description>
<type>real</type>
<active>true</active>
</alternative>
<alternative id="main" name="U Mainz" mcdaConcept="potentialDecisionAction">
<description>
<comment>Universität</comment>
</description>
<type>real</type>
<active>true</active>
</alternative>
<alternative id="marb" name="U Marburg" mcdaConcept="potentialDecisionAction">
<description>
<comment>Universität</comment>
</description>
<type>real</type>
<active>true</active>
</alternative>
<alternative id="mnh" name="U Mannheim" mcdaConcept="potentialDecisionAction">
<description>
<comment>Universität</comment>
</description>
<type>real</type>
<active>true</active>
</alternative>
<alternative id="mnst" name="U Münster" mcdaConcept="potentialDecisionAction">
<description>
<comment>Universität</comment>
</description>
<type>real</type>
<active>true</active>
</alternative>
<alternative id="mu" name="U München" mcdaConcept="potentialDecisionAction">
<description>
<comment>Universität</comment>
</description>
<type>real</type>
<active>true</active>
</alternative>
<alternative id="reg" name="U Regensburg" mcdaConcept="potentialDecisionAction">
<description>
<comment>Universität</comment>
</description>
<type>real</type>
<active>true</active>
</alternative>
<alternative id="saar" name="U Saarbrücken" mcdaConcept="potentialDecisionAction">
<description>
<comment>Universität</comment>
</description>
<type>real</type>
<active>true</active>
</alternative>
<alternative id="stu" name="U Stuttgart" mcdaConcept="potentialDecisionAction">
<description>
<comment>Universität</comment>
</description>
<type>real</type>
<active>true</active>
</alternative>
<alternative id="tri" name="U Trier" mcdaConcept="potentialDecisionAction">
<description>
<comment>Universität</comment>
</description>
<type>real</type>
<active>true</active>
</alternative>
<alternative id="tueb" name="U Tübingen" mcdaConcept="potentialDecisionAction">
<description>
<comment>Universität</comment>
</description>
<type>real</type>
<active>true</active>
</alternative>
<alternative id="tum" name="TU München" mcdaConcept="potentialDecisionAction">
<description>
<comment>Technische Universität</comment>
</description>
<type>real</type>
<active>true</active>
</alternative>
<alternative id="wrzb" name="U Würzburg" mcdaConcept="potentialDecisionAction">
<description>
<comment>Universität</comment>
</description>
<type>real</type>
<active>true</active>
</alternative>
</alternatives>
<criteria mcdaConcept="criteria">
<description>
<subTitle>Fächerbewertung</subTitle>
</description>
<criterion id="bio" name="Biologie" mcdaConcept="criterion">
<description>
<comment>No comment</comment>
<version>performance</version>
</description>
<active>true</active>
<criterionValue><value><real>1.00</real></value></criterionValue>
<scale>
<quantitative>
<preferenceDirection>max</preferenceDirection>
<minimum><real>1.00</real></minimum>
<maximum><real>3.00</real></maximum>
</quantitative>
</scale>
<thresholds>
<threshold id="ind" name="indifference" mcdaConcept="performanceDiscriminationThreshold">
<constant>
<real>0.00</real>
</constant>
</threshold>
<threshold id="pref" name="preference" mcdaConcept="performanceDiscriminationThreshold">
<constant>
<real>0.50</real>
</constant>
</threshold>
<threshold id="veto" name="veto" mcdaConcept="performanceDiscriminationThreshold">
<constant>
<real>6.00</real>
</constant>
</threshold>
</thresholds>
</criterion>
<criterion id="bw" name="Betriebswirtschaft" mcdaConcept="criterion">
<description>
<comment>No comment</comment>
<version>performance</version>
</description>
<active>true</active>
<criterionValue><value><real>1.00</real></value></criterionValue>
<scale>
<quantitative>
<preferenceDirection>max</preferenceDirection>
<minimum><real>1.00</real></minimum>
<maximum><real>3.00</real></maximum>
</quantitative>
</scale>
<thresholds>
<threshold id="ind" name="indifference" mcdaConcept="performanceDiscriminationThreshold">
<constant>
<real>0.00</real>
</constant>
</threshold>
<threshold id="pref" name="preference" mcdaConcept="performanceDiscriminationThreshold">
<constant>
<real>0.50</real>
</constant>
</threshold>
<threshold id="veto" name="veto" mcdaConcept="performanceDiscriminationThreshold">
<constant>
<real>6.00</real>
</constant>
</threshold>
</thresholds>
</criterion>
<criterion id="chem" name="Chemie" mcdaConcept="criterion">
<description>
<comment>No comment</comment>
<version>performance</version>
</description>
<active>true</active>
<criterionValue><value><real>1.00</real></value></criterionValue>
<scale>
<quantitative>
<preferenceDirection>max</preferenceDirection>
<minimum><real>1.00</real></minimum>
<maximum><real>3.00</real></maximum>
</quantitative>
</scale>
<thresholds>
<threshold id="ind" name="indifference" mcdaConcept="performanceDiscriminationThreshold">
<constant>
<real>0.00</real>
</constant>
</threshold>
<threshold id="pref" name="preference" mcdaConcept="performanceDiscriminationThreshold">
<constant>
<real>0.50</real>
</constant>
</threshold>
<threshold id="veto" name="veto" mcdaConcept="performanceDiscriminationThreshold">
<constant>
<real>6.00</real>
</constant>
</threshold>
</thresholds>
</criterion>
<criterion id="elek" name="Elektrotechnik" mcdaConcept="criterion">
<description>
<comment>No comment</comment>
<version>performance</version>
</description>
<active>true</active>
<criterionValue><value><real>1.00</real></value></criterionValue>
<scale>
<quantitative>
<preferenceDirection>max</preferenceDirection>
<minimum><real>1.00</real></minimum>
<maximum><real>3.00</real></maximum>
</quantitative>
</scale>
<thresholds>
<threshold id="ind" name="indifference" mcdaConcept="performanceDiscriminationThreshold">
<constant>
<real>0.00</real>
</constant>
</threshold>
<threshold id="pref" name="preference" mcdaConcept="performanceDiscriminationThreshold">
<constant>
<real>0.50</real>
</constant>
</threshold>
<threshold id="veto" name="veto" mcdaConcept="performanceDiscriminationThreshold">
<constant>
<real>6.00</real>
</constant>
</threshold>
</thresholds>
</criterion>
<criterion id="germ" name="Germanistik" mcdaConcept="criterion">
<description>
<comment>No comment</comment>
<version>performance</version>
</description>
<active>true</active>
<criterionValue><value><real>1.00</real></value></criterionValue>
<scale>
<quantitative>
<preferenceDirection>max</preferenceDirection>
<minimum><real>1.00</real></minimum>
<maximum><real>3.00</real></maximum>
</quantitative>
</scale>
<thresholds>
<threshold id="ind" name="indifference" mcdaConcept="performanceDiscriminationThreshold">
<constant>
<real>0.00</real>
</constant>
</threshold>
<threshold id="pref" name="preference" mcdaConcept="performanceDiscriminationThreshold">
<constant>
<real>0.50</real>
</constant>
</threshold>
<threshold id="veto" name="veto" mcdaConcept="performanceDiscriminationThreshold">
<constant>
<real>6.00</real>
</constant>
</threshold>
</thresholds>
</criterion>
<criterion id="info" name="Informatik" mcdaConcept="criterion">
<description>
<comment>No comment</comment>
<version>performance</version>
</description>
<active>true</active>
<criterionValue><value><real>1.00</real></value></criterionValue>
<scale>
<quantitative>
<preferenceDirection>max</preferenceDirection>
<minimum><real>1.00</real></minimum>
<maximum><real>3.00</real></maximum>
</quantitative>
</scale>
<thresholds>
<threshold id="ind" name="indifference" mcdaConcept="performanceDiscriminationThreshold">
<constant>
<real>0.00</real>
</constant>
</threshold>
<threshold id="pref" name="preference" mcdaConcept="performanceDiscriminationThreshold">
<constant>
<real>0.50</real>
</constant>
</threshold>
<threshold id="veto" name="veto" mcdaConcept="performanceDiscriminationThreshold">
<constant>
<real>6.00</real>
</constant>
</threshold>
</thresholds>
</criterion>
<criterion id="jura" name="Jura" mcdaConcept="criterion">
<description>
<comment>No comment</comment>
<version>performance</version>
</description>
<active>true</active>
<criterionValue><value><real>1.00</real></value></criterionValue>
<scale>
<quantitative>
<preferenceDirection>max</preferenceDirection>
<minimum><real>1.00</real></minimum>
<maximum><real>3.00</real></maximum>
</quantitative>
</scale>
<thresholds>
<threshold id="ind" name="indifference" mcdaConcept="performanceDiscriminationThreshold">
<constant>
<real>0.00</real>
</constant>
</threshold>
<threshold id="pref" name="preference" mcdaConcept="performanceDiscriminationThreshold">
<constant>
<real>0.50</real>
</constant>
</threshold>
<threshold id="veto" name="veto" mcdaConcept="performanceDiscriminationThreshold">
<constant>
<real>6.00</real>
</constant>
</threshold>
</thresholds>
</criterion>
<criterion id="maba" name="Maschinenbau" mcdaConcept="criterion">
<description>
<comment>No comment</comment>
<version>performance</version>
</description>
<active>true</active>
<criterionValue><value><real>1.00</real></value></criterionValue>
<scale>
<quantitative>
<preferenceDirection>max</preferenceDirection>
<minimum><real>1.00</real></minimum>
<maximum><real>3.00</real></maximum>
</quantitative>
</scale>
<thresholds>
<threshold id="ind" name="indifference" mcdaConcept="performanceDiscriminationThreshold">
<constant>
<real>0.00</real>
</constant>
</threshold>
<threshold id="pref" name="preference" mcdaConcept="performanceDiscriminationThreshold">
<constant>
<real>0.50</real>
</constant>
</threshold>
<threshold id="veto" name="veto" mcdaConcept="performanceDiscriminationThreshold">
<constant>
<real>6.00</real>
</constant>
</threshold>
</thresholds>
</criterion>
<criterion id="math" name="Mathematik" mcdaConcept="criterion">
<description>
<comment>No comment</comment>
<version>performance</version>
</description>
<active>true</active>
<criterionValue><value><real>1.00</real></value></criterionValue>
<scale>
<quantitative>
<preferenceDirection>max</preferenceDirection>
<minimum><real>1.00</real></minimum>
<maximum><real>3.00</real></maximum>
</quantitative>
</scale>
<thresholds>
<threshold id="ind" name="indifference" mcdaConcept="performanceDiscriminationThreshold">
<constant>
<real>0.00</real>
</constant>
</threshold>
<threshold id="pref" name="preference" mcdaConcept="performanceDiscriminationThreshold">
<constant>
<real>0.50</real>
</constant>
</threshold>
<threshold id="veto" name="veto" mcdaConcept="performanceDiscriminationThreshold">
<constant>
<real>6.00</real>
</constant>
</threshold>
</thresholds>
</criterion>
<criterion id="med" name="Medezin" mcdaConcept="criterion">
<description>
<comment>No comment</comment>
<version>performance</version>
</description>
<active>true</active>
<criterionValue><value><real>1.00</real></value></criterionValue>
<scale>
<quantitative>
<preferenceDirection>max</preferenceDirection>
<minimum><real>1.00</real></minimum>
<maximum><real>3.00</real></maximum>
</quantitative>
</scale>
<thresholds>
<threshold id="ind" name="indifference" mcdaConcept="performanceDiscriminationThreshold">
<constant>
<real>0.00</real>
</constant>
</threshold>
<threshold id="pref" name="preference" mcdaConcept="performanceDiscriminationThreshold">
<constant>
<real>0.50</real>
</constant>
</threshold>
<threshold id="veto" name="veto" mcdaConcept="performanceDiscriminationThreshold">
<constant>
<real>6.00</real>
</constant>
</threshold>
</thresholds>
</criterion>
<criterion id="phys" name="Physik" mcdaConcept="criterion">
<description>
<comment>No comment</comment>
<version>performance</version>
</description>
<active>true</active>
<criterionValue><value><real>1.00</real></value></criterionValue>
<scale>
<quantitative>
<preferenceDirection>max</preferenceDirection>
<minimum><real>1.00</real></minimum>
<maximum><real>3.00</real></maximum>
</quantitative>
</scale>
<thresholds>
<threshold id="ind" name="indifference" mcdaConcept="performanceDiscriminationThreshold">
<constant>
<real>0.00</real>
</constant>
</threshold>
<threshold id="pref" name="preference" mcdaConcept="performanceDiscriminationThreshold">
<constant>
<real>0.50</real>
</constant>
</threshold>
<threshold id="veto" name="veto" mcdaConcept="performanceDiscriminationThreshold">
<constant>
<real>6.00</real>
</constant>
</threshold>
</thresholds>
</criterion>
<criterion id="pol" name="Politologie" mcdaConcept="criterion">
<description>
<comment>No comment</comment>
<version>performance</version>
</description>
<active>true</active>
<criterionValue><value><real>1.00</real></value></criterionValue>
<scale>
<quantitative>
<preferenceDirection>max</preferenceDirection>
<minimum><real>1.00</real></minimum>
<maximum><real>3.00</real></maximum>
</quantitative>
</scale>
<thresholds>
<threshold id="ind" name="indifference" mcdaConcept="performanceDiscriminationThreshold">
<constant>
<real>0.00</real>
</constant>
</threshold>
<threshold id="pref" name="preference" mcdaConcept="performanceDiscriminationThreshold">
<constant>
<real>0.50</real>
</constant>
</threshold>
<threshold id="veto" name="veto" mcdaConcept="performanceDiscriminationThreshold">
<constant>
<real>6.00</real>
</constant>
</threshold>
</thresholds>
</criterion>
<criterion id="psy" name="Psychologie" mcdaConcept="criterion">
<description>
<comment>No comment</comment>
<version>performance</version>
</description>
<active>true</active>
<criterionValue><value><real>1.00</real></value></criterionValue>
<scale>
<quantitative>
<preferenceDirection>max</preferenceDirection>
<minimum><real>1.00</real></minimum>
<maximum><real>3.00</real></maximum>
</quantitative>
</scale>
<thresholds>
<threshold id="ind" name="indifference" mcdaConcept="performanceDiscriminationThreshold">
<constant>
<real>0.00</real>
</constant>
</threshold>
<threshold id="pref" name="preference" mcdaConcept="performanceDiscriminationThreshold">
<constant>
<real>0.50</real>
</constant>
</threshold>
<threshold id="veto" name="veto" mcdaConcept="performanceDiscriminationThreshold">
<constant>
<real>6.00</real>
</constant>
</threshold>
</thresholds>
</criterion>
<criterion id="soz" name="Soziologie" mcdaConcept="criterion">
<description>
<comment>No comment</comment>
<version>performance</version>
</description>
<active>true</active>
<criterionValue><value><real>1.00</real></value></criterionValue>
<scale>
<quantitative>
<preferenceDirection>max</preferenceDirection>
<minimum><real>1.00</real></minimum>
<maximum><real>3.00</real></maximum>
</quantitative>
</scale>
<thresholds>
<threshold id="ind" name="indifference" mcdaConcept="performanceDiscriminationThreshold">
<constant>
<real>0.00</real>
</constant>
</threshold>
<threshold id="pref" name="preference" mcdaConcept="performanceDiscriminationThreshold">
<constant>
<real>0.50</real>
</constant>
</threshold>
<threshold id="veto" name="veto" mcdaConcept="performanceDiscriminationThreshold">
<constant>
<real>6.00</real>
</constant>
</threshold>
</thresholds>
</criterion>
<criterion id="vw" name="Volkswirtschaft" mcdaConcept="criterion">
<description>
<comment>No comment</comment>
<version>performance</version>
</description>
<active>true</active>
<criterionValue><value><real>1.00</real></value></criterionValue>
<scale>
<quantitative>
<preferenceDirection>max</preferenceDirection>
<minimum><real>1.00</real></minimum>
<maximum><real>3.00</real></maximum>
</quantitative>
</scale>
<thresholds>
<threshold id="ind" name="indifference" mcdaConcept="performanceDiscriminationThreshold">
<constant>
<real>0.00</real>
</constant>
</threshold>
<threshold id="pref" name="preference" mcdaConcept="performanceDiscriminationThreshold">
<constant>
<real>0.50</real>
</constant>
</threshold>
<threshold id="veto" name="veto" mcdaConcept="performanceDiscriminationThreshold">
<constant>
<real>6.00</real>
</constant>
</threshold>
</thresholds>
</criterion>
</criteria>
<performanceTable mcdaConcept="performanceTable">
<description>
<subTitle>Die Bewertung der Universitäten</subTitle>
</description>
<alternativePerformances>
<alternativeID>aach</alternativeID>
<performance>
<criterionID>bio</criterionID>
<value><real>2.00</real></value>
</performance>
<performance>
<criterionID>bw</criterionID>
<value><real>1.00</real></value>
</performance>
<performance>
<criterionID>chem</criterionID>
<value><real>1.00</real></value>
</performance>
<performance>
<criterionID>elek</criterionID>
<value><real>3.00</real></value>
</performance>
<performance>
<criterionID>germ</criterionID>
<value><real>2.00</real></value>
</performance>
<performance>
<criterionID>info</criterionID>
<value><real>2.00</real></value>
</performance>
<performance>
<criterionID>jura</criterionID>
<value><NA>NA</NA></value>
</performance>
<performance>
<criterionID>maba</criterionID>
<value><real>1.00</real></value>
</performance>
<performance>
<criterionID>math</criterionID>
<value><real>2.00</real></value>
</performance>
<performance>
<criterionID>med</criterionID>
<value><real>1.00</real></value>
</performance>
<performance>
<criterionID>phys</criterionID>
<value><real>2.00</real></value>
</performance>
<performance>
<criterionID>pol</criterionID>
<value><real>1.00</real></value>
</performance>
<performance>
<criterionID>psy</criterionID>
<value><real>3.00</real></value>
</performance>
<performance>
<criterionID>soz</criterionID>
<value><real>1.00</real></value>
</performance>
<performance>
<criterionID>vw</criterionID>
<value><NA>NA</NA></value>
</performance>
</alternativePerformances>
<alternativePerformances>
<alternativeID>aug</alternativeID>
<performance>
<criterionID>bio</criterionID>
<value><NA>NA</NA></value>
</performance>
<performance>
<criterionID>bw</criterionID>
<value><real>2.00</real></value>
</performance>
<performance>
<criterionID>chem</criterionID>
<value><NA>NA</NA></value>
</performance>
<performance>
<criterionID>elek</criterionID>
<value><NA>NA</NA></value>
</performance>
<performance>
<criterionID>germ</criterionID>
<value><real>3.00</real></value>
</performance>
<performance>
<criterionID>info</criterionID>
<value><real>3.00</real></value>
</performance>
<performance>
<criterionID>jura</criterionID>
<value><real>2.00</real></value>
</performance>
<performance>
<criterionID>maba</criterionID>
<value><NA>NA</NA></value>
</performance>
<performance>
<criterionID>math</criterionID>
<value><real>3.00</real></value>
</performance>
<performance>
<criterionID>med</criterionID>
<value><NA>NA</NA></value>
</performance>
<performance>
<criterionID>phys</criterionID>
<value><real>3.00</real></value>
</performance>
<performance>
<criterionID>pol</criterionID>
<value><real>1.00</real></value>
</performance>
<performance>
<criterionID>psy</criterionID>
<value><NA>NA</NA></value>
</performance>
<performance>
<criterionID>soz</criterionID>
<value><real>2.00</real></value>
</performance>
<performance>
<criterionID>vw</criterionID>
<value><NA>NA</NA></value>
</performance>
</alternativePerformances>
<alternativePerformances>
<alternativeID>berf</alternativeID>
<performance>
<criterionID>bio</criterionID>
<value><real>2.00</real></value>
</performance>
<performance>
<criterionID>bw</criterionID>
<value><real>1.00</real></value>
</performance>
<performance>
<criterionID>chem</criterionID>
<value><real>3.00</real></value>
</performance>
<performance>
<criterionID>elek</criterionID>
<value><NA>NA</NA></value>
</performance>
<performance>
<criterionID>germ</criterionID>
<value><real>2.00</real></value>
</performance>
<performance>
<criterionID>info</criterionID>
<value><real>2.00</real></value>
</performance>
<performance>
<criterionID>jura</criterionID>
<value><real>2.00</real></value>
</performance>
<performance>
<criterionID>maba</criterionID>
<value><NA>NA</NA></value>
</performance>
<performance>
<criterionID>math</criterionID>
<value><NA>NA</NA></value>
</performance>
<performance>
<criterionID>med</criterionID>
<value><NA>NA</NA></value>
</performance>
<performance>
<criterionID>phys</criterionID>
<value><real>3.00</real></value>
</performance>
<performance>
<criterionID>pol</criterionID>
<value><real>3.00</real></value>
</performance>
<performance>
<criterionID>psy</criterionID>
<value><real>2.00</real></value>
</performance>
<performance>
<criterionID>soz</criterionID>
<value><NA>NA</NA></value>
</performance>
<performance>
<criterionID>vw</criterionID>
<value><real>1.00</real></value>
</performance>
</alternativePerformances>
<alternativePerformances>
<alternativeID>berh</alternativeID>
<performance>
<criterionID>bio</criterionID>
<value><real>3.00</real></value>
</performance>
<performance>
<criterionID>bw</criterionID>
<value><real>2.00</real></value>
</performance>
<performance>
<criterionID>chem</criterionID>
<value><real>1.00</real></value>
</performance>
<performance>
<criterionID>elek</criterionID>
<value><NA>NA</NA></value>
</performance>
<performance>
<criterionID>germ</criterionID>
<value><real>3.00</real></value>
</performance>
<performance>
<criterionID>info</criterionID>
<value><real>2.00</real></value>
</performance>
<performance>
<criterionID>jura</criterionID>
<value><real>3.00</real></value>
</performance>
<performance>
<criterionID>maba</criterionID>
<value><NA>NA</NA></value>
</performance>
<performance>
<criterionID>math</criterionID>
<value><real>2.00</real></value>
</performance>
<performance>
<criterionID>med</criterionID>
<value><real>3.00</real></value>
</performance>
<performance>
<criterionID>phys</criterionID>
<value><real>3.00</real></value>
</performance>
<performance>
<criterionID>pol</criterionID>
<value><real>3.00</real></value>
</performance>
<performance>
<criterionID>psy</criterionID>
<value><real>2.00</real></value>
</performance>
<performance>
<criterionID>soz</criterionID>
<value><real>3.00</real></value>
</performance>
<performance>
<criterionID>vw</criterionID>
<value><real>3.00</real></value>
</performance>
</alternativePerformances>
<alternativePerformances>
<alternativeID>bertu</alternativeID>
<performance>
<criterionID>bio</criterionID>
<value><NA>NA</NA></value>
</performance>
<performance>
<criterionID>bw</criterionID>
<value><real>2.00</real></value>
</performance>
<performance>
<criterionID>chem</criterionID>
<value><real>1.00</real></value>
</performance>
<performance>
<criterionID>elek</criterionID>
<value><real>2.00</real></value>
</performance>
<performance>
<criterionID>germ</criterionID>
<value><real>1.00</real></value>
</performance>
<performance>
<criterionID>info</criterionID>
<value><real>2.00</real></value>
</performance>
<performance>
<criterionID>jura</criterionID>
<value><NA>NA</NA></value>
</performance>
<performance>
<criterionID>maba</criterionID>
<value><real>1.00</real></value>
</performance>
<performance>
<criterionID>math</criterionID>
<value><real>2.00</real></value>
</performance>
<performance>
<criterionID>med</criterionID>
<value><NA>NA</NA></value>
</performance>
<performance>
<criterionID>phys</criterionID>
<value><real>1.00</real></value>
</performance>
<performance>
<criterionID>pol</criterionID>
<value><NA>NA</NA></value>
</performance>
<performance>
<criterionID>psy</criterionID>
<value><real>1.00</real></value>
</performance>
<performance>
<criterionID>soz</criterionID>
<value><real>3.00</real></value>
</performance>
<performance>
<criterionID>vw</criterionID>
<value><real>1.00</real></value>
</performance>
</alternativePerformances>
<alternativePerformances>
<alternativeID>bie</alternativeID>
<performance>
<criterionID>bio</criterionID>
<value><real>1.00</real></value>
</performance>
<performance>
<criterionID>bw</criterionID>
<value><real>1.00</real></value>
</performance>
<performance>
<criterionID>chem</criterionID>
<value><real>1.00</real></value>
</performance>
<performance>
<criterionID>elek</criterionID>
<value><NA>NA</NA></value>
</performance>
<performance>
<criterionID>germ</criterionID>
<value><real>1.00</real></value>
</performance>
<performance>
<criterionID>info</criterionID>
<value><real>2.00</real></value>
</performance>
<performance>
<criterionID>jura</criterionID>
<value><real>1.00</real></value>
</performance>
<performance>
<criterionID>maba</criterionID>
<value><NA>NA</NA></value>
</performance>
<performance>
<criterionID>math</criterionID>
<value><real>1.00</real></value>
</performance>
<performance>
<criterionID>med</criterionID>
<value><NA>NA</NA></value>
</performance>
<performance>
<criterionID>phys</criterionID>
<value><real>1.00</real></value>
</performance>
<performance>
<criterionID>pol</criterionID>
<value><NA>NA</NA></value>
</performance>
<performance>
<criterionID>psy</criterionID>
<value><real>1.00</real></value>
</performance>
<performance>
<criterionID>soz</criterionID>
<value><real>3.00</real></value>
</performance>
<performance>
<criterionID>vw</criterionID>
<value><NA>NA</NA></value>
</performance>
</alternativePerformances>
<alternativePerformances>
<alternativeID>boc</alternativeID>
<performance>
<criterionID>bio</criterionID>
<value><real>1.00</real></value>
</performance>
<performance>
<criterionID>bw</criterionID>
<value><NA>NA</NA></value>
</performance>
<performance>
<criterionID>chem</criterionID>
<value><real>1.00</real></value>
</performance>
<performance>
<criterionID>elek</criterionID>
<value><real>2.00</real></value>
</performance>
<performance>
<criterionID>germ</criterionID>
<value><real>2.00</real></value>
</performance>
<performance>
<criterionID>info</criterionID>
<value><NA>NA</NA></value>
</performance>
<performance>
<criterionID>jura</criterionID>
<value><real>1.00</real></value>
</performance>
<performance>
<criterionID>maba</criterionID>
<value><real>1.00</real></value>
</performance>
<performance>
<criterionID>math</criterionID>
<value><real>2.00</real></value>
</performance>
<performance>
<criterionID>med</criterionID>
<value><real>2.00</real></value>
</performance>
<performance>
<criterionID>phys</criterionID>
<value><real>1.00</real></value>
</performance>
<performance>
<criterionID>pol</criterionID>
<value><NA>NA</NA></value>
</performance>
<performance>
<criterionID>psy</criterionID>
<value><real>1.00</real></value>
</performance>
<performance>
<criterionID>soz</criterionID>
<value><NA>NA</NA></value>
</performance>
<performance>
<criterionID>vw</criterionID>
<value><NA>NA</NA></value>
</performance>
</alternativePerformances>
<alternativePerformances>
<alternativeID>bon</alternativeID>
<performance>
<criterionID>bio</criterionID>
<value><real>1.00</real></value>
</performance>
<performance>
<criterionID>bw</criterionID>
<value><NA>NA</NA></value>
</performance>
<performance>
<criterionID>chem</criterionID>
<value><real>1.00</real></value>
</performance>
<performance>
<criterionID>elek</criterionID>
<value><NA>NA</NA></value>
</performance>
<performance>
<criterionID>germ</criterionID>
<value><real>2.00</real></value>
</performance>
<performance>
<criterionID>info</criterionID>
<value><real>1.00</real></value>
</performance>
<performance>
<criterionID>jura</criterionID>
<value><real>3.00</real></value>
</performance>
<performance>
<criterionID>maba</criterionID>
<value><NA>NA</NA></value>
</performance>
<performance>
<criterionID>math</criterionID>
<value><real>2.00</real></value>
</performance>
<performance>
<criterionID>med</criterionID>
<value><real>3.00</real></value>
</performance>
<performance>
<criterionID>phys</criterionID>
<value><real>2.00</real></value>
</performance>
<performance>
<criterionID>pol</criterionID>
<value><real>2.00</real></value>
</performance>
<performance>
<criterionID>psy</criterionID>
<value><real>2.00</real></value>
</performance>
<performance>
<criterionID>soz</criterionID>
<value><real>3.00</real></value>
</performance>
<performance>
<criterionID>vw</criterionID>
<value><real>2.00</real></value>
</performance>
</alternativePerformances>
<alternativePerformances>
<alternativeID>brau</alternativeID>
<performance>
<criterionID>bio</criterionID>
<value><real>2.00</real></value>
</performance>
<performance>
<criterionID>bw</criterionID>
<value><real>2.00</real></value>
</performance>
<performance>
<criterionID>chem</criterionID>
<value><real>1.00</real></value>
</performance>
<performance>
<criterionID>elek</criterionID>
<value><real>2.00</real></value>
</performance>
<performance>
<criterionID>germ</criterionID>
<value><real>2.00</real></value>
</performance>
<performance>
<criterionID>info</criterionID>
<value><real>1.00</real></value>
</performance>
<performance>
<criterionID>jura</criterionID>
<value><NA>NA</NA></value>
</performance>
<performance>
<criterionID>maba</criterionID>
<value><real>2.00</real></value>
</performance>
<performance>
<criterionID>math</criterionID>
<value><real>1.00</real></value>
</performance>
<performance>
<criterionID>med</criterionID>
<value><NA>NA</NA></value>
</performance>
<performance>
<criterionID>phys</criterionID>
<value><real>2.00</real></value>
</performance>
<performance>
<criterionID>pol</criterionID>
<value><real>1.00</real></value>
</performance>
<performance>
<criterionID>psy</criterionID>
<value><NA>NA</NA></value>
</performance>
<performance>
<criterionID>soz</criterionID>
<value><real>1.00</real></value>
</performance>
<performance>
<criterionID>vw</criterionID>
<value><NA>NA</NA></value>
</performance>
</alternativePerformances>
<alternativePerformances>
<alternativeID>brem</alternativeID>
<performance>
<criterionID>bio</criterionID>
<value><real>2.00</real></value>
</performance>
<performance>
<criterionID>bw</criterionID>
<value><real>2.00</real></value>
</performance>
<performance>
<criterionID>chem</criterionID>
<value><NA>NA</NA></value>
</performance>
<performance>
<criterionID>elek</criterionID>
<value><real>1.00</real></value>
</performance>
<performance>
<criterionID>germ</criterionID>
<value><real>3.00</real></value>
</performance>
<performance>
<criterionID>info</criterionID>
<value><real>1.00</real></value>
</performance>
<performance>
<criterionID>jura</criterionID>
<value><real>1.00</real></value>
</performance>
<performance>
<criterionID>maba</criterionID>
<value><NA>NA</NA></value>
</performance>
<performance>
<criterionID>math</criterionID>
<value><NA>NA</NA></value>
</performance>
<performance>
<criterionID>med</criterionID>
<value><NA>NA</NA></value>
</performance>
<performance>
<criterionID>phys</criterionID>
<value><real>2.00</real></value>
</performance>
<performance>
<criterionID>pol</criterionID>
<value><real>2.00</real></value>
</performance>
<performance>
<criterionID>psy</criterionID>
<value><real>1.00</real></value>
</performance>
<performance>
<criterionID>soz</criterionID>
<value><real>2.00</real></value>
</performance>
<performance>
<criterionID>vw</criterionID>
<value><NA>NA</NA></value>
</performance>
</alternativePerformances>
<alternativePerformances>
<alternativeID>chem</alternativeID>
<performance>
<criterionID>bio</criterionID>
<value><NA>NA</NA></value>
</performance>
<performance>
<criterionID>bw</criterionID>
<value><real>2.00</real></value>
</performance>
<performance>
<criterionID>chem</criterionID>
<value><NA>NA</NA></value>
</performance>
<performance>
<criterionID>elek</criterionID>
<value><real>3.00</real></value>
</performance>
<performance>
<criterionID>germ</criterionID>
<value><real>2.00</real></value>
</performance>
<performance>
<criterionID>info</criterionID>
<value><real>3.00</real></value>
</performance>
<performance>
<criterionID>jura</criterionID>
<value><NA>NA</NA></value>
</performance>
<performance>
<criterionID>maba</criterionID>
<value><real>1.00</real></value>
</performance>
<performance>
<criterionID>math</criterionID>
<value><NA>NA</NA></value>
</performance>
<performance>
<criterionID>med</criterionID>
<value><NA>NA</NA></value>
</performance>
<performance>
<criterionID>phys</criterionID>
<value><NA>NA</NA></value>
</performance>
<performance>
<criterionID>pol</criterionID>
<value><real>2.00</real></value>
</performance>
<performance>
<criterionID>psy</criterionID>
<value><real>3.00</real></value>
</performance>
<performance>
<criterionID>soz</criterionID>
<value><real>1.00</real></value>
</performance>
<performance>
<criterionID>vw</criterionID>
<value><NA>NA</NA></value>
</performance>
</alternativePerformances>
<alternativePerformances>
<alternativeID>darm</alternativeID>
<performance>
<criterionID>bio</criterionID>
<value><real>1.00</real></value>
</performance>
<performance>
<criterionID>bw</criterionID>
<value><NA>NA</NA></value>
</performance>
<performance>
<criterionID>chem</criterionID>
<value><real>2.00</real></value>
</performance>
<performance>
<criterionID>elek</criterionID>
<value><NA>NA</NA></value>
</performance>
<performance>
<criterionID>germ</criterionID>
<value><real>1.00</real></value>
</performance>
<performance>
<criterionID>info</criterionID>
<value><real>3.00</real></value>
</performance>
<performance>
<criterionID>jura</criterionID>
<value><NA>NA</NA></value>
</performance>
<performance>
<criterionID>maba</criterionID>
<value><real>3.00</real></value>
</performance>
<performance>
<criterionID>math</criterionID>
<value><real>2.00</real></value>
</performance>
<performance>
<criterionID>med</criterionID>
<value><NA>NA</NA></value>
</performance>
<performance>
<criterionID>phys</criterionID>
<value><real>3.00</real></value>
</performance>
<performance>
<criterionID>pol</criterionID>
<value><real>3.00</real></value>
</performance>
<performance>
<criterionID>psy</criterionID>
<value><real>2.00</real></value>
</performance>
<performance>
<criterionID>soz</criterionID>
<value><real>1.00</real></value>
</performance>
<performance>
<criterionID>vw</criterionID>
<value><NA>NA</NA></value>
</performance>
</alternativePerformances>
<alternativePerformances>
<alternativeID>dres</alternativeID>
<performance>
<criterionID>bio</criterionID>
<value><real>3.00</real></value>
</performance>
<performance>
<criterionID>bw</criterionID>
<value><real>2.00</real></value>
</performance>
<performance>
<criterionID>chem</criterionID>
<value><real>2.00</real></value>
</performance>
<performance>
<criterionID>elek</criterionID>
<value><real>2.00</real></value>
</performance>
<performance>
<criterionID>germ</criterionID>
<value><real>2.00</real></value>
</performance>
<performance>
<criterionID>info</criterionID>
<value><real>2.00</real></value>
</performance>
<performance>
<criterionID>jura</criterionID>
<value><real>1.00</real></value>
</performance>
<performance>
<criterionID>maba</criterionID>
<value><real>2.00</real></value>
</performance>
<performance>
<criterionID>math</criterionID>
<value><real>2.00</real></value>
</performance>
<performance>
<criterionID>med</criterionID>
<value><real>1.00</real></value>
</performance>
<performance>
<criterionID>phys</criterionID>
<value><real>2.00</real></value>
</performance>
<performance>
<criterionID>pol</criterionID>
<value><real>2.00</real></value>
</performance>
<performance>
<criterionID>psy</criterionID>
<value><real>3.00</real></value>
</performance>
<performance>
<criterionID>soz</criterionID>
<value><real>3.00</real></value>
</performance>
<performance>
<criterionID>vw</criterionID>
<value><real>3.00</real></value>
</performance>
</alternativePerformances>
<alternativePerformances>
<alternativeID>dsd</alternativeID>
<performance>
<criterionID>bio</criterionID>
<value><real>1.00</real></value>
</performance>
<performance>
<criterionID>bw</criterionID>
<value><real>1.00</real></value>
</performance>
<performance>
<criterionID>chem</criterionID>
<value><real>1.00</real></value>
</performance>
<performance>
<criterionID>elek</criterionID>
<value><NA>NA</NA></value>
</performance>
<performance>
<criterionID>germ</criterionID>
<value><real>2.00</real></value>
</performance>
<performance>
<criterionID>info</criterionID>
<value><NA>NA</NA></value>
</performance>
<performance>
<criterionID>jura</criterionID>
<value><real>2.00</real></value>
</performance>
<performance>
<criterionID>maba</criterionID>
<value><NA>NA</NA></value>
</performance>
<performance>
<criterionID>math</criterionID>
<value><NA>NA</NA></value>
</performance>
<performance>
<criterionID>med</criterionID>
<value><real>2.00</real></value>
</performance>
<performance>
<criterionID>phys</criterionID>
<value><NA>NA</NA></value>
</performance>
<performance>
<criterionID>pol</criterionID>
<value><NA>NA</NA></value>
</performance>
<performance>
<criterionID>psy</criterionID>
<value><real>1.00</real></value>
</performance>
<performance>
<criterionID>soz</criterionID>
<value><real>1.00</real></value>
</performance>
<performance>
<criterionID>vw</criterionID>
<value><NA>NA</NA></value>
</performance>
</alternativePerformances>
<alternativePerformances>
<alternativeID>duis</alternativeID>
<performance>
<criterionID>bio</criterionID>
<value><NA>NA</NA></value>
</performance>
<performance>
<criterionID>bw</criterionID>
<value><real>1.00</real></value>
</performance>
<performance>
<criterionID>chem</criterionID>
<value><real>1.00</real></value>
</performance>
<performance>
<criterionID>elek</criterionID>
<value><real>1.00</real></value>
</performance>
<performance>
<criterionID>germ</criterionID>
<value><real>1.00</real></value>
</performance>
<performance>
<criterionID>info</criterionID>
<value><real>3.00</real></value>
</performance>
<performance>
<criterionID>jura</criterionID>
<value><NA>NA</NA></value>
</performance>
<performance>
<criterionID>maba</criterionID>
<value><real>1.00</real></value>
</performance>
<performance>
<criterionID>math</criterionID>
<value><real>1.00</real></value>
</performance>
<performance>
<criterionID>med</criterionID>
<value><real>1.00</real></value>
</performance>
<performance>
<criterionID>phys</criterionID>
<value><real>1.00</real></value>
</performance>
<performance>
<criterionID>pol</criterionID>
<value><real>1.00</real></value>
</performance>
<performance>
<criterionID>psy</criterionID>
<value><NA>NA</NA></value>
</performance>
<performance>
<criterionID>soz</criterionID>
<value><real>1.00</real></value>
</performance>
<performance>
<criterionID>vw</criterionID>
<value><NA>NA</NA></value>
</performance>
</alternativePerformances>
<alternativePerformances>
<alternativeID>erl</alternativeID>
<performance>
<criterionID>bio</criterionID>
<value><real>2.00</real></value>
</performance>
<performance>
<criterionID>bw</criterionID>
<value><real>3.00</real></value>
</performance>
<performance>
<criterionID>chem</criterionID>
<value><real>1.00</real></value>
</performance>
<performance>
<criterionID>elek</criterionID>
<value><real>2.00</real></value>
</performance>
<performance>
<criterionID>germ</criterionID>
<value><real>3.00</real></value>
</performance>
<performance>
<criterionID>info</criterionID>
<value><real>2.00</real></value>
</performance>
<performance>
<criterionID>jura</criterionID>
<value><real>1.00</real></value>
</performance>
<performance>
<criterionID>maba</criterionID>
<value><real>2.00</real></value>
</performance>
<performance>
<criterionID>math</criterionID>
<value><real>3.00</real></value>
</performance>
<performance>
<criterionID>med</criterionID>
<value><real>1.00</real></value>
</performance>
<performance>
<criterionID>phys</criterionID>
<value><real>2.00</real></value>
</performance>
<performance>
<criterionID>pol</criterionID>
<value><real>1.00</real></value>
</performance>
<performance>
<criterionID>psy</criterionID>
<value><real>2.00</real></value>
</performance>
<performance>
<criterionID>soz</criterionID>
<value><real>2.00</real></value>
</performance>
<performance>
<criterionID>vw</criterionID>
<value><NA>NA</NA></value>
</performance>
</alternativePerformances>
<alternativePerformances>
<alternativeID>fran</alternativeID>
<performance>
<criterionID>bio</criterionID>
<value><real>1.00</real></value>
</performance>
<performance>
<criterionID>bw</criterionID>
<value><real>1.00</real></value>
</performance>
<performance>
<criterionID>chem</criterionID>
<value><real>2.00</real></value>
</performance>
<performance>
<criterionID>elek</criterionID>
<value><NA>NA</NA></value>
</performance>
<performance>
<criterionID>germ</criterionID>
<value><real>1.00</real></value>
</performance>
<performance>
<criterionID>info</criterionID>
<value><real>1.00</real></value>
</performance>
<performance>
<criterionID>jura</criterionID>
<value><real>1.00</real></value>
</performance>
<performance>
<criterionID>maba</criterionID>
<value><NA>NA</NA></value>
</performance>
<performance>
<criterionID>math</criterionID>
<value><real>2.00</real></value>
</performance>
<performance>
<criterionID>med</criterionID>
<value><real>2.00</real></value>
</performance>
<performance>
<criterionID>phys</criterionID>
<value><real>3.00</real></value>
</performance>
<performance>
<criterionID>pol</criterionID>
<value><real>1.00</real></value>
</performance>
<performance>
<criterionID>psy</criterionID>
<value><real>1.00</real></value>
</performance>
<performance>
<criterionID>soz</criterionID>
<value><real>1.00</real></value>
</performance>
<performance>
<criterionID>vw</criterionID>
<value><real>2.00</real></value>
</performance>
</alternativePerformances>
<alternativePerformances>
<alternativeID>frei</alternativeID>
<performance>
<criterionID>bio</criterionID>
<value><real>3.00</real></value>
</performance>
<performance>
<criterionID>bw</criterionID>
<value><NA>NA</NA></value>
</performance>
<performance>
<criterionID>chem</criterionID>
<value><real>3.00</real></value>
</performance>
<performance>
<criterionID>elek</criterionID>
<value><NA>NA</NA></value>
</performance>
<performance>
<criterionID>germ</criterionID>
<value><real>3.00</real></value>
</performance>
<performance>
<criterionID>info</criterionID>
<value><real>3.00</real></value>
</performance>
<performance>
<criterionID>jura</criterionID>
<value><real>3.00</real></value>
</performance>
<performance>
<criterionID>maba</criterionID>
<value><NA>NA</NA></value>
</performance>
<performance>
<criterionID>math</criterionID>
<value><real>3.00</real></value>
</performance>
<performance>
<criterionID>med</criterionID>
<value><real>3.00</real></value>
</performance>
<performance>
<criterionID>phys</criterionID>
<value><real>3.00</real></value>
</performance>
<performance>
<criterionID>pol</criterionID>
<value><real>3.00</real></value>
</performance>
<performance>
<criterionID>psy</criterionID>
<value><real>3.00</real></value>
</performance>
<performance>
<criterionID>soz</criterionID>
<value><real>3.00</real></value>
</performance>
<performance>
<criterionID>vw</criterionID>
<value><real>2.00</real></value>
</performance>
</alternativePerformances>
<alternativePerformances>
<alternativeID>gie</alternativeID>
<performance>
<criterionID>bio</criterionID>
<value><real>1.00</real></value>
</performance>
<performance>
<criterionID>bw</criterionID>
<value><real>1.00</real></value>
</performance>
<performance>
<criterionID>chem</criterionID>
<value><NA>NA</NA></value>
</performance>
<performance>
<criterionID>elek</criterionID>
<value><NA>NA</NA></value>
</performance>
<performance>
<criterionID>germ</criterionID>
<value><real>2.00</real></value>
</performance>
<performance>
<criterionID>info</criterionID>
<value><NA>NA</NA></value>
</performance>
<performance>
<criterionID>jura</criterionID>
<value><real>1.00</real></value>
</performance>
<performance>
<criterionID>maba</criterionID>
<value><NA>NA</NA></value>
</performance>
<performance>
<criterionID>math</criterionID>
<value><NA>NA</NA></value>
</performance>
<performance>
<criterionID>med</criterionID>
<value><real>2.00</real></value>
</performance>
<performance>
<criterionID>phys</criterionID>
<value><real>1.00</real></value>
</performance>
<performance>
<criterionID>pol</criterionID>
<value><real>3.00</real></value>
</performance>
<performance>
<criterionID>psy</criterionID>
<value><real>1.00</real></value>
</performance>
<performance>
<criterionID>soz</criterionID>
<value><NA>NA</NA></value>
</performance>
<performance>
<criterionID>vw</criterionID>
<value><NA>NA</NA></value>
</performance>
</alternativePerformances>
<alternativePerformances>
<alternativeID>goet</alternativeID>
<performance>
<criterionID>bio</criterionID>
<value><real>1.00</real></value>
</performance>
<performance>
<criterionID>bw</criterionID>
<value><real>2.00</real></value>
</performance>
<performance>
<criterionID>chem</criterionID>
<value><real>1.00</real></value>
</performance>
<performance>
<criterionID>elek</criterionID>
<value><NA>NA</NA></value>
</performance>
<performance>
<criterionID>germ</criterionID>
<value><real>3.00</real></value>
</performance>
<performance>
<criterionID>info</criterionID>
<value><NA>NA</NA></value>
</performance>
<performance>
<criterionID>jura</criterionID>
<value><real>2.00</real></value>
</performance>
<performance>
<criterionID>maba</criterionID>
<value><NA>NA</NA></value>
</performance>
<performance>
<criterionID>math</criterionID>
<value><real>3.00</real></value>
</performance>
<performance>
<criterionID>med</criterionID>
<value><real>1.00</real></value>
</performance>
<performance>
<criterionID>phys</criterionID>
<value><real>2.00</real></value>
</performance>
<performance>
<criterionID>pol</criterionID>
<value><real>2.00</real></value>
</performance>
<performance>
<criterionID>psy</criterionID>
<value><real>2.00</real></value>
</performance>
<performance>
<criterionID>soz</criterionID>
<value><real>2.00</real></value>
</performance>
<performance>
<criterionID>vw</criterionID>
<value><real>2.00</real></value>
</performance>
</alternativePerformances>
<alternativePerformances>
<alternativeID>ham</alternativeID>
<performance>
<criterionID>bio</criterionID>
<value><real>2.00</real></value>
</performance>
<performance>
<criterionID>bw</criterionID>
<value><real>1.00</real></value>
</performance>
<performance>
<criterionID>chem</criterionID>
<value><real>1.00</real></value>
</performance>
<performance>
<criterionID>elek</criterionID>
<value><NA>NA</NA></value>
</performance>
<performance>
<criterionID>germ</criterionID>
<value><real>3.00</real></value>
</performance>
<performance>
<criterionID>info</criterionID>
<value><real>2.00</real></value>
</performance>
<performance>
<criterionID>jura</criterionID>
<value><real>1.00</real></value>
</performance>
<performance>
<criterionID>maba</criterionID>
<value><NA>NA</NA></value>
</performance>
<performance>
<criterionID>math</criterionID>
<value><real>1.00</real></value>
</performance>
<performance>
<criterionID>med</criterionID>
<value><real>1.00</real></value>
</performance>
<performance>
<criterionID>phys</criterionID>
<value><real>1.00</real></value>
</performance>
<performance>
<criterionID>pol</criterionID>
<value><real>3.00</real></value>
</performance>
<performance>
<criterionID>psy</criterionID>
<value><real>1.00</real></value>
</performance>
<performance>
<criterionID>soz</criterionID>
<value><real>2.00</real></value>
</performance>
<performance>
<criterionID>vw</criterionID>
<value><real>1.00</real></value>
</performance>
</alternativePerformances>
<alternativePerformances>
<alternativeID>han</alternativeID>
<performance>
<criterionID>bio</criterionID>
<value><real>3.00</real></value>
</performance>
<performance>
<criterionID>bw</criterionID>
<value><NA>NA</NA></value>
</performance>
<performance>
<criterionID>chem</criterionID>
<value><real>1.00</real></value>
</performance>
<performance>
<criterionID>elek</criterionID>
<value><real>1.00</real></value>
</performance>
<performance>
<criterionID>germ</criterionID>
<value><real>1.00</real></value>
</performance>
<performance>
<criterionID>info</criterionID>
<value><real>3.00</real></value>
</performance>
<performance>
<criterionID>jura</criterionID>
<value><real>1.00</real></value>
</performance>
<performance>
<criterionID>maba</criterionID>
<value><real>1.00</real></value>
</performance>
<performance>
<criterionID>math</criterionID>
<value><real>2.00</real></value>
</performance>
<performance>
<criterionID>med</criterionID>
<value><NA>NA</NA></value>
</performance>
<performance>
<criterionID>phys</criterionID>
<value><real>1.00</real></value>
</performance>
<performance>
<criterionID>pol</criterionID>
<value><real>1.00</real></value>
</performance>
<performance>
<criterionID>psy</criterionID>
<value><NA>NA</NA></value>
</performance>
<performance>
<criterionID>soz</criterionID>
<value><NA>NA</NA></value>
</performance>
<performance>
<criterionID>vw</criterionID>
<value><NA>NA</NA></value>
</performance>
</alternativePerformances>
<alternativePerformances>
<alternativeID>hei</alternativeID>
<performance>
<criterionID>bio</criterionID>
<value><real>3.00</real></value>
</performance>
<performance>
<criterionID>bw</criterionID>
<value><NA>NA</NA></value>
</performance>
<performance>
<criterionID>chem</criterionID>
<value><real>3.00</real></value>
</performance>
<performance>
<criterionID>elek</criterionID>
<value><NA>NA</NA></value>
</performance>
<performance>
<criterionID>germ</criterionID>
<value><real>3.00</real></value>
</performance>
<performance>
<criterionID>info</criterionID>
<value><NA>NA</NA></value>
</performance>
<performance>
<criterionID>jura</criterionID>
<value><real>3.00</real></value>
</performance>
<performance>
<criterionID>maba</criterionID>
<value><NA>NA</NA></value>
</performance>
<performance>
<criterionID>math</criterionID>
<value><real>3.00</real></value>
</performance>
<performance>
<criterionID>med</criterionID>
<value><real>3.00</real></value>
</performance>
<performance>
<criterionID>phys</criterionID>
<value><real>2.00</real></value>
</performance>
<performance>
<criterionID>pol</criterionID>
<value><real>3.00</real></value>
</performance>
<performance>
<criterionID>psy</criterionID>
<value><real>2.00</real></value>
</performance>
<performance>
<criterionID>soz</criterionID>
<value><real>1.00</real></value>
</performance>
<performance>
<criterionID>vw</criterionID>
<value><real>2.00</real></value>
</performance>
</alternativePerformances>
<alternativePerformances>
<alternativeID>jena</alternativeID>
<performance>
<criterionID>bio</criterionID>
<value><real>2.00</real></value>
</performance>
<performance>
<criterionID>bw</criterionID>
<value><real>3.00</real></value>
</performance>
<performance>
<criterionID>chem</criterionID>
<value><real>3.00</real></value>
</performance>
<performance>
<criterionID>elek</criterionID>
<value><NA>NA</NA></value>
</performance>
<performance>
<criterionID>germ</criterionID>
<value><real>3.00</real></value>
</performance>
<performance>
<criterionID>info</criterionID>
<value><real>3.00</real></value>
</performance>
<performance>
<criterionID>jura</criterionID>
<value><real>2.00</real></value>
</performance>
<performance>
<criterionID>maba</criterionID>
<value><NA>NA</NA></value>
</performance>
<performance>
<criterionID>math</criterionID>
<value><NA>NA</NA></value>
</performance>
<performance>
<criterionID>med</criterionID>
<value><real>2.00</real></value>
</performance>
<performance>
<criterionID>phys</criterionID>
<value><real>3.00</real></value>
</performance>
<performance>
<criterionID>pol</criterionID>
<value><real>2.00</real></value>
</performance>
<performance>
<criterionID>psy</criterionID>
<value><real>2.00</real></value>
</performance>
<performance>
<criterionID>soz</criterionID>
<value><real>1.00</real></value>
</performance>
<performance>
<criterionID>vw</criterionID>
<value><NA>NA</NA></value>
</performance>
</alternativePerformances>
<alternativePerformances>
<alternativeID>kiel</alternativeID>
<performance>
<criterionID>bio</criterionID>
<value><real>2.00</real></value>
</performance>
<performance>
<criterionID>bw</criterionID>
<value><real>2.00</real></value>
</performance>
<performance>
<criterionID>chem</criterionID>
<value><real>1.00</real></value>
</performance>
<performance>
<criterionID>elek</criterionID>
<value><real>2.00</real></value>
</performance>
<performance>
<criterionID>germ</criterionID>
<value><real>1.00</real></value>
</performance>
<performance>
<criterionID>info</criterionID>
<value><real>2.00</real></value>
</performance>
<performance>
<criterionID>jura</criterionID>
<value><real>2.00</real></value>
</performance>
<performance>
<criterionID>maba</criterionID>
<value><NA>NA</NA></value>
</performance>
<performance>
<criterionID>math</criterionID>
<value><NA>NA</NA></value>
</performance>
<performance>
<criterionID>med</criterionID>
<value><real>2.00</real></value>
</performance>
<performance>
<criterionID>phys</criterionID>
<value><real>2.00</real></value>
</performance>
<performance>
<criterionID>pol</criterionID>
<value><real>1.00</real></value>
</performance>
<performance>
<criterionID>psy</criterionID>
<value><real>1.00</real></value>
</performance>
<performance>
<criterionID>soz</criterionID>
<value><NA>NA</NA></value>
</performance>
<performance>
<criterionID>vw</criterionID>
<value><real>1.00</real></value>
</performance>
</alternativePerformances>
<alternativePerformances>
<alternativeID>koel</alternativeID>
<performance>
<criterionID>bio</criterionID>
<value><real>2.00</real></value>
</performance>
<performance>
<criterionID>bw</criterionID>
<value><real>2.00</real></value>
</performance>
<performance>
<criterionID>chem</criterionID>
<value><real>1.00</real></value>
</performance>
<performance>
<criterionID>elek</criterionID>
<value><NA>NA</NA></value>
</performance>
<performance>
<criterionID>germ</criterionID>
<value><real>1.00</real></value>
</performance>
<performance>
<criterionID>info</criterionID>
<value><NA>NA</NA></value>
</performance>
<performance>
<criterionID>jura</criterionID>
<value><real>2.00</real></value>
</performance>
<performance>
<criterionID>maba</criterionID>
<value><NA>NA</NA></value>
</performance>
<performance>
<criterionID>math</criterionID>
<value><real>2.00</real></value>
</performance>
<performance>
<criterionID>med</criterionID>
<value><real>2.00</real></value>
</performance>
<performance>
<criterionID>phys</criterionID>
<value><real>1.00</real></value>
</performance>
<performance>
<criterionID>pol</criterionID>
<value><real>2.00</real></value>
</performance>
<performance>
<criterionID>psy</criterionID>
<value><real>2.00</real></value>
</performance>
<performance>
<criterionID>soz</criterionID>
<value><real>3.00</real></value>
</performance>
<performance>
<criterionID>vw</criterionID>
<value><real>3.00</real></value>
</performance>
</alternativePerformances>
<alternativePerformances>
<alternativeID>kons</alternativeID>
<performance>
<criterionID>bio</criterionID>
<value><real>3.00</real></value>
</performance>
<performance>
<criterionID>bw</criterionID>
<value><NA>NA</NA></value>
</performance>
<performance>
<criterionID>chem</criterionID>
<value><real>3.00</real></value>
</performance>
<performance>
<criterionID>elek</criterionID>
<value><NA>NA</NA></value>
</performance>
<performance>
<criterionID>germ</criterionID>
<value><real>2.00</real></value>
</performance>
<performance>
<criterionID>info</criterionID>
<value><real>3.00</real></value>
</performance>
<performance>
<criterionID>jura</criterionID>
<value><real>3.00</real></value>
</performance>
<performance>
<criterionID>maba</criterionID>
<value><NA>NA</NA></value>
</performance>
<performance>
<criterionID>math</criterionID>
<value><NA>NA</NA></value>
</performance>
<performance>
<criterionID>med</criterionID>
<value><NA>NA</NA></value>
</performance>
<performance>
<criterionID>phys</criterionID>
<value><real>2.00</real></value>
</performance>
<performance>
<criterionID>pol</criterionID>
<value><real>3.00</real></value>
</performance>
<performance>
<criterionID>psy</criterionID>
<value><real>2.00</real></value>
</performance>
<performance>
<criterionID>soz</criterionID>
<value><real>2.00</real></value>
</performance>
<performance>
<criterionID>vw</criterionID>
<value><real>3.00</real></value>
</performance>
</alternativePerformances>
<alternativePerformances>
<alternativeID>ksl</alternativeID>
<performance>
<criterionID>bio</criterionID>
<value><real>1.00</real></value>
</performance>
<performance>
<criterionID>bw</criterionID>
<value><real>3.00</real></value>
</performance>
<performance>
<criterionID>chem</criterionID>
<value><real>2.00</real></value>
</performance>
<performance>
<criterionID>elek</criterionID>
<value><real>3.00</real></value>
</performance>
<performance>
<criterionID>germ</criterionID>
<value><NA>NA</NA></value>
</performance>
<performance>
<criterionID>info</criterionID>
<value><real>2.00</real></value>
</performance>
<performance>
<criterionID>jura</criterionID>
<value><NA>NA</NA></value>
</performance>
<performance>
<criterionID>maba</criterionID>
<value><real>3.00</real></value>
</performance>
<performance>
<criterionID>math</criterionID>
<value><real>3.00</real></value>
</performance>
<performance>
<criterionID>med</criterionID>
<value><NA>NA</NA></value>
</performance>
<performance>
<criterionID>phys</criterionID>
<value><real>2.00</real></value>
</performance>
<performance>
<criterionID>pol</criterionID>
<value><NA>NA</NA></value>
</performance>
<performance>
<criterionID>psy</criterionID>
<value><NA>NA</NA></value>
</performance>
<performance>
<criterionID>soz</criterionID>
<value><NA>NA</NA></value>
</performance>
<performance>
<criterionID>vw</criterionID>
<value><NA>NA</NA></value>
</performance>
</alternativePerformances>
<alternativePerformances>
<alternativeID>leip</alternativeID>
<performance>
<criterionID>bio</criterionID>
<value><real>3.00</real></value>
</performance>
<performance>
<criterionID>bw</criterionID>
<value><real>2.00</real></value>
</performance>
<performance>
<criterionID>chem</criterionID>
<value><real>3.00</real></value>
</performance>
<performance>
<criterionID>elek</criterionID>
<value><NA>NA</NA></value>
</performance>
<performance>
<criterionID>germ</criterionID>
<value><real>3.00</real></value>
</performance>
<performance>
<criterionID>info</criterionID>
<value><real>3.00</real></value>
</performance>
<performance>
<criterionID>jura</criterionID>
<value><real>2.00</real></value>
</performance>
<performance>
<criterionID>maba</criterionID>
<value><NA>NA</NA></value>
</performance>
<performance>
<criterionID>math</criterionID>
<value><NA>NA</NA></value>
</performance>
<performance>
<criterionID>med</criterionID>
<value><real>3.00</real></value>
</performance>
<performance>
<criterionID>phys</criterionID>
<value><real>3.00</real></value>
</performance>
<performance>
<criterionID>pol</criterionID>
<value><real>3.00</real></value>
</performance>
<performance>
<criterionID>psy</criterionID>
<value><real>3.00</real></value>
</performance>
<performance>
<criterionID>soz</criterionID>
<value><real>3.00</real></value>
</performance>
<performance>
<criterionID>vw</criterionID>
<value><NA>NA</NA></value>
</performance>
</alternativePerformances>
<alternativePerformances>
<alternativeID>main</alternativeID>
<performance>
<criterionID>bio</criterionID>
<value><real>1.00</real></value>
</performance>
<performance>
<criterionID>bw</criterionID>
<value><real>2.00</real></value>
</performance>
<performance>
<criterionID>chem</criterionID>
<value><real>2.00</real></value>
</performance>
<performance>
<criterionID>elek</criterionID>
<value><NA>NA</NA></value>
</performance>
<performance>
<criterionID>germ</criterionID>
<value><real>2.00</real></value>
</performance>
<performance>
<criterionID>info</criterionID>
<value><NA>NA</NA></value>
</performance>
<performance>
<criterionID>jura</criterionID>
<value><real>2.00</real></value>
</performance>
<performance>
<criterionID>maba</criterionID>
<value><NA>NA</NA></value>
</performance>
<performance>
<criterionID>math</criterionID>
<value><real>1.00</real></value>
</performance>
<performance>
<criterionID>med</criterionID>
<value><real>1.00</real></value>
</performance>
<performance>
<criterionID>phys</criterionID>
<value><real>2.00</real></value>
</performance>
<performance>
<criterionID>pol</criterionID>
<value><real>2.00</real></value>
</performance>
<performance>
<criterionID>psy</criterionID>
<value><real>1.00</real></value>
</performance>
<performance>
<criterionID>soz</criterionID>
<value><real>3.00</real></value>
</performance>
<performance>
<criterionID>vw</criterionID>
<value><real>1.00</real></value>
</performance>
</alternativePerformances>
<alternativePerformances>
<alternativeID>marb</alternativeID>
<performance>
<criterionID>bio</criterionID>
<value><real>2.00</real></value>
</performance>
<performance>
<criterionID>bw</criterionID>
<value><real>2.00</real></value>
</performance>
<performance>
<criterionID>chem</criterionID>
<value><real>3.00</real></value>
</performance>
<performance>
<criterionID>elek</criterionID>
<value><NA>NA</NA></value>
</performance>
<performance>
<criterionID>germ</criterionID>
<value><real>2.00</real></value>
</performance>
<performance>
<criterionID>info</criterionID>
<value><real>2.00</real></value>
</performance>
<performance>
<criterionID>jura</criterionID>
<value><real>1.00</real></value>
</performance>
<performance>
<criterionID>maba</criterionID>
<value><NA>NA</NA></value>
</performance>
<performance>
<criterionID>math</criterionID>
<value><NA>NA</NA></value>
</performance>
<performance>
<criterionID>med</criterionID>
<value><real>2.00</real></value>
</performance>
<performance>
<criterionID>phys</criterionID>
<value><real>3.00</real></value>
</performance>
<performance>
<criterionID>pol</criterionID>
<value><real>1.00</real></value>
</performance>
<performance>
<criterionID>psy</criterionID>
<value><real>1.00</real></value>
</performance>
<performance>
<criterionID>soz</criterionID>
<value><real>3.00</real></value>
</performance>
<performance>
<criterionID>vw</criterionID>
<value><NA>NA</NA></value>
</performance>
</alternativePerformances>
<alternativePerformances>
<alternativeID>mnh</alternativeID>
<performance>
<criterionID>bio</criterionID>
<value><NA>NA</NA></value>
</performance>
<performance>
<criterionID>bw</criterionID>
<value><real>3.00</real></value>
</performance>
<performance>
<criterionID>chem</criterionID>
<value><NA>NA</NA></value>
</performance>
<performance>
<criterionID>elek</criterionID>
<value><NA>NA</NA></value>
</performance>
<performance>
<criterionID>germ</criterionID>
<value><real>1.00</real></value>
</performance>
<performance>
<criterionID>info</criterionID>
<value><real>3.00</real></value>
</performance>
<performance>
<criterionID>jura</criterionID>
<value><real>2.00</real></value>
</performance>
<performance>
<criterionID>maba</criterionID>
<value><NA>NA</NA></value>
</performance>
<performance>
<criterionID>math</criterionID>
<value><NA>NA</NA></value>
</performance>
<performance>
<criterionID>med</criterionID>
<value><NA>NA</NA></value>
</performance>
<performance>
<criterionID>phys</criterionID>
<value><NA>NA</NA></value>
</performance>
<performance>
<criterionID>pol</criterionID>
<value><real>2.00</real></value>
</performance>
<performance>
<criterionID>psy</criterionID>
<value><real>3.00</real></value>
</performance>
<performance>
<criterionID>soz</criterionID>
<value><real>2.00</real></value>
</performance>
<performance>
<criterionID>vw</criterionID>
<value><real>3.00</real></value>
</performance>
</alternativePerformances>
<alternativePerformances>
<alternativeID>mnst</alternativeID>
<performance>
<criterionID>bio</criterionID>
<value><real>1.00</real></value>
</performance>
<performance>
<criterionID>bw</criterionID>
<value><real>3.00</real></value>
</performance>
<performance>
<criterionID>chem</criterionID>
<value><real>2.00</real></value>
</performance>
<performance>
<criterionID>elek</criterionID>
<value><NA>NA</NA></value>
</performance>
<performance>
<criterionID>germ</criterionID>
<value><real>2.00</real></value>
</performance>
<performance>
<criterionID>info</criterionID>
<value><real>3.00</real></value>
</performance>
<performance>
<criterionID>jura</criterionID>
<value><real>2.00</real></value>
</performance>
<performance>
<criterionID>maba</criterionID>
<value><NA>NA</NA></value>
</performance>
<performance>
<criterionID>math</criterionID>
<value><real>2.00</real></value>
</performance>
<performance>
<criterionID>med</criterionID>
<value><real>3.00</real></value>
</performance>
<performance>
<criterionID>phys</criterionID>
<value><real>1.00</real></value>
</performance>
<performance>
<criterionID>pol</criterionID>
<value><real>2.00</real></value>
</performance>
<performance>
<criterionID>psy</criterionID>
<value><real>3.00</real></value>
</performance>
<performance>
<criterionID>soz</criterionID>
<value><real>3.00</real></value>
</performance>
<performance>
<criterionID>vw</criterionID>
<value><real>2.00</real></value>
</performance>
</alternativePerformances>
<alternativePerformances>
<alternativeID>mu</alternativeID>
<performance>
<criterionID>bio</criterionID>
<value><real>1.00</real></value>
</performance>
<performance>
<criterionID>bw</criterionID>
<value><real>3.00</real></value>
</performance>
<performance>
<criterionID>chem</criterionID>
<value><real>3.00</real></value>
</performance>
<performance>
<criterionID>elek</criterionID>
<value><NA>NA</NA></value>
</performance>
<performance>
<criterionID>germ</criterionID>
<value><real>3.00</real></value>
</performance>
<performance>
<criterionID>info</criterionID>
<value><real>3.00</real></value>
</performance>
<performance>
<criterionID>jura</criterionID>
<value><real>3.00</real></value>
</performance>
<performance>
<criterionID>maba</criterionID>
<value><NA>NA</NA></value>
</performance>
<performance>
<criterionID>math</criterionID>
<value><real>3.00</real></value>
</performance>
<performance>
<criterionID>med</criterionID>
<value><real>3.00</real></value>
</performance>
<performance>
<criterionID>phys</criterionID>
<value><real>3.00</real></value>
</performance>
<performance>
<criterionID>pol</criterionID>
<value><real>3.00</real></value>
</performance>
<performance>
<criterionID>psy</criterionID>
<value><real>3.00</real></value>
</performance>
<performance>
<criterionID>soz</criterionID>
<value><real>2.00</real></value>
</performance>
<performance>
<criterionID>vw</criterionID>
<value><real>3.00</real></value>
</performance>
</alternativePerformances>
<alternativePerformances>
<alternativeID>reg</alternativeID>
<performance>
<criterionID>bio</criterionID>
<value><real>3.00</real></value>
</performance>
<performance>
<criterionID>bw</criterionID>
<value><real>2.00</real></value>
</performance>
<performance>
<criterionID>chem</criterionID>
<value><real>2.00</real></value>
</performance>
<performance>
<criterionID>elek</criterionID>
<value><NA>NA</NA></value>
</performance>
<performance>
<criterionID>germ</criterionID>
<value><real>2.00</real></value>
</performance>
<performance>
<criterionID>info</criterionID>
<value><NA>NA</NA></value>
</performance>
<performance>
<criterionID>jura</criterionID>
<value><real>2.00</real></value>
</performance>
<performance>
<criterionID>maba</criterionID>
<value><NA>NA</NA></value>
</performance>
<performance>
<criterionID>math</criterionID>
<value><real>2.00</real></value>
</performance>
<performance>
<criterionID>med</criterionID>
<value><real>2.00</real></value>
</performance>
<performance>
<criterionID>phys</criterionID>
<value><real>2.00</real></value>
</performance>
<performance>
<criterionID>pol</criterionID>
<value><real>1.00</real></value>
</performance>
<performance>
<criterionID>psy</criterionID>
<value><real>3.00</real></value>
</performance>
<performance>
<criterionID>soz</criterionID>
<value><NA>NA</NA></value>
</performance>
<performance>
<criterionID>vw</criterionID>
<value><real>1.00</real></value>
</performance>
</alternativePerformances>
<alternativePerformances>
<alternativeID>saar</alternativeID>
<performance>
<criterionID>bio</criterionID>
<value><NA>NA</NA></value>
</performance>
<performance>
<criterionID>bw</criterionID>
<value><real>1.00</real></value>
</performance>
<performance>
<criterionID>chem</criterionID>
<value><real>2.00</real></value>
</performance>
<performance>
<criterionID>elek</criterionID>
<value><NA>NA</NA></value>
</performance>
<performance>
<criterionID>germ</criterionID>
<value><real>3.00</real></value>
</performance>
<performance>
<criterionID>info</criterionID>
<value><real>3.00</real></value>
</performance>
<performance>
<criterionID>jura</criterionID>
<value><real>3.00</real></value>
</performance>
<performance>
<criterionID>maba</criterionID>
<value><NA>NA</NA></value>
</performance>
<performance>
<criterionID>math</criterionID>
<value><NA>NA</NA></value>
</performance>
<performance>
<criterionID>med</criterionID>
<value><real>2.00</real></value>
</performance>
<performance>
<criterionID>phys</criterionID>
<value><real>2.00</real></value>
</performance>
<performance>
<criterionID>pol</criterionID>
<value><NA>NA</NA></value>
</performance>
<performance>
<criterionID>psy</criterionID>
<value><real>1.00</real></value>
</performance>
<performance>
<criterionID>soz</criterionID>
<value><NA>NA</NA></value>
</performance>
<performance>
<criterionID>vw</criterionID>
<value><NA>NA</NA></value>
</performance>
</alternativePerformances>
<alternativePerformances>
<alternativeID>stu</alternativeID>
<performance>
<criterionID>bio</criterionID>
<value><real>3.00</real></value>
</performance>
<performance>
<criterionID>bw</criterionID>
<value><real>3.00</real></value>
</performance>
<performance>
<criterionID>chem</criterionID>
<value><real>2.00</real></value>
</performance>
<performance>
<criterionID>elek</criterionID>
<value><real>3.00</real></value>
</performance>
<performance>
<criterionID>germ</criterionID>
<value><real>1.00</real></value>
</performance>
<performance>
<criterionID>info</criterionID>
<value><real>3.00</real></value>
</performance>
<performance>
<criterionID>jura</criterionID>
<value><NA>NA</NA></value>
</performance>
<performance>
<criterionID>maba</criterionID>
<value><real>3.00</real></value>
</performance>
<performance>
<criterionID>math</criterionID>
<value><real>3.00</real></value>
</performance>
<performance>
<criterionID>med</criterionID>
<value><NA>NA</NA></value>
</performance>
<performance>
<criterionID>phys</criterionID>
<value><real>3.00</real></value>
</performance>
<performance>
<criterionID>pol</criterionID>
<value><real>2.00</real></value>
</performance>
<performance>
<criterionID>psy</criterionID>
<value><NA>NA</NA></value>
</performance>
<performance>
<criterionID>soz</criterionID>
<value><NA>NA</NA></value>
</performance>
<performance>
<criterionID>vw</criterionID>
<value><NA>NA</NA></value>
</performance>
</alternativePerformances>
<alternativePerformances>
<alternativeID>tri</alternativeID>
<performance>
<criterionID>bio</criterionID>
<value><NA>NA</NA></value>
</performance>
<performance>
<criterionID>bw</criterionID>
<value><real>2.00</real></value>
</performance>
<performance>
<criterionID>chem</criterionID>
<value><NA>NA</NA></value>
</performance>
<performance>
<criterionID>elek</criterionID>
<value><NA>NA</NA></value>
</performance>
<performance>
<criterionID>germ</criterionID>
<value><real>2.00</real></value>
</performance>
<performance>
<criterionID>info</criterionID>
<value><real>1.00</real></value>
</performance>
<performance>
<criterionID>jura</criterionID>
<value><real>2.00</real></value>
</performance>
<performance>
<criterionID>maba</criterionID>
<value><NA>NA</NA></value>
</performance>
<performance>
<criterionID>math</criterionID>
<value><real>3.00</real></value>
</performance>
<performance>
<criterionID>med</criterionID>
<value><NA>NA</NA></value>
</performance>
<performance>
<criterionID>phys</criterionID>
<value><NA>NA</NA></value>
</performance>
<performance>
<criterionID>pol</criterionID>
<value><real>2.00</real></value>
</performance>
<performance>
<criterionID>psy</criterionID>
<value><real>1.00</real></value>
</performance>
<performance>
<criterionID>soz</criterionID>
<value><real>2.00</real></value>
</performance>
<performance>
<criterionID>vw</criterionID>
<value><real>2.00</real></value>
</performance>
</alternativePerformances>
<alternativePerformances>
<alternativeID>tueb</alternativeID>
<performance>
<criterionID>bio</criterionID>
<value><real>3.00</real></value>
</performance>
<performance>
<criterionID>bw</criterionID>
<value><real>2.00</real></value>
</performance>
<performance>
<criterionID>chem</criterionID>
<value><real>3.00</real></value>
</performance>
<performance>
<criterionID>elek</criterionID>
<value><NA>NA</NA></value>
</performance>
<performance>
<criterionID>germ</criterionID>
<value><real>3.00</real></value>
</performance>
<performance>
<criterionID>info</criterionID>
<value><real>2.00</real></value>
</performance>
<performance>
<criterionID>jura</criterionID>
<value><real>3.00</real></value>
</performance>
<performance>
<criterionID>maba</criterionID>
<value><NA>NA</NA></value>
</performance>
<performance>
<criterionID>math</criterionID>
<value><NA>NA</NA></value>
</performance>
<performance>
<criterionID>med</criterionID>
<value><real>3.00</real></value>
</performance>
<performance>
<criterionID>phys</criterionID>
<value><real>3.00</real></value>
</performance>
<performance>
<criterionID>pol</criterionID>
<value><real>2.00</real></value>
</performance>
<performance>
<criterionID>psy</criterionID>
<value><real>1.00</real></value>
</performance>
<performance>
<criterionID>soz</criterionID>
<value><real>1.00</real></value>
</performance>
<performance>
<criterionID>vw</criterionID>
<value><real>3.00</real></value>
</performance>
</alternativePerformances>
<alternativePerformances>
<alternativeID>tum</alternativeID>
<performance>
<criterionID>bio</criterionID>
<value><real>3.00</real></value>
</performance>
<performance>
<criterionID>bw</criterionID>
<value><real>3.00</real></value>
</performance>
<performance>
<criterionID>chem</criterionID>
<value><real>3.00</real></value>
</performance>
<performance>
<criterionID>elek</criterionID>
<value><real>3.00</real></value>
</performance>
<performance>
<criterionID>germ</criterionID>
<value><NA>NA</NA></value>
</performance>
<performance>
<criterionID>info</criterionID>
<value><real>3.00</real></value>
</performance>
<performance>
<criterionID>jura</criterionID>
<value><NA>NA</NA></value>
</performance>
<performance>
<criterionID>maba</criterionID>
<value><real>3.00</real></value>
</performance>
<performance>
<criterionID>math</criterionID>
<value><real>3.00</real></value>
</performance>
<performance>
<criterionID>med</criterionID>
<value><real>3.00</real></value>
</performance>
<performance>
<criterionID>phys</criterionID>
<value><real>3.00</real></value>
</performance>
<performance>
<criterionID>pol</criterionID>
<value><NA>NA</NA></value>
</performance>
<performance>
<criterionID>psy</criterionID>
<value><NA>NA</NA></value>
</performance>
<performance>
<criterionID>soz</criterionID>
<value><NA>NA</NA></value>
</performance>
<performance>
<criterionID>vw</criterionID>
<value><NA>NA</NA></value>
</performance>
</alternativePerformances>
<alternativePerformances>
<alternativeID>wrzb</alternativeID>
<performance>
<criterionID>bio</criterionID>
<value><real>2.00</real></value>
</performance>
<performance>
<criterionID>bw</criterionID>
<value><real>2.00</real></value>
</performance>
<performance>
<criterionID>chem</criterionID>
<value><real>3.00</real></value>
</performance>
<performance>
<criterionID>elek</criterionID>
<value><NA>NA</NA></value>
</performance>
<performance>
<criterionID>germ</criterionID>
<value><real>3.00</real></value>
</performance>
<performance>
<criterionID>info</criterionID>
<value><real>2.00</real></value>
</performance>
<performance>
<criterionID>jura</criterionID>
<value><real>2.00</real></value>
</performance>
<performance>
<criterionID>maba</criterionID>
<value><NA>NA</NA></value>
</performance>
<performance>
<criterionID>math</criterionID>
<value><NA>NA</NA></value>
</performance>
<performance>
<criterionID>med</criterionID>
<value><real>3.00</real></value>
</performance>
<performance>
<criterionID>phys</criterionID>
<value><real>2.00</real></value>
</performance>
<performance>
<criterionID>pol</criterionID>
<value><real>2.00</real></value>
</performance>
<performance>
<criterionID>psy</criterionID>
<value><real>2.00</real></value>
</performance>
<performance>
<criterionID>soz</criterionID>
<value><NA>NA</NA></value>
</performance>
<performance>
<criterionID>vw</criterionID>
<value><real>2.00</real></value>
</performance>
</alternativePerformances>
</performanceTable>
</xmcda:XMCDA>
